=== 24-HOUR DEBUGGING START: Sat Jun  6 08:52:13 UTC 2026 ===
Start Epoch: 1780735933, Target End Epoch: 1781081533
--- Launching SafeView under GDB (Restart Count: 0, Remaining Time: s) at Sat Jun  6 08:52:13 UTC 2026 ---
gdb: warning: Couldn't determine a path for the index cache directory.
[Thread debugging using libthread_db enabled]
Using host libthread_db library "/usr/lib/libthread_db.so.1".
[Detaching after vfork from child process 2249685]
[Detaching after vfork from child process 2249686]
[H[J
========================================APP START=================================================
Use camera!!! video_channels: 0123
[Detaching after vfork from child process 2249687]
[New Thread 0x7ff3ffeb60 (LWP 2249689)]
[New Thread 0x7ff37eeb60 (LWP 2249690)]
[New Thread 0x7ff2fdeb60 (LWP 2249691)]
[New Thread 0x7ff27ceb60 (LWP 2249692)]
[New Thread 0x7ff1fbeb60 (LWP 2249693)]
[New Thread 0x7ff17aeb60 (LWP 2249694)]
[New Thread 0x7ff0f9eb60 (LWP 2249695)]
[New Thread 0x7ff078eb60 (LWP 2249697)]
[Detaching after vfork from child process 2249696]
[Detaching after vfork from child process 2249698]
sh: line 1: echo: write error: Device or resource busy
sh: line 1: echo: write error: Device or resource busy
[1;37m[DVR][0m [37mINFO[0m Configuration loaded from: dvr_conf.json
[1;37m[APP][0m [37mINFO[0m AppConf: loaded 'app_conf.json'
 [0m┌─────────────────────────────────────────────────────────────────┐
 [0m│ DVR Configuration                                              [0m │
 [0m├─────────────────────────────────────────────────────────────────┤
 [0m│ Storage                                                        [0m │
 [0m│   Device: /dev/nvme0n1p1                                       [0m │
 [0m│   Path  : /mnt/udisk                                           [0m │
 [0m├─────────────────────────────────────────────────────────────────┤
 [0m│ Recording Modes          Normal      Event       Parking       [0m │
 [0m│   Folder Name            Normal      Event       Parking       [0m │
 [0m│   Max Size (MB)          10000       10000       10000         [0m │
 [0m│   Recording Time (s)     60          10+20       60            [0m │
 [0m├─────────────────────────────────────────────────────────────────┤
 [0m│ FPS Settings             AVM         Internal    Parking       [0m │
 [0m│   Frames Per Second      30          30          5             [0m │
 [0m├─────────────────────────────────────────────────────────────────┤
 [0m│ Resolution Settings      AVM         Internal                  [0m │
 [0m│   Source (camera)        1920x1080   1920x1080                 [0m │
 [0m│   Recording              1920x1080   1280x720                  [0m │
 [0m├─────────────────────────────────────────────────────────────────┤
 [0m│ Audio Settings                                                 [0m │
 [0m│   Enabled              : Yes                                   [0m │
 [0m│   Device               : hw:0,0                                [0m │
 [0m│   Sample Rate          : 44100 Hz                              [0m │
 [0m│   Channels             : Stereo                                [0m │
 [0m│   Bit Depth            : 16-bit                                [0m │
 [0m│   AAC Bitrate          : 256 kbps                              [0m │
 [0m├─────────────────────────────────────────────────────────────────┤
 [0m│ System Settings                                                [0m │
 [0m│   Recording Channels   : 4                                     [0m │
 [0m│   Parking Mode         : Inactive                              [0m │
 [0m│   Vibration Level      : 1                                     [0m │
 [0m└─────────────────────────────────────────────────────────────────┘


[1;37m[APP][0m [1;36m=== Initializing Display with io_platform ===[0m
gpio108 already initialize.
gpio109 already initialize.
gpio110 already initialize.
gpio111 already initialize.

------------------GPIO Taxi Task Started------------------

[1;37m[IO][0m [1;36m=== Display Initialization ===[0m
[1;37m[IO][0m [1;32mOK[0m Using /dev/dri/card0
[1[New Thread 0x7fefe89b60 (LWP 2249700)]
[New Thread 0x7fef679b60 (LWP 2249701)]
[New Thread 0x7feee69b60 (LWP 2249702)]
[New Thread 0x7fee659b60 (LWP 2249703)]
[New Thread 0x7fede49b60 (LWP 2249704)]
[New Thread 0x7fed639b60 (LWP 2249705)]
[New Thread 0x7fece29b60 (LWP 2249706)]
[New Thread 0x7fe7ffeb60 (LWP 2249707)]
[New Thread 0x7fe77eeb60 (LWP 2249708)]
[New Thread 0x7fe6fdeb60 (LWP 2249709)]
[New Thread 0x7fe67ceb60 (LWP 2249710)]
[New Thread 0x7fe5fbeb60 (LWP 2249711)]
[Detaching after vfork from child process 2249712]
[New Thread 0x7fe57aeb60 (LWP 2249713)]
;37m[IO][0m [1;32mOK[0m Connector card0-HDMI-A-1: 1920x1080@60Hz (CRTC 72)
arm_release_ver: g13p0-01eac0, rk_so_ver: 11
[1;37m[IO][0m [1;32mOK[0m EGL 1.4 initialized
[1;37m[IO][0m [1;32mOK[0m EGL contexts created
[1;37m[IO][0m [1;32mOK[0m GStreamer GL context initialized
[1;37m[IO][0m [36mDEBUG[0m Display size set to 1920x1080, mouse initialized to (960.0, 540.0)
[1;37m[IO][0m [37mINFO[0m InputReader configured for display: 1920x1080 (requested: 1920x1080)
[1;37m[IO][0m [93mWARN[0m No suitable input devices found
[1;37m[IO][0m [1;32mOK[0m DRM input initialized (0 devices)
[1;37m[IO][0m [36mDEBUG[0m stdin is not a terminal, terminal input disabled
 [0m┌──────────────────────────────────────────────────────────────────────┐
 [0m│ Platform: DRM/KMS                                                   [0m │
 [0m├──────────────────────────────────────────────────────────────────────┤
 [0m│ Available Displays:                                                 [0m │
 [0m│   [1;32mcard0-HDMI-A-1: 1920x1080@60Hz [ACTIVE][0m                           [0m │
 [0m│   [2mcard0-DP-1: Disconnected[0m                                          [0m │
 [0m├──────────────────────────────────────────────────────────────────────┤
 [0m│ Input Devices: 0 connected                                          [0m │
 [0m│   No input devices detected                                         [0m │
 [0m└──────────────────────────────────────────────────────────────────────┘

[1;37m[APP][0m [1;32mOK[0m io_platform initialized successfully
[1;37m[APP][0m [37mINFO[0m Display size: 1920x1080
[1;37m[IO][0m [37mINFO[0m GL context now current on thread 8360720896162430489
------------------Initialize GPIO done------------------
[1;37m[APP][0m [1;32mOK[0m mainGLCanvas initialized
Loaded collection 'ui' with 70 textures
[1;37m[IO][0m [37mINFO[0m GL context released - available for any thread

************************GST_CAMERA_PROCESS************************

------------------Init_AI_Detector------------------
[New Thread 0x7fe4f37b60 (LWP 2249714)]
[New Thread 0x7fcb162b60 (LWP 2249715)]
[New Thread 0x7fbeffdb60 (LWP 2249716)]
[New Thread 0x7fb67edb60 (LWP 2249717)]
[New Thread 0x7fbe7edb60 (LWP 2249718)]
[RKNN Context 0] Using NPU Core 0
[RKNN Context 0] Successfully set core mask

************************AICAM_UI_PROCESS************************

[1;37m[APP][0m [1;36m=== Entering main loop ===[0m

[1;37m[APP][0m [1;36m=== AICam UI Thread Starting ===[0m
[1;37m[IO][0m [37mINFO[0m GL context now current on thread 10051729628759410884

[1;37m[APP][0m [1;36m=== AppBase: Initializing ===[0m
[1;37m[APP][0m [37mINFO[0m AppBase: Initializing FontManager...
[1;37m[APP][0m [1;32mOK[0m AppBase: FontManager initialized
[RKNN Context 1] Using NPU Core 1
[RKNN Context 1] Successfully set core mask
[RKNN Context 2] Using NPU Core 0
[RKNN Context 2] Successfully set core mask
[RKNN Context 3] Using NPU Core 1
[RKNN Context 3] Successfully set core mask
------------------Init_AI_Detector_done------------------
[New Thread 0x7fbdfddb60 (LWP 2249719)]

[1;37m[GST][0m [1;36m=== GstCamera Pipeline ===[0m
[32mgst-launch-1.0 
v4l2src device=/dev/video0 io-mode=dmabuf ! video/x-raw,format=NV12,width=1920,height=1080,framerate=30/1 ! tee name=t0 
v4l2src device=/dev/video1 io-mode=dmabuf ! video/x-raw,format=NV12,width=1920,height=1080,framerate=30/1 ! tee name=t1 
v4l2src device=/dev/video2 io-mode=dmabuf ! video/x-raw,format=NV12,width=1920,height=1080,framerate=30/1 ! tee name=t2 
v4l2src device=/dev/video3 io-mode=dmabuf ! video/x-raw,format=NV12,width=1920,height=1080,framerate=30/1 ! tee name=t3 
t0. ! queue ! glupload ! glcolorconvert ! video/x-raw(memory:GLMemory),format=RGB ! appsink name=gl_sink0 
t1. ! queue ! glupload ! glcolorconvert ! video/x-raw(memory:GLMemory),format=RGB ! appsink name=gl_sink1 
t2. ! queue ! glupload ! glcolorconvert ! video/x-raw(memory:GLMemory),format=RGB ! appsink name=gl_sink2 
t3. ! queue ! glupload ! glcolorconvert ! video/x-raw(memory:GLMemory),format=RGB ! appsink name=gl_sink3 
t0. ! queue ! rgaconvert ! video/x-raw,format=RGB,width=416,height=416 ! appsink name=mod_sink0 
t1. ! queue ! rgaconvert ! video/x-raw,format=RGB,width=416,height=416 ! appsink name=mod_sink1 
t2. ! queue ! rgaconvert ! video/x-raw,format=RGB,width=416,height=416 ! appsink name=mod_sink2 
t3. ! queue ! rgaconvert ! video/x-raw,format=RGB,width=416,height=416 ! appsink name=mod_sink3 
t0. ! queue ! videorate name=rate0 drop-only=true ! capsfilter name=capsfilt0 caps=video/x-raw,framerate=30/1
 ! mpph265enc name=encoder0 bps=4000000 bps-min=3600000 bps-max=4800000 gop=30 rc-mode=1 qp-min=10 qp-max=51 header-mode=1 ! h265parse ! video/x-h265,stream-format=hvc1,alignment=au ! appsink name=dvr_sink0 
t1. ! queue ! videorate name=rate1 drop-only=true ! capsfilter name=capsfilt1 caps=video/x-raw,framerate=30/1
 ! mpph265enc name=encoder1 bps=4000000 bps-min=3600000 bps-max=4800000 gop=30 rc-mode=1 qp-min=10 qp-max=51 header-mode=1 ! h265parse ! video/x-h265,stream-format=hvc1,alignment=au ! appsink name=dvr_sink1 
t2. ! queue ! videorate name=rate2 drop-only=true ! capsfilter name=capsfilt2 caps=video/x-raw,framerate=30/1
 ! mpph265enc name=encoder2 bps=4000000 bps-min=3600000 bps-max=4800000 gop=30 rc-mode=1 qp-min=10 qp-max=51 header-mode=1 ! h265parse ! video/x-h265,stream-format=hvc1,alignment=au ! appsink name=dvr_sink2 
t3. ! queue ! videorate name=rate3 drop-only=true ! capsfilter name=capsfilt3 caps=video/x-raw,framerate=30/1
 ! mpph265enc name=encoder3 bps=4000000 bps-min=3600000 bps-max=4800000 gop=30 rc-mode=1 qp-min=10 qp-max=51 header-mode=1 ! h265parse ! video/x-h265,stream-format=hvc1,alignment=au ! appsink name=dvr_sink3 
alsasrc device=hw:0,0 ! audio/x-raw,format=S16LE,rate=44100,channels=2,layout=interleaved ! queue ! audioconvert ! audiowsinclimit name=am_hp mode=high-pass cutoff=80 ! audiowsinclimit name=am_lp mode=low-pass cutoff=4000 ! audiodynamic characteristics=hard-knee mode=compressor threshold=0.15 ratio=3.0 ! volume name=am_vol volume=4.0 ! audioresample ! avenc_aac bitrate=256000 ! aacparse ! audio/mpeg,mpegversion=4,stream-format=raw ! appsink name=am_sink 
[0m
[1;37m[APP][0m [1;32mOK[0m AppBase: Loaded 1 font(s)

[1;37m[APP][0m [1;36m=== AppShell: Initializing ===[0m
[1;37m[IO][0m [37mINFO[0m Display power timeout set to 0 seconds (mode: black-frame)
[1;37m[APP][0m [37mINFO[0m AppShell: Loading textures
Loaded collection 'ui' with 70 textures
[New Thread 0x7fc8f0eb60 (LWP 2249726)]
[Thread 0x7fc8f0eb60 (LWP 2249726) exited]
[New Thread 0x7fc8f0eb60 (LWP 2249727)]
[Thread 0x7fc8f0eb60 (LWP 2249727) exited]
[New Thread 0x7fc8f0eb60 (LWP 2249728)]
[Thread 0x7fc8f0eb60 (LWP 2249728) exited]
[New Thread 0x7fc8f0eb60 (LWP 2249729)]
[New Thread 0x7fb5fddb60 (LWP 2249730)]
[New Thread 0x7fb57cdb60 (LWP 2249731)]
[New Thread 0x7fb4fbdb60 (LWP 2249732)]
[New Thread 0x7fa7ffeb60 (LWP 2249733)]
[New Thread 0x7fa77eeb60 (LWP 2249734)]
[New Thread 0x7fa6fdeb60 (LWP 2249735)]
[New Thread 0x7fa67ceb60 (LWP 2249736)]
[New Thread 0x7fa5fbeb60 (LWP 2249737)]
[New Thread 0x7fa57aeb60 (LWP 2249738)]
[New Thread 0x7fa4f9eb60 (LWP 2249739)]
[New Thread 0x7f87ffeb60 (LWP 2249740)]
[New Thread 0x7f877eeb60 (LWP 2249741)]
[New Thread 0x7f86fdeb60 (LWP 2249742)]
[New Thread 0x7f867ceb60 (LWP 2249743)]
[New Thread 0x7f85fbeb60 (LWP 2249744)]
[New Thread 0x7f857aeb60 (LWP 2249745)]
[New Thread 0x7f84f9eb60 (LWP 2249746)]
[New Thread 0x7f67ffeb60 (LWP 2249747)]
[New Thread 0x7f677eeb60 (LWP 2249748)]
[New Thread 0x7f66fdeb60 (LWP 2249749)]
[New Thread 0x7f667ceb60 (LWP 2249750)]
[New Thread 0x7f65fbeb60 (LWP 2249751)]
[New Thread 0x7f657aeb60 (LWP 2249752)]
[New Thread 0x7f64f9eb60 (LWP 2249754)]
[New Thread 0x7f37ffeb60 (LWP 2249755)]
[New Thread 0x7f2fffeb60 (LWP 2249756)]
[New Thread 0x7f377eeb60 (LWP 2249757)]
[New Thread 0x7f36fdeb60 (LWP 2249758)]
[New Thread 0x7f367ceb60 (LWP 2249759)]
[New Thread 0x7f35fbeb60 (LWP 2249760)]
[New Thread 0x7f357aeb60 (LWP 2249761)]
[New Thread 0x7f34f9eb60 (LWP 2249762)]
[New Thread 0x7f2f7eeb60 (LWP 2249763)]
[New Thread 0x7f2efdeb60 (LWP 2249764)]
[New Thread 0x7f2e7ceb60 (LWP 2249765)]
[New Thread 0x7f2dfbeb60 (LWP 2249766)]
[New Thread 0x7f2d7aeb60 (LWP 2249767)]
[New Thread 0x7f2cf9eb60 (LWP 2249768)]
[New Thread 0x7ef7ffeb60 (LWP 2249769)]
[New Thread 0x7ef77eeb60 (LWP 2249770)]
[New Thread 0x7ef6fdeb60 (LWP 2249771)]
[1;37m[APP][0m [1;32mOK[0m AppShell: Textures loaded from: ../resources/textures/ui
[1;37m[APP][0m [1;32mOK[0m AppShell: Status bar created
[1;37m[APP][0m [37mINFO[0m AppTaxi: Setting up main screen content
[1;37m[APP][0m [1;32mOK[0m AppTaxi: Main screen content setup complete
[1;37m[APP][0m [1;32mOK[0m AppShell: Initialized successfully
[1;37m[APP][0m [1;32mOK[0m AppBase: Initialized successfully
[1;37m[APP][0m [1;32mOK[0m AppAICam initialized
[1;37m[APP][0m [37mINFO[0m AiCam UI Thread: Entering main loop
[1;37m[IO][0m [93mWARN[0m No suitable input devices found
[1;37m[IO][0m [93mWARN[0m No suitable input devices found
[1;37m[DVR][0m [37mINFO[0m Using DvrManager (Base)
[1;37m[DVR][0m [37mINFO[0m DvrManager created
[1;37m[DVR][0m [37mINFO[0m Split mode: 1 files (4 channels per file)
[1;37m[DVR][0m [37mINFO[0m Initialized with 1 files: Ch0:30fps, Ch1:30fps, Ch2:30fps, Ch3:30fps
[1;37m[DVR][0m [37mINFO[0m Waiting for all channels (0/4 ready, timeout 8s)...
[1;37m[IO][0m [93mWARN[0m No suitable input devices found
rga_api version 1.10.1_[6]
[1;37m[DVR][0m [37mINFO[0m First frame: ch2 (1/4 channels ready)
[1;37m[DVR][0m [37mINFO[0m First frame: ch1 (3/4 channels ready)
[1;37m[DVR][0m [37mINFO[0m First frame: ch3 (2/4 channels ready)
[1;37m[DVR][0m [37mINFO[0m First frame: ch0 (4/4 channels ready)
[1;37m[DVR][0m [37mINFO[0m First frame: ch1 (5/4 channels ready)
[1;37m[IO][0m [93mWARN[0m No suitable input devices found
[1;37m[DVR][0m [37mINFO[0m Starting NORMAL recording

[1;37m[GST][0m [1;36m=== FileWriter Pipeline ===[0m
[32mmp4mux name=mux fragment-duration=1000 ! filesink name=fsink location=/mnt/udisk/VideoFiles/Normal/N_260606_085219_#0_CH4_FR30_A.mp4 
appsrc name=dvr_source0 is-live=true do-timestamp=false format=time ! queue max-size-buffers=120 max-size-time=0 max-size-bytes=0 ! mux.video_0 
appsrc name=dvr_source1 is-live=true do-timestamp=false format=time ! queue max-size-buffers=120 max-size-time=0 max-size-bytes=0 ! mux.video_1 
appsrc name=dvr_source2 is-live=true do-timestamp=false format=time ! queue max-size-buffers=120 max-size-time=0 max-size-bytes=0 ! mux.video_2 
appsrc name=dvr_source3 is-live=true do-timestamp=false format=time ! queue max-size-buffers=120 max-size-time=0 max-size-bytes=0 ! mux.video_3 
appsrc name=dvr_source1000 is-live=true do-timestamp=false format=time caps="text/x-raw,format=utf8" ! queue max-size-buffers=120 max-size-time=0 max-size-bytes=0 ! mux.subtitle_0 
appsrc name=dvr_audio_src is-live=true do-timestamp=false format=time caps=audio/mpeg,mpegversion=4,stream-format=adts ! queue max-size-buffers=200 max-size-time=0 max-size-bytes=0 flush-on-eos=true ! mux.audio_0 
[0m
[1;37m[DVR][0m [37mINFO[0m [TIMING][NORMAL] gst_parse_launch: 49ms
[1;37m[DVR][0m [37mINFO[0m [TIMING][NORMAL] parser wait: 0ms (ready=yes)
[1;37m[DVR][0m [37mINFO[0m Recording started [NORMAL]: /mnt/udisk/VideoFiles/Normal/N_260606_085219_#0_CH4_FR30_A.mp4
[1;37m[DVR][0m [37mINFO[0m   Duration: 60s | Channels: Ch0:30fps, Ch1:30fps, Ch2:30fps, Ch3:30fps | Audio: yes
[1;37m[DVR][0m [36mDEBUG[0m Audio Anchor set: srcPts=0:00:01.938276643
[1;37m[DVR][0m [36mDEBUG[0m writeAudio #0: srcPts=0:00:01.938276643 anchor(audio)=0:00:01.938276643 filePts=0:00:00.000000000
[1;37m[DVR][0m [36mDEBUG[0m Anchor set: ch3 srcPts=0:00:01.982953510
[1;37m[DVR][0m [36mDEBUG[0m Subtitle Anchor set: srcPts=0:00:02.001836005
[1;37m[DVR][0m [36mDEBUG[0m writeAudio #1: srcPts=0:00:01.961496597 anchor(video)=0:00:01.982953510 filePts=0:00:00.023219954
[1;37m[DVR][0m [36mDEBUG[0m writeAudio #2: srcPts=0:00:01.984716552 anchor(video)=0:00:01.982953510 filePts=0:00:00.046439909
[1;37m[DVR][0m [36mDEBUG[0m writeAudio #3: srcPts=0:00:02.007936507 anchor(video)=0:00:01.982953510 filePts=0:00:00.069659864
[1;37m[DVR][0m [36mDEBUG[0m writeAudio #4: srcPts=0:00:02.031156461 anchor(video)=0:00:01.982953510 filePts=0:00:00.092879818
[1;37m[IO][0m [93mWARN[0m No suitable input devices found
[1;37m[IO][0m[Detaching after vfork from child process 2249789]
[Detaching after vfork from child process 2249790]
[New Thread 0x7ef67ceb60 (LWP 2249791)]
[Detaching after vfork from child process 2249792]
[Thread 0x7ef67ceb60 (LWP 2249791) exited]
[Thread 0x7ef6fdeb60 (LWP 2249771) exited]
[New Thread 0x7ef6fdeb60 (LWP 2249810)]
[Detaching after vfork from child process 2249811]
[Thread 0x7ef6fdeb60 (LWP 2249810) exited]
[Detaching after vfork from child process 2249813]
[Detaching after vfork from child process 2249814]
[New Thread 0x7ef6fdeb60 (LWP 2249828)]
[New Thread 0x7ef67ceb60 (LWP 2249829)]
[New Thread 0x7ef5fbeb60 (LWP 2249830)]
[New Thread 0x7ef57aeb60 (LWP 2249831)]
[New Thread 0x7ef4f9eb60 (LWP 2249832)]
[New Thread 0x7ed7ffeb60 (LWP 2249833)]
[New Thread 0x7ed77eeb60 (LWP 2249834)]
[New Thread 0x7ed6fdeb60 (LWP 2249835)]
[New Thread 0x7ed67ceb60 (LWP 2249836)]
[New Thread 0x7ed5fbeb60 (LWP 2249837)]
[New Thread 0x7ed57aeb60 (LWP 2249838)]
[New Thread 0x7ed4f9eb60 (LWP 2249839)]
[New Thread 0x7ec7ffeb60 (LWP 2249840)]
 [93mWARN[0m No suitable input devices found
[1;37m[IO][0m [93mWARN[0m No suitable input devices found
[1;37m[IO][0m [93mWARN[0m No suitable input devices found
[1;37m[IO][0m [93mWARN[0m No suitable input devices found
[1;37m[IO][0m [93mWARN[0m No suitable input devices found
[1;37m[IO][0m [93mWARN[0m No suitable input devices found
[1;37m[IO][0m [93mWARN[0m No suitable input devices found
[1;37m[DVR][0m [37mINFO[0m Checking Storage
[1;37m[IO][0m [93mWARN[0m No suitable input devices found
[1;37m[IO][0m [93mWARN[0m No suitable input devices found
[1;37m[IO][0m [93mWARN[0m No suitable input devices found
[1;37m[IO][0m [93mWARN[0m No suitable input devices found
[1;37m[IO][0m [93mWARN[0m No suitable input devices found
[1;37m[IO][0m [93mWARN[0m No suitable input devices found
[1;37m[IO][0m [93mWARN[0m No suitable input devices found
[1;37m[IO][0m [93mWARN[0m No suitable input devices found
[1;37m[IO][0m [93mWARN[0m No suitable input devices found
[1;37m[IO][0m [93mWARN[0m No suitable input devices found
[1;37m[IO][0m [93mWARN[0m No suitable input devices found
[1;37m[DVR][0m [37mINFO[0m Checking Storage
[1;37m[IO][0m [93mWARN[0m No suitable input devices found
[1;37m[IO][0m [93mWARN[0m No suitable input devices found
[1;37m[IO][0m [93mWARN[0m No suitable input devices found
[1;37m[IO][0m [93mWARN[0m No suitable input devices found
[1;37m[IO][0m [93mWARN[0m No suitable input devices found
[1;37m[IO][0m [93mWARN[0m No suitable input devices found
[1;37m[IO][0m [93mWARN[0m No suitable input devices found
[1;37m[IO][0m [93mWARN[0m No suitable input devices found
[1;37m[DVR][0m [37mINFO[0m Dr.Safe PUA Activated

[1;37m[GST][0m [1;36m=== FileWriter Pipeline ===[0m
[32mmp4mux name=mux fragment-duration=1000 ! filesink name=fsink location=/mnt/udisk/VideoFiles/Event/PUA/E_260606_085245_CH4_FR30_A.mp4 
appsrc name=dvr_source0 is-live=true do-timestamp=false format=time ! queue max-size-buffers=120 max-size-time=0 max-size-bytes=0 ! mux.video_0 
appsrc name=dvr_source1 is-live=true do-timestamp=false format=time ! queue max-size-buffers=120 max-size-time=0 max-size-bytes=0 ! mux.video_1 
appsrc name=dvr_source2 is-live=true do-timestamp=false format=time ! queue max-size-buffers=120 max-size-time=0 max-size-bytes=0 ! mux.video_2 
appsrc name=dvr_source3 is-live=true do-timestamp=false format=time ! queue max-size-buffers=120 max-size-time=0 max-size-bytes=0 ! mux.video_3 
appsrc name=dvr_source2000 is-live=true do-timestamp=false format=time caps="text/x-raw,format=utf8" ! queue max-size-buffers=120 max-size-time=0 max-size-bytes=0 ! mux.subtitle_0 
appsrc name=dvr_audio_src is-live=true do-timestamp=false format=time caps=audio/mpeg,mpegversion=4,stream-format=adts ! queue max-size-buffers=200 max-size-time=0 max-size-bytes=0 flush-on-eos=true ! mux.audio_0 
[0m
[1;37m[DVR][0m [37mINFO[0m [TIMING][EVENT] gst_parse_launch: 4ms
[1;37m[DVR][0m [37mINFO[0m [TIMING] initialize: 4ms
[1;37m[DVR][0m [37mINFO[0m [TIMING][EVENT] parser wait: 0ms (ready=yes)
[1;37m[DVR][0m [37mINFO[0m [95mRecording started [EVENT]: /mnt/udisk/VideoFiles/Event/PUA/E_260606_085245_CH4_FR30_A.mp4[0m
[1;37m[DVR][0m [37mINFO[0m [95m  Duration: 10+20s | Channels: Ch0:30fps, Ch1:30fps, Ch2:30fps, Ch3:30fps | Audio: yes[0m
[1;37m[DVR][0m [37mINFO[0m [TIMING] start: 25ms
[1;37m[DVR][0m [36mDEBUG[0m Anchor set: ch3 srcPts=0:00:17.915228251
[1;37m[DVR][0m [36mDEBUG[0m Audio Anchor set: srcPts=0:00:17.936825396
[1;37m[DVR][0m [36mDEBUG[0m writeAudio #0: srcPts=0:00:17.936825396 anchor(video)=0:00:17.915228251 filePts=0:00:00.000000000
[1;37m[DVR][0m [36mDEBUG[0m writeAudio #1: srcPts=0:00:17.960045350 anchor(video)=0:00:17.915228251 filePts=0:00:00.023219954
[1;37m[DVR][0m [36mDEBUG[0m writeAudio #2: srcPts=0:00:17.983265305 anchor(video)=0:00:17.915228251 filePts=0:00:00.046439909
[1;37m[DVR][0m [36mDEBUG[0m writeAudio #3: srcPts=0:00:18.006485259 anchor(video)=0:00:17.915228251 filePts=0:00:00.069659[New Thread 0x7ec77eeb60 (LWP 2249841)]
[New Thread 0x7ec6fdeb60 (LWP 2249852)]
[Detaching after vfork from child process 2249853]
[Detaching after vfork from child process 2249855]
[Thread 0x7ec6fdeb60 (LWP 2249852) exited]
[Detaching after vfork from child process 2249857]
[Detaching after vfork from child process 2249858]
[New Thread 0x7ec6fdeb60 (LWP 2249879)]
[Detaching after vfork from child process 2249880]
[Detaching after vfork from child process 2249882]
[Thread 0x7ec6fdeb60 (LWP 2249879) exited]
[Detaching after vfork from child process 2249884]
[Detaching after vfork from child process 2249885]
[Thread 0x7ec77eeb60 (LWP 2249841) exited]
[Thread 0x7ed6fdeb60 (LWP 2249835) exited]
[Thread 0x7ed77eeb60 (LWP 2249834) exited]
[Thread 0x7ed7ffeb60 (LWP 2249833) exited]
[Thread 0x7ef4f9eb60 (LWP 2249832) exited]
[Thread 0x7ed67ceb60 (LWP 2249836) exited]
[Thread 0x7ef57aeb60 (LWP 2249831) exited]
[Thread 0x7ef5fbeb60 (LWP 2249830) exited]
[Thread 0x7ef67ceb60 (LWP 2249829) exited]
[Thread 0x7ed57aeb60 (LWP 2249838) exited]
[Thread 0x7ed4f9eb60 (LWP 2249839) exited]
[Thread 0x7ed5fbeb60 (LWP 2249837) exited]
[Thread 0x7ec7ffeb60 (LWP 2249840) exited]
[New Thread 0x7ec7ffeb60 (LWP 2249906)]
[Detaching after vfork from child process 2249907]
[Detaching after vfork from child process 2249909]
[Thread 0x7ec7ffeb60 (LWP 2249906) exited]
[Detaching after vfork from child process 2249911]
[Detaching after vfork from child process 2249912]
863
[1;37m[DVR][0m [36mDEBUG[0m writeAudio #4: srcPts=0:00:18.029705214 anchor(video)=0:00:17.915228251 filePts=0:00:00.092879818
[1;37m[DVR][0m [36mDEBUG[0m Subtitle Anchor set: srcPts=0:00:19.468081148
[1;37m[DVR][0m [37mINFO[0m [TIMING] video/audio/subtitle flush (1645 frames): 117ms
[1;37m[DVR][0m [37mINFO[0m [TIMING] startEventRecording total: 147ms
[1;37m[IO][0m [93mWARN[0m No suitable input devices found
[1;37m[IO][0m [93mWARN[0m No suitable input devices found
[1;37m[DVR][0m [37mINFO[0m Checking Storage
[1;37m[IO][0m [93mWARN[0m No suitable input devices found
[1;37m[IO][0m [93mWARN[0m No suitable input devices found
[1;37m[IO][0m [93mWARN[0m No suitable input devices found
[1;37m[IO][0m [93mWARN[0m No suitable input devices found
[1;37m[IO][0m [93mWARN[0m No suitable input devices found
[1;37m[IO][0m [93mWARN[0m No suitable input devices found
[1;37m[IO][0m [93mWARN[0m No suitable input devices found
[1;37m[IO][0m [93mWARN[0m No suitable input devices found
[1;37m[IO][0m [93mWARN[0m No suitable input devices found
[1;37m[IO][0m [93mWARN[0m No suitable input devices found
[1;37m[IO][0m [93mWARN[0m No suitable input devices found
[1;37m[DVR][0m [37mINFO[0m Checking Storage
[1;37m[IO][0m [93mWARN[0m No suitable input devices found
[1;37m[IO][0m [93mWARN[0m No suitable input devices found
[1;37m[IO][0m [93mWARN[0m No suitable input devices found
[1;37m[IO][0m [93mWARN[0m No suitable input devices found
[1;37m[IO][0m [93mWARN[0m No suitable input devices found
[1;37m[IO][0m [93mWARN[0m No suitable input devices found
[1;37m[IO][0m [93mWARN[0m No suitable input devices found
[1;37m[DVR][0m [37mINFO[0m [95mStopping [EVENT]: /mnt/udisk/VideoFiles/Event/PUA/E_260606_085245_CH4_FR30_A.mp4[0m

[1;37m[DVR][0m [1;36m=== Recording Statistics ===[0m
[1;37m[DVR][0m [37mINFO[0m Mode: EVENT | Path: [48;5;58m/mnt/udisk/VideoFiles/Event/PUA/E_260606_085245_CH4_FR30_A.mp4[0m
[1;37m[DVR][0m [37mINFO[0m Resolution: 1920x1080 | Expected: 10s+20s @ 30fps = 300+600 = 900 frames/channel | Actual Duration: 20.1s
[1;36mChannel Statistics[0m
=============================================================================
Channel      FPS          Received     Processed    Dropped      Success     
-----------------------------------------------------------------------------
Ch0          30           887          887          0            100.0%      
Ch1          30           887          887          0            100.0%      
Ch2          30           887          887          0            100.0%      
Ch3          30           887          887          0            100.0%      
SUB          30           29           29           0            100.0%      
AUDIO        -            1294         1294         0            100.0%      
TOTAL        -            3577         3577         0            100.0%      

[1;37m[DVR][0m [37mINFO[0m stop() [EVENT] audio EOS sent (+100ms)
[1;37m[IO][0m [93mWARN[0m No suitable input devices found
[1;37m[DVR][0m [37mINFO[0m stop() [EVENT] audio flush wait done (+150ms)
[1;37m[DVR][0m [37mINFO[0m stop() [EVENT] video EOS sent: yes (+150ms)
[1;37m[DVR][0m [37mINFO[0m stop() [EVENT] EOS received: type=EOS (+192ms)
[1;37m[DVR][0m [37mINFO[0m stop() NULL complete at 0ms (+195ms)
[1;37m[DVR][0m [37mINFO[0m stop() [EVENT] NULL complete (+195ms)
[1;37m[DVR][0m [37mINFO[0m [95mRecording stopped [EVENT] (total: 196ms)[0m
[1;37m[DVR][0m [1;32mOK[0m [95mEvent recording stopped[0m
[1;37m[IO][0m [93mWARN[0m No suitable input devices found
[1;37m[IO][0m [93mWARN[0m No suitable input devices found
[1;37m[DVR][0m [37mINFO[0m Checking Storage
[1;37m[IO][0m [93mWARN[0m No suitable input devices found
[1;37m[IO][0m [93mWARN[0m No suitable input devices found
[1;37m[IO][0m [93mWARN[0m No suitable input devices found
[1;37m[IO][0m [93mWARN[0m No suitable input devices found
[1;37m[IO][0m [93mWARN[0m No suitable input devices found
[1;37[New Thread 0x7ec7ffeb60 (LWP 2249935)]
[Detaching after vfork from child process 2249936]
[Detaching after vfork from child process 2249938]
[Thread 0x7ec7ffeb60 (LWP 2249935) exited]
m[IO][0m [93mWARN[0m No suitable input devices found
[1;37m[IO][0m [93mWARN[0m No suitable input devices found
[1;37m[IO][0m [93mWARN[0m No suitable input devices found
[1;37m[IO][0m [93mWARN[0m No suitable input devices found
[1;37m[IO][0m [93mWARN[0m No suitable input devices found
[1;37m[DVR][0m [37mINFO[0m Checking Storage
[1;37m[IO][0m [93mWARN[0m No suitable input devices found
[1;37m[IO][0m [93mWARN[0m No suitable input devices found
[1;37m[DVR][0m [37mINFO[0m File rotation needed
[1;37m[DVR][0m [37mINFO[0m Rotating recording files
[1;37m[DVR][0m [37mINFO[0m Stopping [NORMAL]: /mnt/udisk/VideoFiles/Normal/N_260606_085219_#0_CH4_FR30_A.mp4
[1;37m[IO][0m [93mWARN[0m No suitable input devices found

[1;37m[DVR][0m [1;36m=== Recording Statistics ===[0m
[1;37m[DVR][0m [37mINFO[0m Mode: NORMAL | Path: [48;5;58m/mnt/udisk/VideoFiles/Normal/N_260606_085219_#0_CH4_FR30_A.mp4[0m
[1;37m[DVR][0m [37mINFO[0m Resolution: 1920x1080 | Expected: 60s @ 30fps = 1800 frames/channel | Actual Duration: 60.8s
[1;36mChannel Statistics[0m
=============================================================================
Channel      FPS          Received     Processed    Dropped      Success     
-----------------------------------------------------------------------------
Ch0          30           1772         1772         0            100.0%      
Ch1          30           1774         1774         0            100.0%      
Ch2          30           1775         1775         0            100.0%      
Ch3          30           1768         1768         0            100.0%      
SUB          30           59           59           0            100.0%      
AUDIO        -            2584         2584         0            100.0%      
TOTAL        -            7148         7148         0            100.0%      

[1;37m[DVR][0m [37mINFO[0m stop() [NORMAL] audio EOS sent (+100ms)
[1;37m[DVR][0m [37mINFO[0m stop() [NORMAL] audio flush wait done (+150ms)
[1;37m[DVR][0m [37mINFO[0m stop() [NORMAL] video EOS sent: yes (+150ms)
[1;37m[DVR][0m [37mINFO[0m stop() [NORMAL] EOS received: type=EOS (+184ms)
[1;37m[DVR][0m [37mINFO[0m stop() NULL complete at 0ms (+186ms)
[1;37m[DVR][0m [37mINFO[0m stop() [NORMAL] NULL complete (+186ms)
[1;37m[DVR][0m [37mINFO[0m Recording stopped [NORMAL] (total: 186ms)
[1;37m[DVR][0m [37mINFO[0m Split mode: 1 files (4 channels per file)
[1;37m[DVR][0m [37mINFO[0m Starting NORMAL recording

[1;37m[GST][0m [1;36m=== FileWriter Pipeline ===[0m
[32mmp4mux name=mux fragment-duration=1000 ! filesink name=fsink location=/mnt/udisk/VideoFiles/Normal/N_260606_085320_#0_CH4_FR30_A.mp4 
appsrc name=dvr_source0 is-live=true do-timestamp=false format=time ! queue max-size-buffers=120 max-size-time=0 max-size-bytes=0 ! mux.video_0 
appsrc name=dvr_source1 is-live=true do-timestamp=false format=time ! queue max-size-buffers=120 max-size-time=0 max-size-bytes=0 ! mux.video_1 
appsrc name=dvr_source2 is-live=true do-timestamp=false format=time ! queue max-size-buffers=120 max-size-time=0 max-size-bytes=0 ! mux.video_2 
appsrc name=dvr_source3 is-live=true do-timestamp=false format=time ! queue max-size-buffers=120 max-size-time=0 max-size-bytes=0 ! mux.video_3 
appsrc name=dvr_source1000 is-live=true do-timestamp=false format=time caps="text/x-raw,format=utf8" ! queue max-size-buffers=120 max-size-time=0 max-size-bytes=0 ! mux.subtitle_0 
appsrc name=dvr_audio_src is-live=true do-timestamp=false format=time caps=audio/mpeg,mpegversion=4,stream-format=adts ! queue max-size-buffers=200 max-size-time=0 max-size-bytes=0 flush-on-eos=true ! mux.audio_0 
[0m
[1;37m[DVR][0m [37mINFO[0m [TIMING][NORMAL] gst_parse_launch: 2ms
[1;37m[DVR][0m [37mINFO[0m [TIMING][NORMAL] parser wait: 0ms (ready=yes)
[1;37m[DVR][0m [37mINFO[0m Recording started [NORMAL]: /mnt/udisk/VideoFiles/Normal/N_260606_085320_#0_CH4_FR30_A.mp4
[1;37m[DVR][0m [37mINFO[0m   Duration: 60s | Channels: Ch0:30fps, Ch1:30fps, Ch2:30fps, Ch3:30fps | Audio: yes
[1;37m[DV[Detaching after vfork from child process 2249952]
[Detaching after vfork from child process 2249953]
[New Thread 0x7ec7ffeb60 (LWP 2249966)]
[Detaching after vfork from child process 2249967]
[Detaching after vfork from child process 2249969]
[Thread 0x7ec7ffeb60 (LWP 2249966) exited]
[Detaching after vfork from child process 2249983]
[Detaching after vfork from child process 2249984]
[Thread 0x7ef6fdeb60 (LWP 2249828) exited]
[New Thread 0x7ef6fdeb60 (LWP 2249997)]
[Detaching after vfork from child process 2249998]
[Detaching after vfork from child process 2250000]
[Thread 0x7ef6fdeb60 (LWP 2249997) exited]
[Detaching after vfork from child process 2250019]
[Detaching after vfork from child process 2250020]
[New Thread 0x7ef6fdeb60 (LWP 2250021)]
[New Thread 0x7ec7ffeb60 (LWP 2250022)]
[New Thread 0x7ed4f9eb60 (LWP 2250023)]
[New Thread 0x7ed5fbeb60 (LWP 2250024)]
[New Thread 0x7ef67ceb60 (LWP 2250025)]
[New Thread 0x7ef5fbeb60 (LWP 2250026)]
[New Thread 0x7ef57aeb60 (LWP 2250027)]
[New Thread 0x7ef4f9eb60 (LWP 2250028)]
[New Thread 0x7ed7ffeb60 (LWP 2250029)]
[New Thread 0x7ed77eeb60 (LWP 2250030)]
[New Thread 0x7ed6fdeb60 (LWP 2250031)]
[New Thread 0x7ed67ceb60 (LWP 2250032)]
[New Thread 0x7ed57aeb60 (LWP 2250033)]
R][0m [36mDEBUG[0m Audio Anchor set: srcPts=0:01:01.938639454
[1;37m[DVR][0m [36mDEBUG[0m writeAudio #0: srcPts=0:01:01.938639454 anchor(audio)=0:01:01.938639454 filePts=0:00:00.000000000
[1;37m[DVR][0m [36mDEBUG[0m writeAudio #1: srcPts=0:01:01.961859409 anchor(audio)=0:01:01.938639454 filePts=0:00:00.023219955
[1;37m[DVR][0m [36mDEBUG[0m writeAudio #2: srcPts=0:01:01.985079364 anchor(audio)=0:01:01.938639454 filePts=0:00:00.046439910
[1;37m[DVR][0m [36mDEBUG[0m writeAudio #3: srcPts=0:01:02.008299318 anchor(audio)=0:01:01.938639454 filePts=0:00:00.069659864
[1;37m[DVR][0m [36mDEBUG[0m writeAudio #4: srcPts=0:01:02.031519273 anchor(audio)=0:01:01.938639454 filePts=0:00:00.092879819
[1;37m[DVR][0m [36mDEBUG[0m Anchor set: ch1 srcPts=0:01:01.999183660
[1;37m[DVR][0m [36mDEBUG[0m Subtitle Anchor set: srcPts=0:01:02.167885671
[1;37m[IO][0m [93mWARN[0m No suitable input devices found
[1;37m[IO][0m [93mWARN[0m No suitable input devices found
[1;37m[IO][0m [93mWARN[0m No suitable input devices found
[1;37m[IO][0m [93mWARN[0m No suitable input devices found
[1;37m[IO][0m [93mWARN[0m No suitable input devices found
[1;37m[IO][0m [93mWARN[0m No suitable input devices found
[1;37m[IO][0m [93mWARN[0m No suitable input devices found
[1;37m[IO][0m [93mWARN[0m No suitable input devices found
[1;37m[DVR][0m [37mINFO[0m Checking Storage
[1;37m[IO][0m [93mWARN[0m No suitable input devices found
[1;37m[IO][0m [93mWARN[0m No suitable input devices found
[1;37m[IO][0m [93mWARN[0m No suitable input devices found
[1;37m[IO][0m [93mWARN[0m No suitable input devices found
[1;37m[IO][0m [93mWARN[0m No suitable input devices found
[1;37m[IO][0m [93mWARN[0m No suitable input devices found
[1;37m[IO][0m [93mWARN[0m No suitable input devices found
[1;37m[IO][0m [93mWARN[0m No suitable input devices found
[1;37m[IO][0m [93mWARN[0m No suitable input devices found
[1;37m[IO][0m [93mWARN[0m No suitable input devices found
[1;37m[DVR][0m [37mINFO[0m Checking Storage
[1;37m[IO][0m [93mWARN[0m No suitable input devices found
[1;37m[IO][0m [93mWARN[0m No suitable input devices found
[1;37m[IO][0m [93mWARN[0m No suitable input devices found
[1;37m[IO][0m [93mWARN[0m No suitable input devices found
[1;37m[IO][0m [93mWARN[0m No suitable input devices found
[1;37m[IO][0m [93mWARN[0m No suitable input devices found
[1;37m[IO][0m [93mWARN[0m No suitable input devices found
[1;37m[IO][0m [93mWARN[0m No suitable input devices found
[1;37m[DVR][0m [37mINFO[0m Dr.Safe PUA Activated

[1;37m[GST][0m [1;36m=== FileWriter Pipeline ===[0m
[32mmp4mux name=mux fragment-duration=1000 ! filesink name=fsink location=/mnt/udisk/VideoFiles/Event/PUA/E_260606_085345_CH4_FR30_A.mp4 
appsrc name=dvr_source0 is-live=true do-timestamp=false format=time ! queue max-size-buffers=120 max-size-time=0 max-size-bytes=0 ! mux.video_0 
appsrc name=dvr_source1 is-live=true do-timestamp=false format=time ! queue max-size-buffers=120 max-size-time=0 max-size-bytes=0 ! mux.video_1 
appsrc name=dvr_source2 is-live=true do-timestamp=false format=time ! queue max-size-buffers=120 max-size-time=0 max-size-bytes=0 ! mux.video_2 
appsrc name=dvr_source3 is-live=true do-timestamp=false format=time ! queue max-size-buffers=120 max-size-time=0 max-size-bytes=0 ! mux.video_3 
appsrc name=dvr_source2000 is-live=true do-timestamp=false format=time caps="text/x-raw,format=utf8" ! queue max-size-buffers=120 max-size-time=0 max-size-bytes=0 ! mux.subtitle_0 
appsrc name=dvr_audio_src is-live=true do-timestamp=false format=time caps=audio/mpeg,mpegversion=4,stream-format=adts ! queue max-size-buffers=200 max-size-time=0 max-size-bytes=0 flush-on-eos=true ! mux.audio_0 
[0m
[1;37m[DVR][0m [37mINFO[0m [TIMING][EVENT] gst_parse_launch: 2ms
[1;37m[DVR][0m [37mINFO[0m [TIMING] initialize: 2ms
[1;37m[DVR][0m [37mINFO[0m [TIMING][EVENT] parser wait: 0ms (ready=yes)
[1;37m[DVR][0m [37mINFO[0m [95mRecording started [EVENT]: /mnt/udisk/VideoFiles/Event/P[New Thread 0x7ec77eeb60 (LWP 2250034)]
[New Thread 0x7ec6fdeb60 (LWP 2250049)]
[Detaching after vfork from child process 2250050]
[Detaching after vfork from child process 2250052]
[Thread 0x7ec6fdeb60 (LWP 2250049) exited]
[Detaching after vfork from child process 2250068]
[Detaching after vfork from child process 2250069]
[New Thread 0x7ec6fdeb60 (LWP 2250084)]
[Detaching after vfork from child process 2250085]
[Detaching after vfork from child process 2250087]
[Thread 0x7ec6fdeb60 (LWP 2250084) exited]
[Thread 0x7ec77eeb60 (LWP 2250034) exited]
UA/E_260606_085345_CH4_FR30_A.mp4[0m
[1;37m[DVR][0m [37mINFO[0m [95m  Duration: 10+20s | Channels: Ch0:30fps, Ch1:30fps, Ch2:30fps, Ch3:30fps | Audio: yes[0m
[1;37m[DVR][0m [37mINFO[0m [TIMING] start: 23ms
[1;37m[DVR][0m [36mDEBUG[0m Anchor set: ch0 srcPts=0:01:18.034428715
[1;37m[DVR][0m [36mDEBUG[0m Audio Anchor set: srcPts=0:01:18.053287981
[1;37m[DVR][0m [36mDEBUG[0m writeAudio #0: srcPts=0:01:18.053287981 anchor(video)=0:01:18.034428715 filePts=0:00:00.000000000
[1;37m[DVR][0m [36mDEBUG[0m writeAudio #1: srcPts=0:01:18.076507935 anchor(video)=0:01:18.034428715 filePts=0:00:00.023219954
[1;37m[DVR][0m [36mDEBUG[0m writeAudio #2: srcPts=0:01:18.099727890 anchor(video)=0:01:18.034428715 filePts=0:00:00.046439909
[1;37m[DVR][0m [36mDEBUG[0m writeAudio #3: srcPts=0:01:18.122947844 anchor(video)=0:01:18.034428715 filePts=0:00:00.069659863
[1;37m[DVR][0m [36mDEBUG[0m writeAudio #4: srcPts=0:01:18.146167799 anchor(video)=0:01:18.034428715 filePts=0:00:00.092879818
[1;37m[DVR][0m [36mDEBUG[0m Subtitle Anchor set: srcPts=0:01:19.034540648
[1;37m[DVR][0m [37mINFO[0m [TIMING] video/audio/subtitle flush (1645 frames): 66ms
[1;37m[DVR][0m [37mINFO[0m [TIMING] startEventRecording total: 91ms
[1;37m[IO][0m [93mWARN[0m No suitable input devices found
[1;37m[IO][0m [93mWARN[0m No suitable input devices found
[1;37m[IO][0m [93mWARN[0m No suitable input devices found
[1;37m[DVR][0m [37mINFO[0m Checking Storage
[1;37m[IO][0m [93mWARN[0m No suitable input devices found
[1;37m[IO][0m [93mWARN[0m No suitable input devices found
[1;37m[IO][0m [93mWARN[0m No suitable input devices found
[1;37m[IO][0m [93mWARN[0m No suitable input devices found
[1;37m[IO][0m [93mWARN[0m No suitable input devices found
[1;37m[IO][0m [93mWARN[0m No suitable input devices found
[1;37m[IO][0m [93mWARN[0m No suitable input devices found
[1;37m[IO][0m [93mWARN[0m No suitable input devices found
[1;37m[IO][0m [93mWARN[0m No suitable input devices found
[1;37m[IO][0m [93mWARN[0m No suitable input devices found
[1;37m[DVR][0m [37mINFO[0m Checking Storage
[1;37m[IO][0m [93mWARN[0m No suitable input devices found
[1;37m[IO][0m [93mWARN[0m No suitable input devices found
[1;37m[IO][0m [93mWARN[0m No suitable input devices found
[1;37m[IO][0m [93mWARN[0m No suitable input devices found
[1;37m[IO][0m [93mWARN[0m No suitable input devices found
[1;37m[IO][0m [93mWARN[0m No suitable input devices found
[1;37m[IO][0m [93mWARN[0m No suitable input devices found
[1;37m[DVR][0m [37mINFO[0m [95mStopping [EVENT]: /mnt/udisk/VideoFiles/Event/PUA/E_260606_085345_CH4_FR30_A.mp4[0m
[1;37m[IO][0m [93mWARN[0m No suitable input devices found

[1;37m[DVR][0m [1;36m=== Recording Statistics ===[0m
[1;37m[DVR][0m [37mINFO[0m Mode: EVENT | Path: [48;5;58m/mnt/udisk/VideoFiles/Event/PUA/E_260606_085345_CH4_FR30_A.mp4[0m
[1;37m[DVR][0m [37mINFO[0m Resolution: 1920x1080 | Expected: 10s+20s @ 30fps = 300+600 = 900 frames/channel | Actual Duration: 20.1s
[1;36mChannel Statistics[0m
=============================================================================
Channel      FPS          Received     Processed    Dropped      Success     
-----------------------------------------------------------------------------
Ch0          30           891          891          0            100.0%      
Ch1          30           891          891          0            100.0%      
Ch2          30           892          892          0            100.0%      
Ch3          30           891          891          0            100.0%      
SUB          30           29           29           0            100.0%      
AUDIO        -            1294         1294         0            100.0%      
TOTAL        -            3594         3594         0            100.0%      

[1;37m[DVR][0m [37mINFO[0m stop() [EVENT] audio EOS sent (+100ms)
[1;37m[DVR][0m [37mINFO[0m stop() [EVENT] audio flush wait done (+150ms)
[1;37m[DVR][0m [37mINFO[0m stop() [EVENT[Thread 0x7ed5fbeb60 (LWP 2250024) exited]
[Thread 0x7ef67ceb60 (LWP 2250025) exited]
[Thread 0x7ef5fbeb60 (LWP 2250026) exited]
[Thread 0x7ed4f9eb60 (LWP 2250023) exited]
[Thread 0x7ef57aeb60 (LWP 2250027) exited]
[Thread 0x7ef6fdeb60 (LWP 2250021) exited]
[Thread 0x7ed6fdeb60 (LWP 2250031) exited]
[Thread 0x7ed77eeb60 (LWP 2250030) exited]
[Thread 0x7ed7ffeb60 (LWP 2250029) exited]
[Thread 0x7ed67ceb60 (LWP 2250032) exited]
[Thread 0x7ed57aeb60 (LWP 2250033) exited]
[Thread 0x7ef4f9eb60 (LWP 2250028) exited]
[Detaching after vfork from child process 2250103]
[Detaching after vfork from child process 2250104]
[New Thread 0x7ed57aeb60 (LWP 2250119)]
[Detaching after vfork from child process 2250120]
[Detaching after vfork from child process 2250122]
[Thread 0x7ed57aeb60 (LWP 2250119) exited]
[Detaching after vfork from child process 2250152]
[Detaching after vfork from child process 2250153]
[New Thread 0x7ed57aeb60 (LWP 2250154)]
[Detaching after vfork from child process 2250155]
[Detaching after vfork from child process 2250157]
[Thread 0x7ed57aeb60 (LWP 2250154) exited]
] video EOS sent: yes (+150ms)
[1;37m[DVR][0m [37mINFO[0m stop() [EVENT] EOS received: type=EOS (+172ms)
[1;37m[DVR][0m [37mINFO[0m stop() NULL complete at 0ms (+174ms)
[1;37m[DVR][0m [37mINFO[0m stop() [EVENT] NULL complete (+174ms)
[1;37m[DVR][0m [37mINFO[0m [95mRecording stopped [EVENT] (total: 174ms)[0m
[1;37m[DVR][0m [1;32mOK[0m [95mEvent recording stopped[0m
[1;37m[IO][0m [93mWARN[0m No suitable input devices found
[1;37m[IO][0m [93mWARN[0m No suitable input devices found
[1;37m[IO][0m [93mWARN[0m No suitable input devices found
[1;37m[DVR][0m [37mINFO[0m Checking Storage
[1;37m[IO][0m [93mWARN[0m No suitable input devices found
[1;37m[IO][0m [93mWARN[0m No suitable input devices found
[1;37m[IO][0m [93mWARN[0m No suitable input devices found
[1;37m[IO][0m [93mWARN[0m No suitable input devices found
[1;37m[IO][0m [93mWARN[0m No suitable input devices found
[1;37m[IO][0m [93mWARN[0m No suitable input devices found
[1;37m[IO][0m [93mWARN[0m No suitable input devices found
[1;37m[IO][0m [93mWARN[0m No suitable input devices found
[1;37m[IO][0m [93mWARN[0m No suitable input devices found
[1;37m[IO][0m [93mWARN[0m No suitable input devices found
[1;37m[DVR][0m [37mINFO[0m Checking Storage
[1;37m[IO][0m [93mWARN[0m No suitable input devices found
[1;37m[IO][0m [93mWARN[0m No suitable input devices found
[1;37m[DVR][0m [37mINFO[0m File rotation needed
[1;37m[DVR][0m [37mINFO[0m Rotating recording files
[1;37m[DVR][0m [37mINFO[0m Stopping [NORMAL]: /mnt/udisk/VideoFiles/Normal/N_260606_085320_#0_CH4_FR30_A.mp4

[1;37m[DVR][0m [1;36m=== Recording Statistics ===[0m
[1;37m[DVR][0m [37mINFO[0m Mode: NORMAL | Path: [48;5;58m/mnt/udisk/VideoFiles/Normal/N_260606_085320_#0_CH4_FR30_A.mp4[0m
[1;37m[DVR][0m [37mINFO[0m Resolution: 1920x1080 | Expected: 60s @ 30fps = 1800 frames/channel | Actual Duration: 60.8s
[1;36mChannel Statistics[0m
=============================================================================
Channel      FPS          Received     Processed    Dropped      Success     
-----------------------------------------------------------------------------
Ch0          30           1788         1788         0            100.0%      
Ch1          30           1791         1791         0            100.0%      
Ch2          30           1791         1791         0            100.0%      
Ch3          30           1790         1790         0            100.0%      
SUB          30           60           60           0            100.0%      
AUDIO        -            2613         2613         0            100.0%      
TOTAL        -            7220         7220         0            100.0%      

[1;37m[DVR][0m [37mINFO[0m stop() [NORMAL] audio EOS sent (+100ms)
[1;37m[DVR][0m [37mINFO[0m stop() [NORMAL] audio flush wait done (+150ms)
[1;37m[DVR][0m [37mINFO[0m stop() [NORMAL] video EOS sent: yes (+150ms)
[1;37m[DVR][0m [37mINFO[0m stop() [NORMAL] EOS received: type=EOS (+183ms)
[1;37m[DVR][0m [37mINFO[0m stop() NULL complete at 0ms (+185ms)
[1;37m[DVR][0m [37mINFO[0m stop() [NORMAL] NULL complete (+185ms)
[1;37m[DVR][0m [37mINFO[0m Recording stopped [NORMAL] (total: 186ms)
[1;37m[DVR][0m [37mINFO[0m Split mode: 1 files (4 channels per file)
[1;37m[DVR][0m [37mINFO[0m Starting NORMAL recording

[1;37m[GST][0m [1;36m=== FileWriter Pipeline ===[0m
[32mmp4mux name=mux fragment-duration=1000 ! filesink name=fsink location=/mnt/udisk/VideoFiles/Normal/N_260606_085421_#0_CH4_FR30_A.mp4 
appsrc name=dvr_source0 is-live=true do-timestamp=false format=time ! queue max-size-buffers=120 max-size-time=0 max-size-bytes=0 ! mux.video_0 
appsrc name=dvr_source1 is-live=true do-timestamp=false format=time ! queue max-size-buffers=120 max-size-time=0 max-size-bytes=0 ! mux.video_1 
appsrc name=dvr_source2 is-live=true do-timestamp=false format=time ! queue max-size-buffers=120 max-size-time=0 max-size-bytes=0 ! mux.video_2 
appsrc name=dvr_source3 is-live=true do-timestamp=false form[Detaching after vfork from child process 2250191]
[Detaching after vfork from child process 2250192]
[New Thread 0x7ed57aeb60 (LWP 2250193)]
[Detaching after vfork from child process 2250194]
[Detaching after vfork from child process 2250196]
[Thread 0x7ed57aeb60 (LWP 2250193) exited]
[Thread 0x7ec7ffeb60 (LWP 2250022) exited]
at=time ! queue max-size-buffers=120 max-size-time=0 max-size-bytes=0 ! mux.video_3 
appsrc name=dvr_source1000 is-live=true do-timestamp=false format=time caps="text/x-raw,format=utf8" ! queue max-size-buffers=120 max-size-time=0 max-size-bytes=0 ! mux.subtitle_0 
appsrc name=dvr_audio_src is-live=true do-timestamp=false format=time caps=audio/mpeg,mpegversion=4,stream-format=adts ! queue max-size-buffers=200 max-size-time=0 max-size-bytes=0 flush-on-eos=true ! mux.audio_0 
[0m
[1;37m[DVR][0m [37mINFO[0m [TIMING][NORMAL] gst_parse_launch: 1ms
[1;37m[DVR][0m [37mINFO[0m [TIMING][NORMAL] parser wait: 0ms (ready=yes)
[1;37m[DVR][0m [37mINFO[0m Recording started [NORMAL]: /mnt/udisk/VideoFiles/Normal/N_260606_085421_#0_CH4_FR30_A.mp4
[1;37m[DVR][0m [37mINFO[0m   Duration: 60s | Channels: Ch0:30fps, Ch1:30fps, Ch2:30fps, Ch3:30fps | Audio: yes
[1;37m[IO][0m [93mWARN[0m No suitable input devices found
[1;37m[DVR][0m [36mDEBUG[0m Anchor set: ch2 srcPts=0:02:02.868665236
[1;37m[DVR][0m [36mDEBUG[0m Audio Anchor set: srcPts=0:02:02.821360543
[1;37m[DVR][0m [36mDEBUG[0m writeAudio #0: srcPts=0:02:02.821360543 anchor(video)=0:02:02.868665236 filePts=0:00:00.000000000
[1;37m[DVR][0m [36mDEBUG[0m writeAudio #1: srcPts=0:02:02.844580498 anchor(video)=0:02:02.868665236 filePts=0:00:00.023219955
[1;37m[DVR][0m [36mDEBUG[0m writeAudio #2: srcPts=0:02:02.867800452 anchor(video)=0:02:02.868665236 filePts=0:00:00.046439909
[1;37m[DVR][0m [36mDEBUG[0m writeAudio #3: srcPts=0:02:02.891020407 anchor(video)=0:02:02.868665236 filePts=0:00:00.069659864
[1;37m[DVR][0m [36mDEBUG[0m writeAudio #4: srcPts=0:02:02.914240361 anchor(video)=0:02:02.868665236 filePts=0:00:00.092879818
[1;37m[DVR][0m [36mDEBUG[0m Subtitle Anchor set: srcPts=0:02:03.200610188
[1;37m[IO][0m [93mWARN[0m No suitable input devices found
[1;37m[IO][0m [93mWARN[0m No suitable input devices found
[1;37m[IO][0m [93mWARN[0m No suitable input devices found
[1;37m[IO][0m [93mWARN[0m No suitable input devices found
[1;37m[IO][0m [93mWARN[0m No suitable input devices found
[1;37m[IO][0m [93mWARN[0m No suitable input devices found
[1;37m[IO][0m [93mWARN[0m No suitable input devices found
[1;37m[IO][0m [93mWARN[0m No suitable input devices found
[1;37m[DVR][0m [37mINFO[0m Checking Storage
[1;37m[IO][0m [93mWARN[0m No suitable input devices found
[1;37m[IO][0m [93mWARN[0m No suitable input devices found
[1;37m[IO][0m [93mWARN[0m No suitable input devices found
[1;37m[IO][0m [93mWARN[0m No suitable input devices found
[1;37m[IO][0m [93mWARN[0m No suitable input devices found
[1;37m[IO][0m [93mWARN[0m No suitable input devices found
[1;37m[IO][0m [93mWARN[0m No suitable input devices found
[1;37m[IO][0m [93mWARN[0m No suitable input devices found
[1;37m[IO][0m [93mWARN[0m No suitable input devices found
[1;37m[DVR][0m [37mINFO[0m Dr.Safe PUA Activated

[1;37m[GST][0m [1;36m=== FileWriter Pipeline ===[0m
[32mmp4mux name=mux fragment-duration=1000 ! filesink name=fsink location=/mnt/udisk/VideoFiles/Event/PUA/E_260606_085438_CH4_FR30_A.mp4 
appsrc name=dvr_source0 is-live=true do-timestamp=false format=time ! queue max-size-buffers=120 max-size-time=0 max-size-bytes=0 ! mux.video_0 
appsrc name=dvr_source1 is-live=true do-timestamp=false format=time ! queue max-size-buffers=120 max-size-time=0 max-size-bytes=0 ! mux.video_1 
appsrc name=dvr_source2 is-live=true do-timestamp=false format=time ! queue max-size-buffers=120 max-size-time=0 max-size-bytes=0 ! mux.video_2 
appsrc name=dvr_source3 is-live=true do-timestamp=false format=time ! queue max-size-buffers=120 max-size-time=0 max-size-bytes=0 ! mux.video_3 
appsrc name=dvr_source2000 is-live=true do-timestamp=false format=time caps="text/x-raw,format=utf8" ! queue max-size-buffers=120 max-size-time=0 max-size-bytes=0 ! mux.subtitle_0 
appsrc name=dvr_audio_src is-live=true do-timestamp=false format=time caps=audio/mpeg,mpegversion=4,stream-format=adts ! queue max-size-buffers=200 max-size-time=0 max-size-byte[New Thread 0x7ec7ffeb60 (LWP 2250230)]
[New Thread 0x7ed57aeb60 (LWP 2250231)]
[New Thread 0x7ed67ceb60 (LWP 2250232)]
[New Thread 0x7ed6fdeb60 (LWP 2250233)]
[New Thread 0x7ef6fdeb60 (LWP 2250234)]
[New Thread 0x7ef67ceb60 (LWP 2250235)]
[New Thread 0x7ef5fbeb60 (LWP 2250236)]
[New Thread 0x7ef57aeb60 (LWP 2250237)]
[New Thread 0x7ef4f9eb60 (LWP 2250238)]
[New Thread 0x7ed7ffeb60 (LWP 2250239)]
[New Thread 0x7ed77eeb60 (LWP 2250240)]
[New Thread 0x7ed5fbeb60 (LWP 2250241)]
[New Thread 0x7ed4f9eb60 (LWP 2250242)]
[New Thread 0x7ec77eeb60 (LWP 2250243)]
[New Thread 0x7ec6fdeb60 (LWP 2250244)]
[Detaching after vfork from child process 2250245]
[Detaching after vfork from child process 2250247]
[Thread 0x7ec6fdeb60 (LWP 2250244) exited]
[Detaching after vfork from child process 2250254]
[Detaching after vfork from child process 2250255]
[New Thread 0x7ec6fdeb60 (LWP 2250292)]
[Detaching after vfork from child process 2250293]
[Detaching after vfork from child process 2250295]
[Thread 0x7ec6fdeb60 (LWP 2250292) exited]
[Detaching after vfork from child process 2250297]
[Detaching after vfork from child process 2250298]
[Thread 0x7ec77eeb60 (LWP 2250243) exited]
s=0 flush-on-eos=true ! mux.audio_0 
[0m
[1;37m[DVR][0m [37mINFO[0m [TIMING][EVENT] gst_parse_launch: 3ms
[1;37m[DVR][0m [37mINFO[0m [TIMING] initialize: 4ms
[1;37m[DVR][0m [37mINFO[0m [TIMING][EVENT] parser wait: 0ms (ready=yes)
[1;37m[DVR][0m [37mINFO[0m [95mRecording started [EVENT]: /mnt/udisk/VideoFiles/Event/PUA/E_260606_085438_CH4_FR30_A.mp4[0m
[1;37m[DVR][0m [37mINFO[0m [95m  Duration: 10+20s | Channels: Ch0:30fps, Ch1:30fps, Ch2:30fps, Ch3:30fps | Audio: yes[0m
[1;37m[DVR][0m [37mINFO[0m [TIMING] start: 30ms
[1;37m[DVR][0m [36mDEBUG[0m Anchor set: ch0 srcPts=0:02:10.133892987
[1;37m[DVR][0m [36mDEBUG[0m Audio Anchor set: srcPts=0:02:10.135646257
[1;37m[DVR][0m [36mDEBUG[0m writeAudio #0: srcPts=0:02:10.135646257 anchor(video)=0:02:10.133892987 filePts=0:00:00.000000000
[1;37m[DVR][0m [36mDEBUG[0m writeAudio #1: srcPts=0:02:10.158866212 anchor(video)=0:02:10.133892987 filePts=0:00:00.023219955
[1;37m[DVR][0m [36mDEBUG[0m writeAudio #2: srcPts=0:02:10.182086166 anchor(video)=0:02:10.133892987 filePts=0:00:00.046439909
[1;37m[DVR][0m [36mDEBUG[0m writeAudio #3: srcPts=0:02:10.205306121 anchor(video)=0:02:10.133892987 filePts=0:00:00.069659864
[1;37m[DVR][0m [36mDEBUG[0m writeAudio #4: srcPts=0:02:10.228526076 anchor(video)=0:02:10.133892987 filePts=0:00:00.092879819
[1;37m[DVR][0m [36mDEBUG[0m Subtitle Anchor set: srcPts=0:02:11.100679674
[1;37m[DVR][0m [37mINFO[0m [TIMING] video/audio/subtitle flush (1646 frames): 38ms
[1;37m[DVR][0m [37mINFO[0m [TIMING] startEventRecording total: 73ms
[1;37m[IO][0m [93mWARN[0m No suitable input devices found
[1;37m[DVR][0m [37mINFO[0m Checking Storage
[1;37m[IO][0m [93mWARN[0m No suitable input devices found
[1;37m[IO][0m [93mWARN[0m No suitable input devices found
[1;37m[IO][0m [93mWARN[0m No suitable input devices found
[1;37m[IO][0m [93mWARN[0m No suitable input devices found
[1;37m[IO][0m [93mWARN[0m No suitable input devices found
[1;37m[IO][0m [93mWARN[0m No suitable input devices found
[1;37m[IO][0m [93mWARN[0m No suitable input devices found
[1;37m[IO][0m [93mWARN[0m No suitable input devices found
[1;37m[IO][0m [93mWARN[0m No suitable input devices found
[1;37m[IO][0m [93mWARN[0m No suitable input devices found
[1;37m[IO][0m [93mWARN[0m No suitable input devices found
[1;37m[DVR][0m [37mINFO[0m Checking Storage
[1;37m[IO][0m [93mWARN[0m No suitable input devices found
[1;37m[IO][0m [93mWARN[0m No suitable input devices found
[1;37m[IO][0m [93mWARN[0m No suitable input devices found
[1;37m[IO][0m [93mWARN[0m No suitable input devices found
[1;37m[IO][0m [93mWARN[0m No suitable input devices found
[1;37m[IO][0m [93mWARN[0m No suitable input devices found
[1;37m[IO][0m [93mWARN[0m No suitable input devices found
[1;37m[IO][0m [93mWARN[0m No suitable input devices found
[1;37m[DVR][0m [37mINFO[0m [95mStopping [EVENT]: /mnt/udisk/VideoFiles/Event/PUA/E_260606_085438_CH4_FR30_A.mp4[0m

[1;37m[DVR][0m [1;36m=== Recording Statistics ===[0m
[1;37m[DVR][0m [37mINFO[0m Mode: EVENT | Path: [48;5;58m/mnt/udisk/VideoFiles/Event/PUA/E_260606_085438_CH4_FR30_A.mp4[0m
[1;37m[DVR][0m [37mINFO[0m Resolution: 1920x1080 | Expected: 10s+20s @ 30fps = 300+600 = 900 frames/channel | Actual Duration: 20.1s
[1;36mChannel Statistics[0m
=============================================================================
Channel      FPS          Received     Processed    Dropped      Success     
-----------------------------------------------------------------------------
Ch0          30           889          889          0            100.0%      
Ch1          30           887          887          0            100.0%      
Ch2          30           888          888          0            100.0%      
Ch3          30           888          888          0            100.0%      
SUB          30           29           29           0            100.0%      
AUDIO        -            1296         1296         0            100.0%    [Thread 0x7ed67ceb60 (LWP 2250232) exited]
[Thread 0x7ed57aeb60 (LWP 2250231) exited]
[Thread 0x7ef5fbeb60 (LWP 2250236) exited]
[Thread 0x7ef57aeb60 (LWP 2250237) exited]
[Thread 0x7ef4f9eb60 (LWP 2250238) exited]
[Thread 0x7ef67ceb60 (LWP 2250235) exited]
[Thread 0x7ed7ffeb60 (LWP 2250239) exited]
[Thread 0x7ef6fdeb60 (LWP 2250234) exited]
[Thread 0x7ed6fdeb60 (LWP 2250233) exited]
[Thread 0x7ed5fbeb60 (LWP 2250241) exited]
[Thread 0x7ed4f9eb60 (LWP 2250242) exited]
[Thread 0x7ed77eeb60 (LWP 2250240) exited]
[New Thread 0x7ed4f9eb60 (LWP 2250335)]
[Detaching after vfork from child process 2250336]
[Detaching after vfork from child process 2250338]
[Thread 0x7ed4f9eb60 (LWP 2250335) exited]
[Detaching after vfork from child process 2250340]
[Detaching after vfork from child process 2250341]
[New Thread 0x7ed4f9eb60 (LWP 2250378)]
[Detaching after vfork from child process 2250379]
[Detaching after vfork from child process 2250381]
[Thread 0x7ed4f9eb60 (LWP 2250378) exited]
[New Thread 0x7ed4f9eb60 (LWP 2250383)]
[New Thread 0x7ed77eeb60 (LWP 2250384)]
[New Thread 0x7ed5fbeb60 (LWP 2250385)]
[New Thread 0x7ed7ffeb60 (LWP 2250386)]
[New Thread 0x7ef6fdeb60 (LWP 2250387)]
[New Thread 0x7ef67ceb60 (LWP 2250388)]
[New Thread 0x7ef5fbeb60 (LWP 2250389)]
[New Thread 0x7ef57aeb60 (LWP 2250390)]
[New Thread 0x7ef4f9eb60 (LWP 2250391)]
[New Thread 0x7ed6fdeb60 (LWP 2250392)]
[New Thread 0x7ed67ceb60 (LWP 2250393)]
[New Thread 0x7ed57aeb60 (LWP 2250394)]
  
TOTAL        -            3581         3581         0            100.0%      

[1;37m[DVR][0m [37mINFO[0m stop() [EVENT] audio EOS sent (+100ms)
[1;37m[DVR][0m [37mINFO[0m stop() [EVENT] audio flush wait done (+150ms)
[1;37m[DVR][0m [37mINFO[0m stop() [EVENT] video EOS sent: yes (+150ms)
[1;37m[DVR][0m [37mINFO[0m stop() [EVENT] EOS received: type=EOS (+170ms)
[1;37m[DVR][0m [37mINFO[0m stop() NULL complete at 0ms (+172ms)
[1;37m[DVR][0m [37mINFO[0m stop() [EVENT] NULL complete (+172ms)
[1;37m[DVR][0m [37mINFO[0m [95mRecording stopped [EVENT] (total: 173ms)[0m
[1;37m[DVR][0m [1;32mOK[0m [95mEvent recording stopped[0m
[1;37m[IO][0m [93mWARN[0m No suitable input devices found
[1;37m[IO][0m [93mWARN[0m No suitable input devices found
[1;37m[DVR][0m [37mINFO[0m Checking Storage
[1;37m[IO][0m [93mWARN[0m No suitable input devices found
[1;37m[IO][0m [93mWARN[0m No suitable input devices found
[1;37m[IO][0m [93mWARN[0m No suitable input devices found
[1;37m[IO][0m [93mWARN[0m No suitable input devices found
[1;37m[IO][0m [93mWARN[0m No suitable input devices found
[1;37m[IO][0m [93mWARN[0m No suitable input devices found
[1;37m[IO][0m [93mWARN[0m No suitable input devices found
[1;37m[IO][0m [93mWARN[0m No suitable input devices found
[1;37m[IO][0m [93mWARN[0m No suitable input devices found
[1;37m[IO][0m [93mWARN[0m No suitable input devices found
[1;37m[IO][0m [93mWARN[0m No suitable input devices found
[1;37m[DVR][0m [37mINFO[0m Checking Storage
[1;37m[DVR][0m [37mINFO[0m Dr.Safe PUA Activated

[1;37m[GST][0m [1;36m=== FileWriter Pipeline ===[0m
[32mmp4mux name=mux fragment-duration=1000 ! filesink name=fsink location=/mnt/udisk/VideoFiles/Event/PUA/E_260606_085510_CH4_FR30_A.mp4 
appsrc name=dvr_source0 is-live=true do-timestamp=false format=time ! queue max-size-buffers=120 max-size-time=0 max-size-bytes=0 ! mux.video_0 
appsrc name=dvr_source1 is-live=true do-timestamp=false format=time ! queue max-size-buffers=120 max-size-time=0 max-size-bytes=0 ! mux.video_1 
appsrc name=dvr_source2 is-live=true do-timestamp=false format=time ! queue max-size-buffers=120 max-size-time=0 max-size-bytes=0 ! mux.video_2 
appsrc name=dvr_source3 is-live=true do-timestamp=false format=time ! queue max-size-buffers=120 max-size-time=0 max-size-bytes=0 ! mux.video_3 
appsrc name=dvr_source2000 is-live=true do-timestamp=false format=time caps="text/x-raw,format=utf8" ! queue max-size-buffers=120 max-size-time=0 max-size-bytes=0 ! mux.subtitle_0 
appsrc name=dvr_audio_src is-live=true do-timestamp=false format=time caps=audio/mpeg,mpegversion=4,stream-format=adts ! queue max-size-buffers=200 max-size-time=0 max-size-bytes=0 flush-on-eos=true ! mux.audio_0 
[0m
[1;37m[DVR][0m [37mINFO[0m [TIMING][EVENT] gst_parse_launch: 2ms
[1;37m[DVR][0m [37mINFO[0m [TIMING] initialize: 2ms
[1;37m[DVR][0m [37mINFO[0m [TIMING][EVENT] parser wait: 0ms (ready=yes)
[1;37m[DVR][0m [37mINFO[0m [95mRecording started [EVENT]: /mnt/udisk/VideoFiles/Event/PUA/E_260606_085510_CH4_FR30_A.mp4[0m
[1;37m[DVR][0m [37mINFO[0m [95m  Duration: 10+20s | Channels: Ch0:30fps, Ch1:30fps, Ch2:30fps, Ch3:30fps | Audio: yes[0m
[1;37m[DVR][0m [37mINFO[0m [TIMING] start: 26ms
[1;37m[DVR][0m [36mDEBUG[0m Anchor set: ch0 srcPts=0:02:42.099785060
[1;37m[DVR][0m [36mDEBUG[0m Audio Anchor set: srcPts=0:02:42.109523808
[1;37m[DVR][0m [36mDEBUG[0m writeAudio #0: srcPts=0:02:42.109523808 anchor(video)=0:02:42.099785060 filePts=0:00:00.000000000
[1;37m[DVR][0m [36mDEBUG[0m writeAudio #1: srcPts=0:02:42.132743763 anchor(video)=0:02:42.099785060 filePts=0:00:00.023219955
[1;37m[DVR][0m [36mDEBUG[0m writeAudio #2: srcPts=0:02:42.155963717 anchor(video)=0:02:42.099785060 filePts=0:00:00.046439909
[1;37m[DVR][0m [36mDEBUG[0m writeAudio #3: srcPts=0:02:42.179183672 anchor(video)=0:02:42.099785060 filePts=0:00:00.069659864
[1;37m[DVR][0m [36mDEBUG[0m writeAudio #4: srcPts=0:02:42.202403627 anchor(video)=0:02:42.099785060 filePts=0:00:00.092[New Thread 0x7ec77eeb60 (LWP 2250395)]
[Detaching after vfork from child process 2250416]
[Detaching after vfork from child process 2250417]
[New Thread 0x7ec6fdeb60 (LWP 2250438)]
[Detaching after vfork from child process 2250439]
[Detaching after vfork from child process 2250441]
[Thread 0x7ec6fdeb60 (LWP 2250438) exited]
879819
[1;37m[DVR][0m [36mDEBUG[0m Subtitle Anchor set: srcPts=0:02:43.933482917
[1;37m[DVR][0m [37mINFO[0m [TIMING] video/audio/subtitle flush (1650 frames): 52ms
[1;37m[DVR][0m [37mINFO[0m [TIMING] startEventRecording total: 81ms
[1;37m[IO][0m [93mWARN[0m No suitable input devices found
[1;37m[IO][0m [93mWARN[0m No suitable input devices found
[1;37m[IO][0m [93mWARN[0m No suitable input devices found
[1;37m[IO][0m [93mWARN[0m No suitable input devices found
[1;37m[IO][0m [93mWARN[0m No suitable input devices found
[1;37m[IO][0m [93mWARN[0m No suitable input devices found
[1;37m[IO][0m [93mWARN[0m No suitable input devices found
[1;37m[IO][0m [93mWARN[0m No suitable input devices found
[1;37m[IO][0m [93mWARN[0m No suitable input devices found
[1;37m[IO][0m [93mWARN[0m No suitable input devices found
[1;37m[DVR][0m [37mINFO[0m Checking Storage
[1;37m[IO][0m [93mWARN[0m No suitable input devices found
[1;37m[IO][0m [93mWARN[0m No suitable input devices found
[1;37m[DVR][0m [37mINFO[0m File rotation needed
[1;37m[DVR][0m [37mINFO[0m Rotating recording files
[1;37m[DVR][0m [37mINFO[0m Stopping [NORMAL]: /mnt/udisk/VideoFiles/Normal/N_260606_085421_#0_CH4_FR30_A.mp4

[1;37m[DVR][0m [1;36m=== Recording Statistics ===[0m
[1;37m[DVR][0m [37mINFO[0m Mode: NORMAL | Path: [48;5;58m/mnt/udisk/VideoFiles/Normal/N_260606_085421_#0_CH4_FR30_A.mp4[0m
[1;37m[DVR][0m [37mINFO[0m Resolution: 1920x1080 | Expected: 60s @ 30fps = 1800 frames/channel | Actual Duration: 60.8s
[1;36mChannel Statistics[0m
=============================================================================
Channel      FPS          Received     Processed    Dropped      Success     
-----------------------------------------------------------------------------
Ch0          30           1788         1788         0            100.0%      
Ch1          30           1787         1787         0            100.0%      
Ch2          30           1787         1787         0            100.0%      
Ch3          30           1791         1791         0            100.0%      
SUB          30           60           60           0            100.0%      
AUDIO        -            2612         2612         0            100.0%      
TOTAL        -            7213         7213         0            100.0%      

[1;37m[DVR][0m [37mINFO[0m stop() [NORMAL] audio EOS sent (+100ms)
[1;37m[DVR][0m [37mINFO[0m stop() [NORMAL] audio flush wait done (+150ms)
[1;37m[DVR][0m [37mINFO[0m stop() [NORMAL] video EOS sent: yes (+150ms)
[1;37m[DVR][0m [37mINFO[0m stop() [NORMAL] EOS received: type=EOS (+188ms)
[1;37m[DVR][0m [37mINFO[0m stop() NULL complete at 0ms (+191ms)
[1;37m[DVR][0m [37mINFO[0m stop() [NORMAL] NULL complete (+191ms)
[1;37m[DVR][0m [37mINFO[0m Recording stopped [NORMAL] (total: 192ms)
[1;37m[DVR][0m [37mINFO[0m Split mode: 1 files (4 channels per file)
[1;37m[DVR][0m [37mINFO[0m Starting NORMAL recording

[1;37m[GST][0m [1;36m=== FileWriter Pipeline ===[0m
[32mmp4mux name=mux fragment-duration=1000 ! filesink name=fsink location=/mnt/udisk/VideoFiles/Normal/N_260606_085522_#0_CH4_FR30_A.mp4 
appsrc name=dvr_source0 is-live=true do-timestamp=false format=time ! queue max-size-buffers=120 max-size-time=0 max-size-bytes=0 ! mux.video_0 
appsrc name=dvr_source1 is-live=true do-timestamp=false format=time ! queue max-size-buffers=120 max-size-time=0 max-size-bytes=0 ! mux.video_1 
appsrc name=dvr_source2 is-live=true do-timestamp=false format=time ! queue max-size-buffers=120 max-size-time=0 max-size-bytes=0 ! mux.video_2 
appsrc name=dvr_source3 is-live=true do-timestamp=false format=time ! queue max-size-buffers=120 max-size-time=0 max-size-bytes=0 ! mux.video_3 
appsrc name=dvr_source1000 is-live=true do-timestamp=false format=time caps="text/x-raw,format=utf8" ! queue max-size-buffers=120 max-size-time=0 max-size-bytes=0 ! mux.subtitle_0 
appsrc name=dvr_audio_src is-live=true do-timestamp=false format=time caps=audio/mpeg,mpegversion=4,stream-format=a[Detaching after vfork from child process 2250465]
[Detaching after vfork from child process 2250466]
[New Thread 0x7ec6fdeb60 (LWP 2250489)]
[Detaching after vfork from child process 2250490]
[Detaching after vfork from child process 2250492]
[Thread 0x7ec6fdeb60 (LWP 2250489) exited]
[Thread 0x7ef5fbeb60 (LWP 2250389) exited]
[Thread 0x7ed57aeb60 (LWP 2250394) exited]
[Thread 0x7ed67ceb60 (LWP 2250393) exited]
[Thread 0x7ed6fdeb60 (LWP 2250392) exited]
[Thread 0x7ef4f9eb60 (LWP 2250391) exited]
[Thread 0x7ef57aeb60 (LWP 2250390) exited]
[Thread 0x7ef67ceb60 (LWP 2250388) exited]
[Thread 0x7ed7ffeb60 (LWP 2250386) exited]
[Thread 0x7ed5fbeb60 (LWP 2250385) exited]
[Thread 0x7ef6fdeb60 (LWP 2250387) exited]
[Thread 0x7ed77eeb60 (LWP 2250384) exited]
[Thread 0x7ed4f9eb60 (LWP 2250383) exited]
[Thread 0x7ec7ffeb60 (LWP 2250230) exited]
dts ! queue max-size-buffers=200 max-size-time=0 max-size-bytes=0 flush-on-eos=true ! mux.audio_0 
[0m
[1;37m[DVR][0m [37mINFO[0m [TIMING][NORMAL] gst_parse_launch: 1ms
[1;37m[DVR][0m [37mINFO[0m [TIMING][NORMAL] parser wait: 0ms (ready=yes)
[1;37m[DVR][0m [37mINFO[0m Recording started [NORMAL]: /mnt/udisk/VideoFiles/Normal/N_260606_085522_#0_CH4_FR30_A.mp4
[1;37m[DVR][0m [37mINFO[0m   Duration: 60s | Channels: Ch0:30fps, Ch1:30fps, Ch2:30fps, Ch3:30fps | Audio: yes
[1;37m[DVR][0m [36mDEBUG[0m Audio Anchor set: srcPts=0:03:03.657641722
[1;37m[DVR][0m [36mDEBUG[0m writeAudio #0: srcPts=0:03:03.657641722 anchor(audio)=0:03:03.657641722 filePts=0:00:00.000000000
[1;37m[DVR][0m [36mDEBUG[0m writeAudio #1: srcPts=0:03:03.680861677 anchor(audio)=0:03:03.657641722 filePts=0:00:00.023219955
[1;37m[DVR][0m [36mDEBUG[0m writeAudio #2: srcPts=0:03:03.704081631 anchor(audio)=0:03:03.657641722 filePts=0:00:00.046439909
[1;37m[DVR][0m [36mDEBUG[0m writeAudio #3: srcPts=0:03:03.727301586 anchor(audio)=0:03:03.657641722 filePts=0:00:00.069659864
[1;37m[DVR][0m [36mDEBUG[0m writeAudio #4: srcPts=0:03:03.750521541 anchor(audio)=0:03:03.657641722 filePts=0:00:00.092879819
[1;37m[DVR][0m [36mDEBUG[0m Anchor set: ch1 srcPts=0:03:03.697562073
[1;37m[DVR][0m [36mDEBUG[0m Subtitle Anchor set: srcPts=0:03:04.099818051
[1;37m[IO][0m [93mWARN[0m No suitable input devices found
[1;37m[IO][0m [93mWARN[0m No suitable input devices found
[1;37m[IO][0m [93mWARN[0m No suitable input devices found
[1;37m[IO][0m [93mWARN[0m No suitable input devices found
[1;37m[IO][0m [93mWARN[0m No suitable input devices found
[1;37m[IO][0m [93mWARN[0m No suitable input devices found
[1;37m[IO][0m [93mWARN[0m No suitable input devices found
[1;37m[IO][0m [93mWARN[0m No suitable input devices found
[1;37m[DVR][0m [37mINFO[0m [95mStopping [EVENT]: /mnt/udisk/VideoFiles/Event/PUA/E_260606_085510_CH4_FR30_A.mp4[0m

[1;37m[DVR][0m [1;36m=== Recording Statistics ===[0m
[1;37m[DVR][0m [37mINFO[0m Mode: EVENT | Path: [48;5;58m/mnt/udisk/VideoFiles/Event/PUA/E_260606_085510_CH4_FR30_A.mp4[0m
[1;37m[DVR][0m [37mINFO[0m Resolution: 1920x1080 | Expected: 10s+20s @ 30fps = 300+600 = 900 frames/channel | Actual Duration: 20.1s
[1;36mChannel Statistics[0m
=============================================================================
Channel      FPS          Received     Processed    Dropped      Success     
-----------------------------------------------------------------------------
Ch0          30           888          888          0            100.0%      
Ch1          30           888          888          0            100.0%      
Ch2          30           887          887          0            100.0%      
Ch3          30           887          887          0            100.0%      
SUB          30           29           29           0            100.0%      
AUDIO        -            1301         1301         0            100.0%      
TOTAL        -            3579         3579         0            100.0%      

[1;37m[DVR][0m [37mINFO[0m stop() [EVENT] audio EOS sent (+100ms)
[1;37m[DVR][0m [37mINFO[0m stop() [EVENT] audio flush wait done (+150ms)
[1;37m[DVR][0m [37mINFO[0m stop() [EVENT] video EOS sent: yes (+150ms)
[1;37m[DVR][0m [37mINFO[0m stop() [EVENT] EOS received: type=EOS (+192ms)
[1;37m[DVR][0m [37mINFO[0m stop() NULL complete at 0ms (+194ms)
[1;37m[DVR][0m [37mINFO[0m stop() [EVENT] NULL complete (+194ms)
[1;37m[DVR][0m [37mINFO[0m [95mRecording stopped [EVENT] (total: 194ms)[0m
[1;37m[DVR][0m [1;32mOK[0m [95mEvent recording stopped[0m
[1;37m[IO][0m [93mWARN[0m No suitable input devices found
[1;37m[DVR][0m [37mINFO[0m Checking Storage
[1;37m[IO][0m [93mWARN[0m No suitable input devices found
[1;37m[IO][0m [93mWARN[0m No suitable input devices found
[1;37m[IO][0m [93mWARN[0m No suitable input devices found
[1;37m[IO][0m [93mWARN[0m No suitable input devices found
[1;37m[IO][0m [93mWARN[0m No suitable[Detaching after vfork from child process 2250516]
[Detaching after vfork from child process 2250517]
[Thread 0x7ec77eeb60 (LWP 2250395) exited]
[New Thread 0x7ec77eeb60 (LWP 2250545)]
[Detaching after vfork from child process 2250546]
[Detaching after vfork from child process 2250548]
[Thread 0x7ec77eeb60 (LWP 2250545) exited]
[Detaching after vfork from child process 2250572]
[Detaching after vfork from child process 2250573]
[New Thread 0x7ec77eeb60 (LWP 2250596)]
[Detaching after vfork from child process 2250597]
[Detaching after vfork from child process 2250599]
[Thread 0x7ec77eeb60 (LWP 2250596) exited]
[New Thread 0x7ec77eeb60 (LWP 2250623)]
[New Thread 0x7ef6fdeb60 (LWP 2250624)]
[New Thread 0x7ef67ceb60 (LWP 2250625)]
[New Thread 0x7ed6fdeb60 (LWP 2250626)]
[New Thread 0x7ef5fbeb60 (LWP 2250627)]
[New Thread 0x7ef57aeb60 (LWP 2250628)]
[New Thread 0x7ef4f9eb60 (LWP 2250629)]
[New Thread 0x7ed7ffeb60 (LWP 2250630)]
[New Thread 0x7ed77eeb60 (LWP 2250631)]
[New Thread 0x7ed67ceb60 (LWP 2250632)]
[New Thread 0x7ed5fbeb60 (LWP 2250633)]
[New Thread 0x7ed57aeb60 (LWP 2250634)]
[New Thread 0x7ed4f9eb60 (LWP 2250635)]
[New Thread 0x7ec7ffeb60 (LWP 2250636)]
 input devices found
[1;37m[IO][0m [93mWARN[0m No suitable input devices found
[1;37m[IO][0m [93mWARN[0m No suitable input devices found
[1;37m[IO][0m [93mWARN[0m No suitable input devices found
[1;37m[IO][0m [93mWARN[0m No suitable input devices found
[1;37m[IO][0m [93mWARN[0m No suitable input devices found
[1;37m[DVR][0m [37mINFO[0m Checking Storage
[1;37m[IO][0m [93mWARN[0m No suitable input devices found
[1;37m[IO][0m [93mWARN[0m No suitable input devices found
[1;37m[IO][0m [93mWARN[0m No suitable input devices found
[1;37m[IO][0m [93mWARN[0m No suitable input devices found
[1;37m[IO][0m [93mWARN[0m No suitable input devices found
[1;37m[IO][0m [93mWARN[0m No suitable input devices found
[1;37m[IO][0m [93mWARN[0m No suitable input devices found
[1;37m[IO][0m [93mWARN[0m No suitable input devices found
[1;37m[IO][0m [93mWARN[0m No suitable input devices found
[1;37m[IO][0m [93mWARN[0m No suitable input devices found
[1;37m[DVR][0m [37mINFO[0m Checking Storage
[1;37m[IO][0m [93mWARN[0m No suitable input devices found
[1;37m[IO][0m [93mWARN[0m No suitable input devices found
[1;37m[IO][0m [93mWARN[0m No suitable input devices found
[1;37m[IO][0m [93mWARN[0m No suitable input devices found
[1;37m[IO][0m [93mWARN[0m No suitable input devices found
[1;37m[IO][0m [93mWARN[0m No suitable input devices found
[1;37m[DVR][0m [37mINFO[0m Dr.Safe PUA Activated

[1;37m[GST][0m [1;36m=== FileWriter Pipeline ===[0m
[32mmp4mux name=mux fragment-duration=1000 ! filesink name=fsink location=/mnt/udisk/VideoFiles/Event/PUA/E_260606_085556_CH4_FR30_A.mp4 
appsrc name=dvr_source0 is-live=true do-timestamp=false format=time ! queue max-size-buffers=120 max-size-time=0 max-size-bytes=0 ! mux.video_0 
appsrc name=dvr_source1 is-live=true do-timestamp=false format=time ! queue max-size-buffers=120 max-size-time=0 max-size-bytes=0 ! mux.video_1 
appsrc name=dvr_source2 is-live=true do-timestamp=false format=time ! queue max-size-buffers=120 max-size-time=0 max-size-bytes=0 ! mux.video_2 
appsrc name=dvr_source3 is-live=true do-timestamp=false format=time ! queue max-size-buffers=120 max-size-time=0 max-size-bytes=0 ! mux.video_3 
appsrc name=dvr_source2000 is-live=true do-timestamp=false format=time caps="text/x-raw,format=utf8" ! queue max-size-buffers=120 max-size-time=0 max-size-bytes=0 ! mux.subtitle_0 
appsrc name=dvr_audio_src is-live=true do-timestamp=false format=time caps=audio/mpeg,mpegversion=4,stream-format=adts ! queue max-size-buffers=200 max-size-time=0 max-size-bytes=0 flush-on-eos=true ! mux.audio_0 
[0m
[1;37m[DVR][0m [37mINFO[0m [TIMING][EVENT] gst_parse_launch: 2ms
[1;37m[DVR][0m [37mINFO[0m [TIMING] initialize: 2ms
[1;37m[DVR][0m [37mINFO[0m [TIMING][EVENT] parser wait: 0ms (ready=yes)
[1;37m[DVR][0m [37mINFO[0m [95mRecording started [EVENT]: /mnt/udisk/VideoFiles/Event/PUA/E_260606_085556_CH4_FR30_A.mp4[0m
[1;37m[DVR][0m [37mINFO[0m [95m  Duration: 10+20s | Channels: Ch0:30fps, Ch1:30fps, Ch2:30fps, Ch3:30fps | Audio: yes[0m
[1;37m[DVR][0m [37mINFO[0m [TIMING] start: 33ms
[1;37m[DVR][0m [36mDEBUG[0m Anchor set: ch0 srcPts=0:03:28.266087554
[1;37m[DVR][0m [36mDEBUG[0m Audio Anchor set: srcPts=0:03:28.270793649
[1;37m[DVR][0m [36mDEBUG[0m writeAudio #0: srcPts=0:03:28.270793649 anchor(video)=0:03:28.266087554 filePts=0:00:00.000000000
[1;37m[DVR][0m [36mDEBUG[0m writeAudio #1: srcPts=0:03:28.294013604 anchor(video)=0:03:28.266087554 filePts=0:00:00.023219955
[1;37m[DVR][0m [36mDEBUG[0m writeAudio #2: srcPts=0:03:28.317233559 anchor(video)=0:03:28.266087554 filePts=0:00:00.046439910
[1;37m[DVR][0m [36mDEBUG[0m writeAudio #3: srcPts=0:03:28.340453513 anchor(video)=0:03:28.266087554 filePts=0:00:00.069659864
[1;37m[DVR][0m [36mDEBUG[0m writeAudio #4: srcPts=0:03:28.363673468 anchor(video)=0:03:28.266087554 filePts=0:00:00.092879819
[1;37m[DVR][0m [36mDEBUG[0m Subtitle Anchor set: srcPts=0:03:30.032822810
[1;37m[DVR][0m [37mINFO[0m [TIMING] video/audio/subtitle f[Detaching after vfork from child process 2250637]
[Detaching after vfork from child process 2250638]
[New Thread 0x7ec6fdeb60 (LWP 2250663)]
[Detaching after vfork from child process 2250664]
[Detaching after vfork from child process 2250666]
[Thread 0x7ec6fdeb60 (LWP 2250663) exited]
[Detaching after vfork from child process 2250716]
[Detaching after vfork from child process 2250717]
[New Thread 0x7ec6fdeb60 (LWP 2250718)]
[Detaching after vfork from child process 2250719]
[Detaching after vfork from child process 2250721]
[Thread 0x7ec6fdeb60 (LWP 2250718) exited]
[Thread 0x7ec7ffeb60 (LWP 2250636) exited]
[Thread 0x7ef5fbeb60 (LWP 2250627) exited]
[Thread 0x7ef57aeb60 (LWP 2250628) exited]
[Thread 0x7ed6fdeb60 (LWP 2250626) exited]
[Thread 0x7ef67ceb60 (LWP 2250625) exited]
[Thread 0x7ef6fdeb60 (LWP 2250624) exited]
[Thread 0x7ed5fbeb60 (LWP 2250633) exited]
[Thread 0x7ed4f9eb60 (LWP 2250635) exited]
[Thread 0x7ed57aeb60 (LWP 2250634) exited]
[Thread 0x7ed67ceb60 (LWP 2250632) exited]
[Thread 0x7ed77eeb60 (LWP 2250631) exited]
[Thread 0x7ed7ffeb60 (LWP 2250630) exited]
[Thread 0x7ef4f9eb60 (LWP 2250629) exited]
[Detaching after vfork from child process 2250771]
[Detaching after vfork from child process 2250772]
[New Thread 0x7ed67ceb60 (LWP 2250773)]
[Detaching after vfork from child process 2250774]
[Detaching after vfork from child process 2250776]
[Thread 0x7ed67ceb60 (LWP 2250773) exited]
lush (1647 frames): 57ms
[1;37m[DVR][0m [37mINFO[0m [TIMING] startEventRecording total: 94ms
[1;37m[IO][0m [93mWARN[0m No suitable input devices found
[1;37m[IO][0m [93mWARN[0m No suitable input devices found
[1;37m[IO][0m [93mWARN[0m No suitable input devices found
[1;37m[IO][0m [93mWARN[0m No suitable input devices found
[1;37m[IO][0m [93mWARN[0m No suitable input devices found
[1;37m[DVR][0m [37mINFO[0m Checking Storage
[1;37m[IO][0m [93mWARN[0m No suitable input devices found
[1;37m[IO][0m [93mWARN[0m No suitable input devices found
[1;37m[IO][0m [93mWARN[0m No suitable input devices found
[1;37m[IO][0m [93mWARN[0m No suitable input devices found
[1;37m[IO][0m [93mWARN[0m No suitable input devices found
[1;37m[IO][0m [93mWARN[0m No suitable input devices found
[1;37m[IO][0m [93mWARN[0m No suitable input devices found
[1;37m[IO][0m [93mWARN[0m No suitable input devices found
[1;37m[IO][0m [93mWARN[0m No suitable input devices found
[1;37m[IO][0m [93mWARN[0m No suitable input devices found
[1;37m[DVR][0m [37mINFO[0m Checking Storage
[1;37m[IO][0m [93mWARN[0m No suitable input devices found
[1;37m[IO][0m [93mWARN[0m No suitable input devices found
[1;37m[IO][0m [93mWARN[0m No suitable input devices found
[1;37m[IO][0m [93mWARN[0m No suitable input devices found
[1;37m[IO][0m [93mWARN[0m No suitable input devices found
[1;37m[IO][0m [93mWARN[0m No suitable input devices found
[1;37m[DVR][0m [37mINFO[0m [95mStopping [EVENT]: /mnt/udisk/VideoFiles/Event/PUA/E_260606_085556_CH4_FR30_A.mp4[0m

[1;37m[DVR][0m [1;36m=== Recording Statistics ===[0m
[1;37m[DVR][0m [37mINFO[0m Mode: EVENT | Path: [48;5;58m/mnt/udisk/VideoFiles/Event/PUA/E_260606_085556_CH4_FR30_A.mp4[0m
[1;37m[DVR][0m [37mINFO[0m Resolution: 1920x1080 | Expected: 10s+20s @ 30fps = 300+600 = 900 frames/channel | Actual Duration: 20.1s
[1;36mChannel Statistics[0m
=============================================================================
Channel      FPS          Received     Processed    Dropped      Success     
-----------------------------------------------------------------------------
Ch0          30           889          889          0            100.0%      
Ch1          30           890          890          0            100.0%      
Ch2          30           889          889          0            100.0%      
Ch3          30           889          889          0            100.0%      
SUB          30           29           29           0            100.0%      
AUDIO        -            1296         1296         0            100.0%      
TOTAL        -            3586         3586         0            100.0%      

[1;37m[DVR][0m [37mINFO[0m stop() [EVENT] audio EOS sent (+100ms)
[1;37m[DVR][0m [37mINFO[0m stop() [EVENT] audio flush wait done (+150ms)
[1;37m[DVR][0m [37mINFO[0m stop() [EVENT] video EOS sent: yes (+150ms)
[1;37m[DVR][0m [37mINFO[0m stop() [EVENT] EOS received: type=EOS (+177ms)
[1;37m[DVR][0m [37mINFO[0m stop() NULL complete at 0ms (+180ms)
[1;37m[DVR][0m [37mINFO[0m stop() [EVENT] NULL complete (+180ms)
[1;37m[DVR][0m [37mINFO[0m [95mRecording stopped [EVENT] (total: 181ms)[0m
[1;37m[DVR][0m [1;32mOK[0m [95mEvent recording stopped[0m
[1;37m[IO][0m [93mWARN[0m No suitable input devices found
[1;37m[IO][0m [93mWARN[0m No suitable input devices found
[1;37m[IO][0m [93mWARN[0m No suitable input devices found
[1;37m[IO][0m [93mWARN[0m No suitable input devices found
[1;37m[IO][0m [93mWARN[0m No suitable input devices found
[1;37m[DVR][0m [37mINFO[0m Checking Storage
[1;37m[IO][0m [93mWARN[0m No suitable input devices found
[1;37m[IO][0m [93mWARN[0m No suitable input devices found
[1;37m[DVR][0m [37mINFO[0m File rotation needed
[1;37m[DVR][0m [37mINFO[0m Rotating recording files
[1;37m[DVR][0m [37mINFO[0m Stopping [NORMAL]: /mnt/udisk/VideoFiles/Normal/N_260606_085522_#0_CH4_FR30_A.mp4

[1;37m[DVR][0m [1;36m=== Recording Statistics ===[0m
[1;37m[DVR][0m [37mINFO[0m Mode: NORMAL | Path: [48;5;58m/mnt/udisk/VideoFiles/Normal/N_260606_085522_#0_CH4_FR30_A.mp4[0m
[1;37m[DVR][0m [37mINFO[0m Resolution: 1920x1080 | Expected: 60s @ 30fps = 1800 frames/channel | Actual Duration: 60.8s
[1;36mChannel Statistics[0m
=============================================================================
Channel      FPS          Received     Processed    Dropped      Success     
-----------------------------------------------------------------------------
Ch0          30           1786         1786         0            100.0%      
Ch1          30           1790         1790         0            100.0%      
Ch2          30           1790         1790         0            100.0%      
Ch3          30           1787         1787         0            100.0%      
SUB          30           60           60           0            100.0%      
AUDIO        -            2614         2614         0            100.0%      
TOTAL        -            7213         7213         0            100.0%      

[1;37m[DVR][0m [37mINFO[0m stop() [NORMAL] audio EOS sent (+100ms)
[1;37m[DVR][0m [37mINFO[0m stop() [NORMAL] audio flush wait done (+150ms)
[1;37m[DVR][0m [37mINFO[0m stop() [NORMAL] video EOS sent: yes (+150ms)
[1;37m[DVR][0m [37mINFO[0m stop() [NORMAL] EOS received: type=EOS (+194ms)
[1;37m[DVR][0m [37mINFO[0m stop() NULL complete at 0ms (+197ms)
[1;37m[DVR][0m [37mINFO[0m stop() [NORMAL] NULL complete (+197ms)
[1;37m[DVR][0m [37mINFO[0m Recording stopped [NORMAL] (total: 198ms)
[1;37m[DVR][0m [37mINFO[0m Split mode: 1 files (4 channels per file)
[1;37m[DVR][0m [37mINFO[0m Starting NORMAL recording

[1;37m[GST][0m [1;36m=== FileWriter Pipeline ===[0m
[32mmp4mux name=mux fragment-duration=1000 ! filesink name=fsink location=/mnt/udisk/VideoFiles/Normal/N_260606_085623_#0_CH4_FR30_A.mp4 
appsrc name=dvr_source0 is-live=true do-timestamp=false format=time ! queue max-size-buffers=120 max-size-time=0 max-size-bytes=0 ! mux.video_0 
appsrc name=dvr_source1 is-live=true do-timestamp=false format=time ! queue max-size-buffers=120 max-size-time=0 max-size-bytes=0 ! mux.video_1 
appsrc name=dvr_source2 is-live=true do-timestamp=false format=time ! queue max-size-buffers=120 max-size-time=0 max-size-bytes=0 ! mux.video_2 
appsrc name=dvr_source3 is-live=true do-timestamp=false format=time ! queue max-size-buffers=120 max-size-time=0 max-size-bytes=0 ! mux.video_3 
appsrc name=dvr_source1000 is-live=true do-timestamp=false format=time caps="text/x-raw,format=utf8" ! queue max-size-buffers=120 max-size-time=0 max-size-bytes=0 ! mux.subtitle_0 
appsrc name=dvr_audio_src is-live=true do-timestamp=false format=time caps=audio/mpeg,mpegversion=4,stream-format=adts ! queue max-size-buffers=200 max-size-time=0 max-size-bytes=0 flush-on-eos=true ! mux.audio_0 
[0m
[1;37m[DVR][0m [37mINFO[0m [TIMING][NORMAL] gst_parse_launch: 1ms
[1;37m[DVR][0m [37mINFO[0m [TIMING][NORMAL] parser wait: 0ms (ready=yes)
[1;37m[DVR][0m [37mINFO[0m Recording started [NORMAL]: /mnt/udisk/VideoFiles/Normal/N_260606_085623_#0_CH4_FR30_A.mp4
[1;37m[DVR][0m [37mINFO[0m   Duration: 60s | Channels: Ch0:30fps, Ch1:30fps, Ch2:30fps, Ch3:30fps | Audio: yes
[1;37m[DVR][0m [36mDEBUG[0m Anchor set: ch1 srcPts=0:04:04.597041199
[1;37m[DVR][0m [36mDEBUG[0m Subtitle Anchor set: srcPts=0:04:04.898929451
[1;37m[DVR][0m [36mDEBUG[0m Audio Anchor set: srcPts=0:04:04.540362810
[1;37m[DVR][0m [36mDEBUG[0m writeAudio #0: srcPts=0:04:04.540362810 anchor(video)=0:04:04.597041199 filePts=0:00:00.000000000
[1;37m[DVR][0m [36mDEBUG[0m writeAudio #1: srcPts=0:04:04.563582765 anchor(video)=0:04:04.597041199 filePts=0:00:00.023219955
[1;37m[DVR][0m [36mDEBUG[0m writeAudio #2: srcPts=0:04:04.586802720 anchor(video)=0:04:04.597041199 filePts=0:00:00.046439910
[1;37m[DVR][0m [36mDEBUG[0m writeAudio #3: srcPts=0:04:04.610022674 anchor(video)=0:04:04.597041199 filePts=0:00:00.069659864
[1;37m[DVR][0m [36mDEBUG[0m writeAudio #4: srcPts=0:04:04.633242629 anchor(video[Detaching after vfork from child process 2250828]
[Detaching after vfork from child process 2250829]
[New Thread 0x7ed67ceb60 (LWP 2250830)]
[Detaching after vfork from child process 2250831]
[Detaching after vfork from child process 2250833]
[Thread 0x7ed67ceb60 (LWP 2250830) exited]
[New Thread 0x7ed67ceb60 (LWP 2250861)]
[New Thread 0x7ed4f9eb60 (LWP 2250862)]
[New Thread 0x7ed57aeb60 (LWP 2250863)]
[New Thread 0x7ed5fbeb60 (LWP 2250864)]
[New Thread 0x7ef6fdeb60 (LWP 2250865)]
[New Thread 0x7ef67ceb60 (LWP 2250866)]
[New Thread 0x7ef5fbeb60 (LWP 2250867)]
[New Thread 0x7ef57aeb60 (LWP 2250868)]
[New Thread 0x7ef4f9eb60 (LWP 2250869)]
[New Thread 0x7ed7ffeb60 (LWP 2250870)]
[New Thread 0x7ed77eeb60 (LWP 2250871)]
[New Thread 0x7ed6fdeb60 (LWP 2250872)]
[New Thread 0x7ec7ffeb60 (LWP 2250873)]
[New Thread 0x7ec6fdeb60 (LWP 2250907)]
[Detaching after vfork from child process 2250908]
[Detaching after vfork from child process 2250910]
[Thread 0x7ec6fdeb60 (LWP 2250907) exited]
[Detaching after vfork from child process 2250912]
[Detaching after vfork from child process 2250913]
)=0:04:04.597041199 filePts=0:00:00.092879819
[1;37m[IO][0m [93mWARN[0m No suitable input devices found
[1;37m[IO][0m [93mWARN[0m No suitable input devices found
[1;37m[IO][0m [93mWARN[0m No suitable input devices found
[1;37m[IO][0m [93mWARN[0m No suitable input devices found
[1;37m[IO][0m [93mWARN[0m No suitable input devices found
[1;37m[IO][0m [93mWARN[0m No suitable input devices found
[1;37m[IO][0m [93mWARN[0m No suitable input devices found
[1;37m[IO][0m [93mWARN[0m No suitable input devices found
[1;37m[DVR][0m [37mINFO[0m Checking Storage
[1;37m[IO][0m [93mWARN[0m No suitable input devices found
[1;37m[IO][0m [93mWARN[0m No suitable input devices found
[1;37m[IO][0m [93mWARN[0m No suitable input devices found
[1;37m[IO][0m [93mWARN[0m No suitable input devices found
[1;37m[IO][0m [93mWARN[0m No suitable input devices found
[1;37m[IO][0m [93mWARN[0m No suitable input devices found
[1;37m[DVR][0m [37mINFO[0m Dr.Safe PUA Activated

[1;37m[GST][0m [1;36m=== FileWriter Pipeline ===[0m
[32mmp4mux name=mux fragment-duration=1000 ! filesink name=fsink location=/mnt/udisk/VideoFiles/Event/PUA/E_260606_085636_CH4_FR30_A.mp4 
appsrc name=dvr_source0 is-live=true do-timestamp=false format=time ! queue max-size-buffers=120 max-size-time=0 max-size-bytes=0 ! mux.video_0 
appsrc name=dvr_source1 is-live=true do-timestamp=false format=time ! queue max-size-buffers=120 max-size-time=0 max-size-bytes=0 ! mux.video_1 
appsrc name=dvr_source2 is-live=true do-timestamp=false format=time ! queue max-size-buffers=120 max-size-time=0 max-size-bytes=0 ! mux.video_2 
appsrc name=dvr_source3 is-live=true do-timestamp=false format=time ! queue max-size-buffers=120 max-size-time=0 max-size-bytes=0 ! mux.video_3 
appsrc name=dvr_source2000 is-live=true do-timestamp=false format=time caps="text/x-raw,format=utf8" ! queue max-size-buffers=120 max-size-time=0 max-size-bytes=0 ! mux.subtitle_0 
appsrc name=dvr_audio_src is-live=true do-timestamp=false format=time caps=audio/mpeg,mpegversion=4,stream-format=adts ! queue max-size-buffers=200 max-size-time=0 max-size-bytes=0 flush-on-eos=true ! mux.audio_0 
[0m
[1;37m[DVR][0m [37mINFO[0m [TIMING][EVENT] gst_parse_launch: 3ms
[1;37m[DVR][0m [37mINFO[0m [TIMING] initialize: 3ms
[1;37m[DVR][0m [37mINFO[0m [TIMING][EVENT] parser wait: 0ms (ready=yes)
[1;37m[DVR][0m [37mINFO[0m [95mRecording started [EVENT]: /mnt/udisk/VideoFiles/Event/PUA/E_260606_085636_CH4_FR30_A.mp4[0m
[1;37m[DVR][0m [37mINFO[0m [95m  Duration: 10+20s | Channels: Ch0:30fps, Ch1:30fps, Ch2:30fps, Ch3:30fps | Audio: yes[0m
[1;37m[DVR][0m [37mINFO[0m [TIMING] start: 29ms
[1;37m[DVR][0m [36mDEBUG[0m Anchor set: ch1 srcPts=0:04:08.430595812
[1;37m[DVR][0m [36mDEBUG[0m Audio Anchor set: srcPts=0:04:08.441315191
[1;37m[DVR][0m [36mDEBUG[0m writeAudio #0: srcPts=0:04:08.441315191 anchor(video)=0:04:08.430595812 filePts=0:00:00.000000000
[1;37m[DVR][0m [36mDEBUG[0m writeAudio #1: srcPts=0:04:08.464535146 anchor(video)=0:04:08.430595812 filePts=0:00:00.023219955
[1;37m[DVR][0m [36mDEBUG[0m writeAudio #2: srcPts=0:04:08.487755101 anchor(video)=0:04:08.430595812 filePts=0:00:00.046439910
[1;37m[DVR][0m [36mDEBUG[0m writeAudio #3: srcPts=0:04:08.510975055 anchor(video)=0:04:08.430595812 filePts=0:00:00.069659864
[1;37m[DVR][0m [36mDEBUG[0m writeAudio #4: srcPts=0:04:08.534195010 anchor(video)=0:04:08.430595812 filePts=0:00:00.092879819
[1;37m[DVR][0m [36mDEBUG[0m Subtitle Anchor set: srcPts=0:04:10.198968427
[1;37m[DVR][0m [37mINFO[0m [TIMING] video/audio/subtitle flush (1644 frames): 50ms
[1;37m[DVR][0m [37mINFO[0m [TIMING] startEventRecording total: 83ms
[1;37m[IO][0m [93mWARN[0m No suitable input devices found
[1;37m[IO][0m [93mWARN[0m No suitable input devices found
[1;37m[IO][0m [93mWARN[0m No suitable input devices found
[1;37m[IO][0m [93mWARN[0m No suitable input devices found
[1;37m[IO][0m [93mWARN[0m No suitable input devices found
[1;37m[DVR][0m [37mINFO[0m Checking Storage
[[New Thread 0x7ec6fdeb60 (LWP 2250971)]
[Detaching after vfork from child process 2250972]
[Detaching after vfork from child process 2250974]
[Thread 0x7ec6fdeb60 (LWP 2250971) exited]
[Thread 0x7ec7ffeb60 (LWP 2250873) exited]
[Detaching after vfork from child process 2250976]
[Detaching after vfork from child process 2250977]
[Thread 0x7ed4f9eb60 (LWP 2250862) exited]
[Thread 0x7ed5fbeb60 (LWP 2250864) exited]
[Thread 0x7ef6fdeb60 (LWP 2250865) exited]
[Thread 0x7ed57aeb60 (LWP 2250863) exited]
[Thread 0x7ef67ceb60 (LWP 2250866) exited]
[Thread 0x7ed67ceb60 (LWP 2250861) exited]
[Thread 0x7ef5fbeb60 (LWP 2250867) exited]
[Thread 0x7ed6fdeb60 (LWP 2250872) exited]
[Thread 0x7ed77eeb60 (LWP 2250871) exited]
[Thread 0x7ef4f9eb60 (LWP 2250869) exited]
[Thread 0x7ed7ffeb60 (LWP 2250870) exited]
[Thread 0x7ef57aeb60 (LWP 2250868) exited]
[New Thread 0x7ed6fdeb60 (LWP 2251038)]
[Detaching after vfork from child process 2251039]
[Detaching after vfork from child process 2251041]
[Thread 0x7ed6fdeb60 (LWP 2251038) exited]
[Detaching after vfork from child process 2251071]
[Detaching after vfork from child process 2251072]
[New Thread 0x7ed6fdeb60 (LWP 2251101)]
[Detaching after vfork from child process 2251102]
[Detaching after vfork from child process 2251104]
[Thread 0x7ed6fdeb60 (LWP 2251101) exited]
[Thread 0x7ec77eeb60 (LWP 2250623) exited]
[Detaching after vfork from child process 2251134]
[Detaching after vfork from child process 2251135]
1;37m[IO][0m [93mWARN[0m No suitable input devices found
[1;37m[IO][0m [93mWARN[0m No suitable input devices found
[1;37m[IO][0m [93mWARN[0m No suitable input devices found
[1;37m[IO][0m [93mWARN[0m No suitable input devices found
[1;37m[IO][0m [93mWARN[0m No suitable input devices found
[1;37m[IO][0m [93mWARN[0m No suitable input devices found
[1;37m[IO][0m [93mWARN[0m No suitable input devices found
[1;37m[IO][0m [93mWARN[0m No suitable input devices found
[1;37m[IO][0m [93mWARN[0m No suitable input devices found
[1;37m[IO][0m [93mWARN[0m No suitable input devices found
[1;37m[DVR][0m [37mINFO[0m Checking Storage
[1;37m[IO][0m [93mWARN[0m No suitable input devices found
[1;37m[IO][0m [93mWARN[0m No suitable input devices found
[1;37m[IO][0m [93mWARN[0m No suitable input devices found
[1;37m[IO][0m [93mWARN[0m No suitable input devices found
[1;37m[IO][0m [93mWARN[0m No suitable input devices found
[1;37m[DVR][0m [37mINFO[0m [95mStopping [EVENT]: /mnt/udisk/VideoFiles/Event/PUA/E_260606_085636_CH4_FR30_A.mp4[0m

[1;37m[DVR][0m [1;36m=== Recording Statistics ===[0m
[1;37m[DVR][0m [37mINFO[0m Mode: EVENT | Path: [48;5;58m/mnt/udisk/VideoFiles/Event/PUA/E_260606_085636_CH4_FR30_A.mp4[0m
[1;37m[DVR][0m [37mINFO[0m Resolution: 1920x1080 | Expected: 10s+20s @ 30fps = 300+600 = 900 frames/channel | Actual Duration: 20.1s
[1;36mChannel Statistics[0m
=============================================================================
Channel      FPS          Received     Processed    Dropped      Success     
-----------------------------------------------------------------------------
Ch0          30           887          887          0            100.0%      
Ch1          30           885          885          0            100.0%      
Ch2          30           886          886          0            100.0%      
Ch3          30           888          888          0            100.0%      
SUB          30           29           29           0            100.0%      
AUDIO        -            1295         1295         0            100.0%      
TOTAL        -            3575         3575         0            100.0%      

[1;37m[DVR][0m [37mINFO[0m stop() [EVENT] audio EOS sent (+100ms)
[1;37m[DVR][0m [37mINFO[0m stop() [EVENT] audio flush wait done (+150ms)
[1;37m[DVR][0m [37mINFO[0m stop() [EVENT] video EOS sent: yes (+150ms)
[1;37m[DVR][0m [37mINFO[0m stop() [EVENT] EOS received: type=EOS (+192ms)
[1;37m[DVR][0m [37mINFO[0m stop() NULL complete at 0ms (+194ms)
[1;37m[DVR][0m [37mINFO[0m stop() [EVENT] NULL complete (+194ms)
[1;37m[DVR][0m [37mINFO[0m [95mRecording stopped [EVENT] (total: 195ms)[0m
[1;37m[DVR][0m [1;32mOK[0m [95mEvent recording stopped[0m
[1;37m[IO][0m [93mWARN[0m No suitable input devices found
[1;37m[IO][0m [93mWARN[0m No suitable input devices found
[1;37m[IO][0m [93mWARN[0m No suitable input devices found
[1;37m[IO][0m [93mWARN[0m No suitable input devices found
[1;37m[IO][0m [93mWARN[0m No suitable input devices found
[1;37m[IO][0m [93mWARN[0m No suitable input devices found
[1;37m[DVR][0m [37mINFO[0m Checking Storage
[1;37m[IO][0m [93mWARN[0m No suitable input devices found
[1;37m[IO][0m [93mWARN[0m No suitable input devices found
[1;37m[IO][0m [93mWARN[0m No suitable input devices found
[1;37m[IO][0m [93mWARN[0m No suitable input devices found
[1;37m[IO][0m [93mWARN[0m No suitable input devices found
[1;37m[IO][0m [93mWARN[0m No suitable input devices found
[1;37m[IO][0m [93mWARN[0m No suitable input devices found
[1;37m[IO][0m [93mWARN[0m No suitable input devices found
[1;37m[IO][0m [93mWARN[0m No suitable input devices found
[1;37m[IO][0m [93mWARN[0m No suitable input devices found
[1;37m[DVR][0m [37mINFO[0m Checking Storage
[1;37m[IO][0m [93mWARN[0m No suitable input devices found
[1;37m[IO][0m [93mWARN[0m No suitable input devices found
[1;37m[IO][0m [93mWARN[0m No suitable input devices found
[1;37m[I[New Thread 0x7ec77eeb60 (LWP 2251164)]
[Detaching after vfork from child process 2251165]
[Detaching after vfork from child process 2251167]
[Thread 0x7ec77eeb60 (LWP 2251164) exited]
O][0m [93mWARN[0m No suitable input devices found
[1;37m[IO][0m [93mWARN[0m No suitable input devices found
[1;37m[IO][0m [93mWARN[0m No suitable input devices found
[1;37m[IO][0m [93mWARN[0m No suitable input devices found
[1;37m[IO][0m [93mWARN[0m No suitable input devices found
[1;37m[IO][0m [93mWARN[0m No suitable input devices found
[1;37m[IO][0m [93mWARN[0m No suitable input devices found
[1;37m[IO][0m [93mWARN[0m No suitable input devices found
[1;37m[DVR][0m [37mINFO[0m Checking Storage
[1;37m[IO][0m [93mWARN[0m No suitable input devices found
[1;37m[IO][0m [93mWARN[0m No suitable input devices found
[1;37m[DVR][0m [37mINFO[0m File rotation needed
[1;37m[DVR][0m [37mINFO[0m Rotating recording files
[1;37m[DVR][0m [37mINFO[0m Stopping [NORMAL]: /mnt/udisk/VideoFiles/Normal/N_260606_085623_#0_CH4_FR30_A.mp4

[1;37m[DVR][0m [1;36m=== Recording Statistics ===[0m
[1;37m[DVR][0m [37mINFO[0m Mode: NORMAL | Path: [48;5;58m/mnt/udisk/VideoFiles/Normal/N_260606_085623_#0_CH4_FR30_A.mp4[0m
[1;37m[DVR][0m [37mINFO[0m Resolution: 1920x1080 | Expected: 60s @ 30fps = 1800 frames/channel | Actual Duration: 60.8s
[1;36mChannel Statistics[0m
=============================================================================
Channel      FPS          Received     Processed    Dropped      Success     
-----------------------------------------------------------------------------
Ch0          30           1795         1795         0            100.0%      
Ch1          30           1793         1793         0            100.0%      
Ch2          30           1792         1792         0            100.0%      
Ch3          30           1797         1797         0            100.0%      
SUB          30           60           60           0            100.0%      
AUDIO        -            2615         2615         0            100.0%      
TOTAL        -            7237         7237         0            100.0%      

[1;37m[DVR][0m [37mINFO[0m stop() [NORMAL] audio EOS sent (+100ms)
[1;37m[DVR][0m [37mINFO[0m stop() [NORMAL] audio flush wait done (+150ms)
[1;37m[DVR][0m [37mINFO[0m stop() [NORMAL] video EOS sent: yes (+150ms)
[1;37m[DVR][0m [37mINFO[0m stop() [NORMAL] EOS received: type=EOS (+186ms)
[1;37m[DVR][0m [37mINFO[0m stop() NULL complete at 0ms (+191ms)
[1;37m[DVR][0m [37mINFO[0m stop() [NORMAL] NULL complete (+191ms)
[1;37m[DVR][0m [37mINFO[0m Recording stopped [NORMAL] (total: 193ms)
[1;37m[DVR][0m [37mINFO[0m Split mode: 1 files (4 channels per file)
[1;37m[DVR][0m [37mINFO[0m Starting NORMAL recording

[1;37m[GST][0m [1;36m=== FileWriter Pipeline ===[0m
[32mmp4mux name=mux fragment-duration=1000 ! filesink name=fsink location=/mnt/udisk/VideoFiles/Normal/N_260606_085724_#0_CH4_FR30_A.mp4 
appsrc name=dvr_source0 is-live=true do-timestamp=false format=time ! queue max-size-buffers=120 max-size-time=0 max-size-bytes=0 ! mux.video_0 
appsrc name=dvr_source1 is-live=true do-timestamp=false format=time ! queue max-size-buffers=120 max-size-time=0 max-size-bytes=0 ! mux.video_1 
appsrc name=dvr_source2 is-live=true do-timestamp=false format=time ! queue max-size-buffers=120 max-size-time=0 max-size-bytes=0 ! mux.video_2 
appsrc name=dvr_source3 is-live=true do-timestamp=false format=time ! queue max-size-buffers=120 max-size-time=0 max-size-bytes=0 ! mux.video_3 
appsrc name=dvr_source1000 is-live=true do-timestamp=false format=time caps="text/x-raw,format=utf8" ! queue max-size-buffers=120 max-size-time=0 max-size-bytes=0 ! mux.subtitle_0 
appsrc name=dvr_audio_src is-live=true do-timestamp=false format=time caps=audio/mpeg,mpegversion=4,stream-format=adts ! queue max-size-buffers=200 max-size-time=0 max-size-bytes=0 flush-on-eos=true ! mux.audio_0 
[0m
[1;37m[DVR][0m [37mINFO[0m [TIMING][NORMAL] gst_parse_launch: 3ms
[1;37m[DVR][0m [37mINFO[0m [TIMING][NORMAL] parser wait: 0ms (ready=yes)
[1;37m[DVR][0m [37mINFO[0m Recording started [NORMAL]: /mnt/udisk/VideoFiles/Normal/N_260606_085724_#0_CH4_FR30_A.mp4
[1;[New Thread 0x7ec77eeb60 (LWP 2251197)]
[Detaching after vfork from child process 2251198]
[Detaching after vfork from child process 2251199]
[New Thread 0x7ed6fdeb60 (LWP 2251200)]
[New Thread 0x7ed77eeb60 (LWP 2251201)]
[New Thread 0x7ed7ffeb60 (LWP 2251202)]
[New Thread 0x7ef6fdeb60 (LWP 2251203)]
[New Thread 0x7ef67ceb60 (LWP 2251204)]
[New Thread 0x7ef5fbeb60 (LWP 2251205)]
[New Thread 0x7ef57aeb60 (LWP 2251206)]
[New Thread 0x7ef4f9eb60 (LWP 2251207)]
[New Thread 0x7ed67ceb60 (LWP 2251208)]
[New Thread 0x7ed5fbeb60 (LWP 2251209)]
[New Thread 0x7ed57aeb60 (LWP 2251210)]
[New Thread 0x7ed4f9eb60 (LWP 2251211)]
[New Thread 0x7ec7ffeb60 (LWP 2251212)]
37m[DVR][0m [37mINFO[0m   Duration: 60s | Channels: Ch0:30fps, Ch1:30fps, Ch2:30fps, Ch3:30fps | Audio: yes
[1;37m[DVR][0m [36mDEBUG[0m Anchor set: ch2 srcPts=0:05:05.498989668
[1;37m[DVR][0m [36mDEBUG[0m Audio Anchor set: srcPts=0:05:05.469523808
[1;37m[DVR][0m [36mDEBUG[0m writeAudio #0: srcPts=0:05:05.469523808 anchor(video)=0:05:05.498989668 filePts=0:00:00.000000000
[1;37m[DVR][0m [36mDEBUG[0m writeAudio #1: srcPts=0:05:05.492743763 anchor(video)=0:05:05.498989668 filePts=0:00:00.023219955
[1;37m[DVR][0m [36mDEBUG[0m writeAudio #2: srcPts=0:05:05.515963717 anchor(video)=0:05:05.498989668 filePts=0:00:00.046439909
[1;37m[DVR][0m [36mDEBUG[0m writeAudio #3: srcPts=0:05:05.539183672 anchor(video)=0:05:05.498989668 filePts=0:00:00.069659864
[1;37m[DVR][0m [36mDEBUG[0m writeAudio #4: srcPts=0:05:05.562403627 anchor(video)=0:05:05.498989668 filePts=0:00:00.092879819
[1;37m[DVR][0m [36mDEBUG[0m Subtitle Anchor set: srcPts=0:05:05.964636184
[1;37m[IO][0m [93mWARN[0m No suitable input devices found
[1;37m[IO][0m [93mWARN[0m No suitable input devices found
[1;37m[DVR][0m [37mINFO[0m Dr.Safe PUA Activated

[1;37m[GST][0m [1;36m=== FileWriter Pipeline ===[0m
[32mmp4mux name=mux fragment-duration=1000 ! filesink name=fsink location=/mnt/udisk/VideoFiles/Event/PUA/E_260606_085726_CH4_FR30_A.mp4 
appsrc name=dvr_source0 is-live=true do-timestamp=false format=time ! queue max-size-buffers=120 max-size-time=0 max-size-bytes=0 ! mux.video_0 
appsrc name=dvr_source1 is-live=true do-timestamp=false format=time ! queue max-size-buffers=120 max-size-time=0 max-size-bytes=0 ! mux.video_1 
appsrc name=dvr_source2 is-live=true do-timestamp=false format=time ! queue max-size-buffers=120 max-size-time=0 max-size-bytes=0 ! mux.video_2 
appsrc name=dvr_source3 is-live=true do-timestamp=false format=time ! queue max-size-buffers=120 max-size-time=0 max-size-bytes=0 ! mux.video_3 
appsrc name=dvr_source2000 is-live=true do-timestamp=false format=time caps="text/x-raw,format=utf8" ! queue max-size-buffers=120 max-size-time=0 max-size-bytes=0 ! mux.subtitle_0 
appsrc name=dvr_audio_src is-live=true do-timestamp=false format=time caps=audio/mpeg,mpegversion=4,stream-format=adts ! queue max-size-buffers=200 max-size-time=0 max-size-bytes=0 flush-on-eos=true ! mux.audio_0 
[0m
[1;37m[DVR][0m [37mINFO[0m [TIMING][EVENT] gst_parse_launch: 2ms
[1;37m[DVR][0m [37mINFO[0m [TIMING] initialize: 2ms
[1;37m[DVR][0m [37mINFO[0m [TIMING][EVENT] parser wait: 0ms (ready=yes)
[1;37m[DVR][0m [37mINFO[0m [95mRecording started [EVENT]: /mnt/udisk/VideoFiles/Event/PUA/E_260606_085726_CH4_FR30_A.mp4[0m
[1;37m[DVR][0m [37mINFO[0m [95m  Duration: 10+20s | Channels: Ch0:30fps, Ch1:30fps, Ch2:30fps, Ch3:30fps | Audio: yes[0m
[1;37m[DVR][0m [37mINFO[0m [TIMING] start: 19ms
[1;37m[DVR][0m [36mDEBUG[0m Anchor set: ch2 srcPts=0:04:58.499204641
[1;37m[DVR][0m [36mDEBUG[0m Audio Anchor set: srcPts=0:04:58.503537414
[1;37m[DVR][0m [36mDEBUG[0m writeAudio #0: srcPts=0:04:58.503537414 anchor(video)=0:04:58.499204641 filePts=0:00:00.000000000
[1;37m[DVR][0m [36mDEBUG[0m writeAudio #1: srcPts=0:04:58.526757368 anchor(video)=0:04:58.499204641 filePts=0:00:00.023219954
[1;37m[DVR][0m [36mDEBUG[0m writeAudio #2: srcPts=0:04:58.549977323 anchor(video)=0:04:58.499204641 filePts=0:00:00.046439909
[1;37m[DVR][0m [36mDEBUG[0m writeAudio #3: srcPts=0:04:58.573197278 anchor(video)=0:04:58.499204641 filePts=0:00:00.069659864
[1;37m[DVR][0m [36mDEBUG[0m writeAudio #4: srcPts=0:04:58.596417232 anchor(video)=0:04:58.499204641 filePts=0:00:00.092879818
[1;37m[DVR][0m [36mDEBUG[0m Subtitle Anchor set: srcPts=0:05:00.397872886
[1;37m[DVR][0m [37mINFO[0m [TIMING] video/audio/subtitle flush (1646 frames): 63ms
[1;37m[DVR][0m [37mINFO[0m [TIMING] startEventRecording total: 86ms
[1;37m[IO][0m [93mWARN[0m No suitable input devices found
[1;37m[IO][0m [93mWARN[0m No suitable input devices found
[1;37m[IO][0m [93mWARN[0m No suitable input devices found
[1;37m[IO][0m [93mWARN[New Thread 0x7ec6fdeb60 (LWP 2251245)]
[Detaching after vfork from child process 2251246]
[Detaching after vfork from child process 2251248]
[Thread 0x7ec6fdeb60 (LWP 2251245) exited]
[Detaching after vfork from child process 2251283]
[Detaching after vfork from child process 2251284]
[Thread 0x7ec7ffeb60 (LWP 2251212) exited]
[New Thread 0x7ec7ffeb60 (LWP 2251323)]
[Detaching after vfork from child process 2251324]
[Detaching after vfork from child process 2251326]
[Thread 0x7ec7ffeb60 (LWP 2251323) exited]
[Thread 0x7ed6fdeb60 (LWP 2251200) exited]
[Thread 0x7ed77eeb60 (LWP 2251201) exited]
[Thread 0x7ed7ffeb60 (LWP 2251202) exited]
[Thread 0x7ef6fdeb60 (LWP 2251203) exited]
[Thread 0x7ef67ceb60 (LWP 2251204) exited]
[Thread 0x7ed5fbeb60 (LWP 2251209) exited]
[Thread 0x7ed57aeb60 (LWP 2251210) exited]
[Thread 0x7ed4f9eb60 (LWP 2251211) exited]
[Thread 0x7ed67ceb60 (LWP 2251208) exited]
[Thread 0x7ef4f9eb60 (LWP 2251207) exited]
[Thread 0x7ef57aeb60 (LWP 2251206) exited]
[Thread 0x7ef5fbeb60 (LWP 2251205) exited]
[Detaching after vfork from child process 2251360]
[Detaching after vfork from child process 2251361]
[New Thread 0x7ed4f9eb60 (LWP 2251394)]
[Detaching after vfork from child process 2251395]
[Detaching after vfork from child process 2251397]
[Thread 0x7ed4f9eb60 (LWP 2251394) exited]
[Detaching after vfork from child process 2251446]
[Detaching after vfork from child process 2251447]
[Thread 0x7ec77eeb60 (LWP 2251197) exited]
[0m No suitable input devices found
[1;37m[IO][0m [93mWARN[0m No suitable input devices found
[1;37m[IO][0m [93mWARN[0m No suitable input devices found
[1;37m[DVR][0m [37mINFO[0m Checking Storage
[1;37m[IO][0m [93mWARN[0m No suitable input devices found
[1;37m[IO][0m [93mWARN[0m No suitable input devices found
[1;37m[IO][0m [93mWARN[0m No suitable input devices found
[1;37m[IO][0m [93mWARN[0m No suitable input devices found
[1;37m[IO][0m [93mWARN[0m No suitable input devices found
[1;37m[IO][0m [93mWARN[0m No suitable input devices found
[1;37m[IO][0m [93mWARN[0m No suitable input devices found
[1;37m[IO][0m [93mWARN[0m No suitable input devices found
[1;37m[IO][0m [93mWARN[0m No suitable input devices found
[1;37m[IO][0m [93mWARN[0m No suitable input devices found
[1;37m[IO][0m [93mWARN[0m No suitable input devices found
[1;37m[DVR][0m [37mINFO[0m Checking Storage
[1;37m[IO][0m [93mWARN[0m No suitable input devices found
[1;37m[IO][0m [93mWARN[0m No suitable input devices found
[1;37m[IO][0m [93mWARN[0m No suitable input devices found
[1;37m[IO][0m [93mWARN[0m No suitable input devices found
[1;37m[DVR][0m [37mINFO[0m [95mStopping [EVENT]: /mnt/udisk/VideoFiles/Event/PUA/E_260606_085726_CH4_FR30_A.mp4[0m

[1;37m[DVR][0m [1;36m=== Recording Statistics ===[0m
[1;37m[DVR][0m [37mINFO[0m Mode: EVENT | Path: [48;5;58m/mnt/udisk/VideoFiles/Event/PUA/E_260606_085726_CH4_FR30_A.mp4[0m
[1;37m[DVR][0m [37mINFO[0m Resolution: 1920x1080 | Expected: 10s+20s @ 30fps = 300+600 = 900 frames/channel | Actual Duration: 20.1s
[1;36mChannel Statistics[0m
=============================================================================
Channel      FPS          Received     Processed    Dropped      Success     
-----------------------------------------------------------------------------
Ch0          30           893          893          0            100.0%      
Ch1          30           893          893          0            100.0%      
Ch2          30           890          890          0            100.0%      
Ch3          30           891          891          0            100.0%      
SUB          30           29           29           0            100.0%      
AUDIO        -            1296         1296         0            100.0%      
TOTAL        -            3596         3596         0            100.0%      

[1;37m[DVR][0m [37mINFO[0m stop() [EVENT] audio EOS sent (+100ms)
[1;37m[DVR][0m [37mINFO[0m stop() [EVENT] audio flush wait done (+150ms)
[1;37m[DVR][0m [37mINFO[0m stop() [EVENT] video EOS sent: yes (+150ms)
[1;37m[DVR][0m [37mINFO[0m stop() [EVENT] EOS received: type=EOS (+175ms)
[1;37m[DVR][0m [37mINFO[0m stop() NULL complete at 0ms (+178ms)
[1;37m[DVR][0m [37mINFO[0m stop() [EVENT] NULL complete (+178ms)
[1;37m[DVR][0m [37mINFO[0m [95mRecording stopped [EVENT] (total: 179ms)[0m
[1;37m[DVR][0m [1;32mOK[0m [95mEvent recording stopped[0m
[1;37m[IO][0m [93mWARN[0m No suitable input devices found
[1;37m[IO][0m [93mWARN[0m No suitable input devices found
[1;37m[IO][0m [93mWARN[0m No suitable input devices found
[1;37m[IO][0m [93mWARN[0m No suitable input devices found
[1;37m[IO][0m [93mWARN[0m No suitable input devices found
[1;37m[IO][0m [93mWARN[0m No suitable input devices found
[1;37m[DVR][0m [37mINFO[0m Checking Storage
[1;37m[IO][0m [93mWARN[0m No suitable input devices found
[1;37m[IO][0m [93mWARN[0m No suitable input devices found
[1;37m[IO][0m [93mWARN[0m No suitable input devices found
[1;37m[IO][0m [93mWARN[0m No suitable input devices found
[1;37m[IO][0m [93mWARN[0m No suitable input devices found
[1;37m[IO][0m [93mWARN[0m No suitable input devices found
[1;37m[IO][0m [93mWARN[0m No suitable input devices found
[1;37m[IO][0m [93mWARN[0m No suitable input devices found
[1;37m[IO][0m [93mWARN[0m No suitable input devices found
[1;37m[IO][0m [93mWARN[0m No suitable input devices found
[1;37m[DVR][0m [37mINFO[0m C[New Thread 0x7ec77eeb60 (LWP 2251465)]
[Detaching after vfork from child process 2251466]
[Detaching after vfork from child process 2251468]
[Thread 0x7ec77eeb60 (LWP 2251465) exited]
[Detaching after vfork from child process 2251534]
[Detaching after vfork from child process 2251535]
[New Thread 0x7ec77eeb60 (LWP 2251536)]
[Detaching after vfork from child process 2251537]
[Detaching after vfork from child process 2251539]
[Thread 0x7ec77eeb60 (LWP 2251536) exited]
[Detaching after vfork from child process 2251605]
[Detaching after vfork from child process 2251606]
[New Thread 0x7ec77eeb60 (LWP 2251607)]
[Detaching after vfork from child process 2251608]
[Detaching after vfork from child process 2251610]
[Thread 0x7ec77eeb60 (LWP 2251607) exited]
hecking Storage
[1;37m[IO][0m [93mWARN[0m No suitable input devices found
[1;37m[IO][0m [93mWARN[0m No suitable input devices found
[1;37m[IO][0m [93mWARN[0m No suitable input devices found
[1;37m[IO][0m [93mWARN[0m No suitable input devices found
[1;37m[IO][0m [93mWARN[0m No suitable input devices found
[1;37m[IO][0m [93mWARN[0m No suitable input devices found
[1;37m[IO][0m [93mWARN[0m No suitable input devices found
[1;37m[IO][0m [93mWARN[0m No suitable input devices found
[1;37m[IO][0m [93mWARN[0m No suitable input devices found
[1;37m[IO][0m [93mWARN[0m No suitable input devices found
[1;37m[IO][0m [93mWARN[0m No suitable input devices found
[1;37m[DVR][0m [37mINFO[0m Checking Storage
[1;37m[IO][0m [93mWARN[0m No suitable input devices found
[1;37m[IO][0m [93mWARN[0m No suitable input devices found
[1;37m[IO][0m [93mWARN[0m No suitable input devices found
[1;37m[IO][0m [93mWARN[0m No suitable input devices found
[1;37m[IO][0m [93mWARN[0m No suitable input devices found
[1;37m[IO][0m [93mWARN[0m No suitable input devices found
[1;37m[IO][0m [93mWARN[0m No suitable input devices found
[1;37m[IO][0m [93mWARN[0m No suitable input devices found
[1;37m[IO][0m [93mWARN[0m No suitable input devices found
[1;37m[IO][0m [93mWARN[0m No suitable input devices found
[1;37m[DVR][0m [37mINFO[0m Checking Storage
[1;37m[IO][0m [93mWARN[0m No suitable input devices found
[1;37m[IO][0m [93mWARN[0m No suitable input devices found
[1;37m[DVR][0m [37mINFO[0m File rotation needed
[1;37m[DVR][0m [37mINFO[0m Rotating recording files
[1;37m[DVR][0m [37mINFO[0m Stopping [NORMAL]: /mnt/udisk/VideoFiles/Normal/N_260606_085724_#0_CH4_FR30_A.mp4
[1;37m[IO][0m [93mWARN[0m No suitable input devices found

[1;37m[DVR][0m [1;36m=== Recording Statistics ===[0m
[1;37m[DVR][0m [37mINFO[0m Mode: NORMAL | Path: [48;5;58m/mnt/udisk/VideoFiles/Normal/N_260606_085724_#0_CH4_FR30_A.mp4[0m
[1;37m[DVR][0m [37mINFO[0m Resolution: 1920x1080 | Expected: 60s @ 30fps = 1800 frames/channel | Actual Duration: 60.8s
[1;36mChannel Statistics[0m
=============================================================================
Channel      FPS          Received     Processed    Dropped      Success     
-----------------------------------------------------------------------------
Ch0          30           1794         1794         0            100.0%      
Ch1          30           1793         1793         0            100.0%      
Ch2          30           1789         1789         0            100.0%      
Ch3          30           1790         1790         0            100.0%      
SUB          30           60           60           0            100.0%      
AUDIO        -            2612         2612         0            100.0%      
TOTAL        -            7226         7226         0            100.0%      

[1;37m[DVR][0m [37mINFO[0m stop() [NORMAL] audio EOS sent (+100ms)
[1;37m[DVR][0m [37mINFO[0m stop() [NORMAL] audio flush wait done (+150ms)
[1;37m[DVR][0m [37mINFO[0m stop() [NORMAL] video EOS sent: yes (+150ms)
[1;37m[DVR][0m [37mINFO[0m stop() [NORMAL] EOS received: type=EOS (+181ms)
[1;37m[DVR][0m [37mINFO[0m stop() NULL complete at 0ms (+182ms)
[1;37m[DVR][0m [37mINFO[0m stop() [NORMAL] NULL complete (+182ms)
[1;37m[DVR][0m [37mINFO[0m Recording stopped [NORMAL] (total: 182ms)
[1;37m[DVR][0m [37mINFO[0m Split mode: 1 files (4 channels per file)
[1;37m[DVR][0m [37mINFO[0m Starting NORMAL recording

[1;37m[GST][0m [1;36m=== FileWriter Pipeline ===[0m
[32mmp4mux name=mux fragment-duration=1000 ! filesink name=fsink location=/mnt/udisk/VideoFiles/Normal/N_260606_085825_#0_CH4_FR30_A.mp4 
appsrc name=dvr_source0 is-live=true do-timestamp=false format=time ! queue max-size-buffers=120 max-size-time=0 max-size-bytes=0 ! mux.video_0 
appsrc name=dvr_source1 is-live=true do-timestamp=false format=time ! queue max-size-buffers=120 max-size-time=0 max-size-bytes=0 ! mux.video_1 
appsrc name=dvr_source[New Thread 0x7ec77eeb60 (LWP 2251644)]
[New Thread 0x7ed4f9eb60 (LWP 2251646)]
[New Thread 0x7ef57aeb60 (LWP 2251647)]
[New Thread 0x7ed57aeb60 (LWP 2251648)]
[New Thread 0x7ef6fdeb60 (LWP 2251649)]
[New Thread 0x7ef67ceb60 (LWP 2251650)]
[New Thread 0x7ef5fbeb60 (LWP 2251651)]
[New Thread 0x7ef4f9eb60 (LWP 2251652)]
[New Thread 0x7ed7ffeb60 (LWP 2251653)]
[New Thread 0x7ed77eeb60 (LWP 2251654)]
[New Thread 0x7ed6fdeb60 (LWP 2251655)]
[New Thread 0x7ed67ceb60 (LWP 2251656)]
[New Thread 0x7ed5fbeb60 (LWP 2251657)]
[New Thread 0x7ec7ffeb60 (LWP 2251658)]
2 is-live=true do-timestamp=false format=time ! queue max-size-buffers=120 max-size-time=0 max-size-bytes=0 ! mux.video_2 
appsrc name=dvr_source3 is-live=true do-timestamp=false format=time ! queue max-size-buffers=120 max-size-time=0 max-size-bytes=0 ! mux.video_3 
appsrc name=dvr_source1000 is-live=true do-timestamp=false format=time caps="text/x-raw,format=utf8" ! queue max-size-buffers=120 max-size-time=0 max-size-bytes=0 ! mux.subtitle_0 
appsrc name=dvr_audio_src is-live=true do-timestamp=false format=time caps=audio/mpeg,mpegversion=4,stream-format=adts ! queue max-size-buffers=200 max-size-time=0 max-size-bytes=0 flush-on-eos=true ! mux.audio_0 
[0m
[1;37m[DVR][0m [37mINFO[0m [TIMING][NORMAL] gst_parse_launch: 1ms
[1;37m[DVR][0m [37mINFO[0m [TIMING][NORMAL] parser wait: 0ms (ready=yes)
[1;37m[DVR][0m [37mINFO[0m Recording started [NORMAL]: /mnt/udisk/VideoFiles/Normal/N_260606_085825_#0_CH4_FR30_A.mp4
[1;37m[DVR][0m [37mINFO[0m   Duration: 60s | Channels: Ch0:30fps, Ch1:30fps, Ch2:30fps, Ch3:30fps | Audio: yes
[1;37m[DVR][0m [36mDEBUG[0m Audio Anchor set: srcPts=0:06:06.352244897
[1;37m[DVR][0m [36mDEBUG[0m writeAudio #0: srcPts=0:06:06.352244897 anchor(audio)=0:06:06.352244897 filePts=0:00:00.000000000
[1;37m[DVR][0m [36mDEBUG[0m writeAudio #1: srcPts=0:06:06.375464851 anchor(audio)=0:06:06.352244897 filePts=0:00:00.023219954
[1;37m[DVR][0m [36mDEBUG[0m writeAudio #2: srcPts=0:06:06.398684806 anchor(audio)=0:06:06.352244897 filePts=0:00:00.046439909
[1;37m[DVR][0m [36mDEBUG[0m writeAudio #3: srcPts=0:06:06.421904761 anchor(audio)=0:06:06.352244897 filePts=0:00:00.069659864
[1;37m[DVR][0m [36mDEBUG[0m writeAudio #4: srcPts=0:06:06.445124715 anchor(audio)=0:06:06.352244897 filePts=0:00:00.092879818
[1;37m[DVR][0m [36mDEBUG[0m Anchor set: ch1 srcPts=0:06:06.395660271
[1;37m[DVR][0m [36mDEBUG[0m Subtitle Anchor set: srcPts=0:06:06.564170008
[1;37m[DVR][0m [37mINFO[0m Dr.Safe PUA Activated

[1;37m[GST][0m [1;36m=== FileWriter Pipeline ===[0m
[32mmp4mux name=mux fragment-duration=1000 ! filesink name=fsink location=/mnt/udisk/VideoFiles/Event/PUA/E_260606_085825_CH4_FR30_A.mp4 
appsrc name=dvr_source0 is-live=true do-timestamp=false format=time ! queue max-size-buffers=120 max-size-time=0 max-size-bytes=0 ! mux.video_0 
appsrc name=dvr_source1 is-live=true do-timestamp=false format=time ! queue max-size-buffers=120 max-size-time=0 max-size-bytes=0 ! mux.video_1 
appsrc name=dvr_source2 is-live=true do-timestamp=false format=time ! queue max-size-buffers=120 max-size-time=0 max-size-bytes=0 ! mux.video_2 
appsrc name=dvr_source3 is-live=true do-timestamp=false format=time ! queue max-size-buffers=120 max-size-time=0 max-size-bytes=0 ! mux.video_3 
appsrc name=dvr_source2000 is-live=true do-timestamp=false format=time caps="text/x-raw,format=utf8" ! queue max-size-buffers=120 max-size-time=0 max-size-bytes=0 ! mux.subtitle_0 
appsrc name=dvr_audio_src is-live=true do-timestamp=false format=time caps=audio/mpeg,mpegversion=4,stream-format=adts ! queue max-size-buffers=200 max-size-time=0 max-size-bytes=0 flush-on-eos=true ! mux.audio_0 
[0m
[1;37m[DVR][0m [37mINFO[0m [TIMING][EVENT] gst_parse_launch: 2ms
[1;37m[DVR][0m [37mINFO[0m [TIMING] initialize: 2ms
[1;37m[DVR][0m [37mINFO[0m [TIMING][EVENT] parser wait: 0ms (ready=yes)
[1;37m[DVR][0m [37mINFO[0m [95mRecording started [EVENT]: /mnt/udisk/VideoFiles/Event/PUA/E_260606_085825_CH4_FR30_A.mp4[0m
[1;37m[DVR][0m [37mINFO[0m [95m  Duration: 10+20s | Channels: Ch0:30fps, Ch1:30fps, Ch2:30fps, Ch3:30fps | Audio: yes[0m
[1;37m[DVR][0m [37mINFO[0m [TIMING] start: 27ms
[1;37m[DVR][0m [36mDEBUG[0m Anchor set: ch3 srcPts=0:05:57.610291425
[1;37m[DVR][0m [36mDEBUG[0m Audio Anchor set: srcPts=0:05:57.621541949
[1;37m[DVR][0m [36mDEBUG[0m writeAudio #0: srcPts=0:05:57.621541949 anchor(video)=0:05:57.610291425 filePts=0:00:00.000000000
[1;37m[DVR][0m [36mDEBUG[0m writeAudio #1: srcPts=0:05:57.644761903 anchor(video)=0:05:57.610291425 filePts=0:00:00.023219954
[1;37m[DVR][0m [36[Detaching after vfork from child process 2251695]
[Detaching after vfork from child process 2251696]
[New Thread 0x7ec6fdeb60 (LWP 2251697)]
[Detaching after vfork from child process 2251698]
[Detaching after vfork from child process 2251700]
[Thread 0x7ec6fdeb60 (LWP 2251697) exited]
[Thread 0x7ec77eeb60 (LWP 2251644) exited]
[Detaching after vfork from child process 2251779]
[Detaching after vfork from child process 2251780]
[New Thread 0x7ec77eeb60 (LWP 2251781)]
[Detaching after vfork from child process 2251782]
[Detaching after vfork from child process 2251784]
[Thread 0x7ec77eeb60 (LWP 2251781) exited]
[Thread 0x7ef6fdeb60 (LWP 2251649) exited]
[Thread 0x7ef67ceb60 (LWP 2251650) exited]
[Thread 0x7ef5fbeb60 (LWP 2251651) exited]
[Thread 0x7ed57aeb60 (LWP 2251648) exited]
[Thread 0x7ed77eeb60 (LWP 2251654) exited]
[Thread 0x7ef4f9eb60 (LWP 2251652) exited]
[Thread 0x7ed5fbeb60 (LWP 2251657) exited]
[Thread 0x7ed67ceb60 (LWP 2251656) exited]
[Thread 0x7ef57aeb60 (LWP 2251647) exited]
[Thread 0x7ed6fdeb60 (LWP 2251655) exited]
[Thread 0x7ec7ffeb60 (LWP 2251658) exited]
[Thread 0x7ed7ffeb60 (LWP 2251653) exited]
mDEBUG[0m writeAudio #2: srcPts=0:05:57.667981858 anchor(video)=0:05:57.610291425 filePts=0:00:00.046439909
[1;37m[DVR][0m [36mDEBUG[0m writeAudio #3: srcPts=0:05:57.691201813 anchor(video)=0:05:57.610291425 filePts=0:00:00.069659864
[1;37m[DVR][0m [36mDEBUG[0m writeAudio #4: srcPts=0:05:57.714421767 anchor(video)=0:05:57.610291425 filePts=0:00:00.092879818
[1;37m[DVR][0m [36mDEBUG[0m Subtitle Anchor set: srcPts=0:05:58.797357767
[1;37m[DVR][0m [37mINFO[0m [TIMING] video/audio/subtitle flush (1645 frames): 36ms
[1;37m[DVR][0m [37mINFO[0m [TIMING] startEventRecording total: 66ms
[1;37m[IO][0m [93mWARN[0m No suitable input devices found
[1;37m[IO][0m [93mWARN[0m No suitable input devices found
[1;37m[IO][0m [93mWARN[0m No suitable input devices found
[1;37m[IO][0m [93mWARN[0m No suitable input devices found
[1;37m[IO][0m [93mWARN[0m No suitable input devices found
[1;37m[IO][0m [93mWARN[0m No suitable input devices found
[1;37m[IO][0m [93mWARN[0m No suitable input devices found
[1;37m[IO][0m [93mWARN[0m No suitable input devices found
[1;37m[DVR][0m [37mINFO[0m Checking Storage
[1;37m[IO][0m [93mWARN[0m No suitable input devices found
[1;37m[IO][0m [93mWARN[0m No suitable input devices found
[1;37m[IO][0m [93mWARN[0m No suitable input devices found
[1;37m[IO][0m [93mWARN[0m No suitable input devices found
[1;37m[IO][0m [93mWARN[0m No suitable input devices found
[1;37m[IO][0m [93mWARN[0m No suitable input devices found
[1;37m[IO][0m [93mWARN[0m No suitable input devices found
[1;37m[IO][0m [93mWARN[0m No suitable input devices found
[1;37m[IO][0m [93mWARN[0m No suitable input devices found
[1;37m[IO][0m [93mWARN[0m No suitable input devices found
[1;37m[DVR][0m [37mINFO[0m Checking Storage
[1;37m[IO][0m [93mWARN[0m No suitable input devices found
[1;37m[IO][0m [93mWARN[0m No suitable input devices found
[1;37m[IO][0m [93mWARN[0m No suitable input devices found
[1;37m[DVR][0m [37mINFO[0m [95mStopping [EVENT]: /mnt/udisk/VideoFiles/Event/PUA/E_260606_085825_CH4_FR30_A.mp4[0m

[1;37m[DVR][0m [1;36m=== Recording Statistics ===[0m
[1;37m[DVR][0m [37mINFO[0m Mode: EVENT | Path: [48;5;58m/mnt/udisk/VideoFiles/Event/PUA/E_260606_085825_CH4_FR30_A.mp4[0m
[1;37m[DVR][0m [37mINFO[0m Resolution: 1920x1080 | Expected: 10s+20s @ 30fps = 300+600 = 900 frames/channel | Actual Duration: 20.1s
[1;36mChannel Statistics[0m
=============================================================================
Channel      FPS          Received     Processed    Dropped      Success     
-----------------------------------------------------------------------------
Ch0          30           886          886          0            100.0%      
Ch1          30           887          887          0            100.0%      
Ch2          30           887          887          0            100.0%      
Ch3          30           886          886          0            100.0%      
SUB          30           29           29           0            100.0%      
AUDIO        -            1295         1295         0            100.0%      
TOTAL        -            3575         3575         0            100.0%      

[1;37m[DVR][0m [37mINFO[0m stop() [EVENT] audio EOS sent (+100ms)
[1;37m[DVR][0m [37mINFO[0m stop() [EVENT] audio flush wait done (+150ms)
[1;37m[DVR][0m [37mINFO[0m stop() [EVENT] video EOS sent: yes (+150ms)
[1;37m[DVR][0m [37mINFO[0m stop() [EVENT] EOS received: type=EOS (+186ms)
[1;37m[DVR][0m [37mINFO[0m stop() NULL complete at 0ms (+188ms)
[1;37m[DVR][0m [37mINFO[0m stop() [EVENT] NULL complete (+188ms)
[1;37m[DVR][0m [37mINFO[0m [95mRecording stopped [EVENT] (total: 189ms)[0m
[1;37m[DVR][0m [1;32mOK[0m [95mEvent recording stopped[0m
[1;37m[IO][0m [93mWARN[0m No suitable input devices found
[1;37m[IO][0m [93mWARN[0m No suitable input devices found
[1;37m[IO][0m [93mWARN[0m No suitable input devices found
[1;37m[IO][0m [93mWARN[0m No suitable input devices found
[1;37m[New Thread 0x7ed7ffeb60 (LWP 2251858)]
[Detaching after vfork from child process 2251859]
[Detaching after vfork from child process 2251861]
[Thread 0x7ed7ffeb60 (LWP 2251858) exited]
[Detaching after vfork from child process 2251863]
[Detaching after vfork from child process 2251872]
[New Thread 0x7ed7ffeb60 (LWP 2251901)]
[New Thread 0x7ec7ffeb60 (LWP 2251902)]
[New Thread 0x7ed6fdeb60 (LWP 2251903)]
[New Thread 0x7ed5fbeb60 (LWP 2251904)]
[New Thread 0x7ef6fdeb60 (LWP 2251905)]
[New Thread 0x7ef67ceb60 (LWP 2251906)]
[New Thread 0x7ef5fbeb60 (LWP 2251907)]
[New Thread 0x7ef57aeb60 (LWP 2251908)]
[New Thread 0x7ef4f9eb60 (LWP 2251909)]
[New Thread 0x7ed77eeb60 (LWP 2251910)]
[New Thread 0x7ed67ceb60 (LWP 2251911)]
[New Thread 0x7ed57aeb60 (LWP 2251912)]
[New Thread 0x7ec77eeb60 (LWP 2251913)]
[New Thread 0x7ec6fdeb60 (LWP 2251952)]
[Detaching after vfork from child process 2251953]
[Detaching after vfork from child process 2251955]
[Thread 0x7ec6fdeb60 (LWP 2251952) exited]
[Detaching after vfork from child process 2251995]
[Detaching after vfork from child process 2251996]
[IO][0m [93mWARN[0m No suitable input devices found
[1;37m[IO][0m [93mWARN[0m No suitable input devices found
[1;37m[IO][0m [93mWARN[0m No suitable input devices found
[1;37m[IO][0m [93mWARN[0m No suitable input devices found
[1;37m[DVR][0m [37mINFO[0m Checking Storage
[1;37m[IO][0m [93mWARN[0m No suitable input devices found
[1;37m[IO][0m [93mWARN[0m No suitable input devices found
[1;37m[DVR][0m [37mINFO[0m Dr.Safe PUA Activated

[1;37m[GST][0m [1;36m=== FileWriter Pipeline ===[0m
[32mmp4mux name=mux fragment-duration=1000 ! filesink name=fsink location=/mnt/udisk/VideoFiles/Event/PUA/E_260606_085855_CH4_FR30_A.mp4 
appsrc name=dvr_source0 is-live=true do-timestamp=false format=time ! queue max-size-buffers=120 max-size-time=0 max-size-bytes=0 ! mux.video_0 
appsrc name=dvr_source1 is-live=true do-timestamp=false format=time ! queue max-size-buffers=120 max-size-time=0 max-size-bytes=0 ! mux.video_1 
appsrc name=dvr_source2 is-live=true do-timestamp=false format=time ! queue max-size-buffers=120 max-size-time=0 max-size-bytes=0 ! mux.video_2 
appsrc name=dvr_source3 is-live=true do-timestamp=false format=time ! queue max-size-buffers=120 max-size-time=0 max-size-bytes=0 ! mux.video_3 
appsrc name=dvr_source2000 is-live=true do-timestamp=false format=time caps="text/x-raw,format=utf8" ! queue max-size-buffers=120 max-size-time=0 max-size-bytes=0 ! mux.subtitle_0 
appsrc name=dvr_audio_src is-live=true do-timestamp=false format=time caps=audio/mpeg,mpegversion=4,stream-format=adts ! queue max-size-buffers=200 max-size-time=0 max-size-bytes=0 flush-on-eos=true ! mux.audio_0 
[0m
[1;37m[DVR][0m [37mINFO[0m [TIMING][EVENT] gst_parse_launch: 1ms
[1;37m[DVR][0m [37mINFO[0m [TIMING] initialize: 1ms
[1;37m[DVR][0m [37mINFO[0m [TIMING][EVENT] parser wait: 0ms (ready=yes)
[1;37m[DVR][0m [37mINFO[0m [95mRecording started [EVENT]: /mnt/udisk/VideoFiles/Event/PUA/E_260606_085855_CH4_FR30_A.mp4[0m
[1;37m[DVR][0m [37mINFO[0m [95m  Duration: 10+20s | Channels: Ch0:30fps, Ch1:30fps, Ch2:30fps, Ch3:30fps | Audio: yes[0m
[1;37m[DVR][0m [37mINFO[0m [TIMING] start: 26ms
[1;37m[DVR][0m [36mDEBUG[0m Anchor set: ch2 srcPts=0:06:27.596770054
[1;37m[DVR][0m [36mDEBUG[0m Audio Anchor set: srcPts=0:06:27.598503400
[1;37m[DVR][0m [36mDEBUG[0m writeAudio #0: srcPts=0:06:27.598503400 anchor(video)=0:06:27.596770054 filePts=0:00:00.000000000
[1;37m[DVR][0m [36mDEBUG[0m writeAudio #1: srcPts=0:06:27.621723355 anchor(video)=0:06:27.596770054 filePts=0:00:00.023219955
[1;37m[DVR][0m [36mDEBUG[0m writeAudio #2: srcPts=0:06:27.644943309 anchor(video)=0:06:27.596770054 filePts=0:00:00.046439909
[1;37m[DVR][0m [36mDEBUG[0m writeAudio #3: srcPts=0:06:27.668163264 anchor(video)=0:06:27.596770054 filePts=0:00:00.069659864
[1;37m[DVR][0m [36mDEBUG[0m writeAudio #4: srcPts=0:06:27.691383219 anchor(video)=0:06:27.596770054 filePts=0:00:00.092879819
[1;37m[DVR][0m [36mDEBUG[0m Subtitle Anchor set: srcPts=0:06:29.130122427
[1;37m[DVR][0m [37mINFO[0m [TIMING] video/audio/subtitle flush (1649 frames): 36ms
[1;37m[DVR][0m [37mINFO[0m [TIMING] startEventRecording total: 64ms
[1;37m[IO][0m [93mWARN[0m No suitable input devices found
[1;37m[IO][0m [93mWARN[0m No suitable input devices found
[1;37m[IO][0m [93mWARN[0m No suitable input devices found
[1;37m[IO][0m [93mWARN[0m No suitable input devices found
[1;37m[IO][0m [93mWARN[0m No suitable input devices found
[1;37m[IO][0m [93mWARN[0m No suitable input devices found
[1;37m[IO][0m [93mWARN[0m No suitable input devices found
[1;37m[IO][0m [93mWARN[0m No suitable input devices found
[1;37m[DVR][0m [37mINFO[0m Checking Storage
[1;37m[IO][0m [93mWARN[0m No suitable input devices found
[1;37m[IO][0m [93mWARN[0m No suitable input devices found
[1;37m[IO][0m [93mWARN[0m No suitable input devices found
[1;37m[IO][0m [93mWARN[0m No suitable input devices found
[1;37m[IO][0m [93mWARN[0m No suitable input devices found
[1;37m[IO][0m [93mWARN[0m No suitable input devices[Thread 0x7ec77eeb60 (LWP 2251913) exited]
[New Thread 0x7ec77eeb60 (LWP 2252035)]
[Detaching after vfork from child process 2252036]
[Detaching after vfork from child process 2252038]
[Thread 0x7ec77eeb60 (LWP 2252035) exited]
[Detaching after vfork from child process 2252078]
[Thread 0x7ef57aeb60 (LWP 2251908) exited]
[Thread 0x7ed57aeb60 (LWP 2251912) exited]
[Thread 0x7ed67ceb60 (LWP 2251911) exited]
[Thread 0x7ed77eeb60 (LWP 2251910) exited]
[Thread 0x7ef4f9eb60 (LWP 2251909) exited]
[Thread 0x7ef5fbeb60 (LWP 2251907) exited]
[Thread 0x7ef67ceb60 (LWP 2251906) exited]
[Thread 0x7ef6fdeb60 (LWP 2251905) exited]
[Thread 0x7ed5fbeb60 (LWP 2251904) exited]
[Thread 0x7ed6fdeb60 (LWP 2251903) exited]
[Thread 0x7ec7ffeb60 (LWP 2251902) exited]
[Thread 0x7ed7ffeb60 (LWP 2251901) exited]
[Detaching after vfork from child process 2252079]
[New Thread 0x7ed57aeb60 (LWP 2252118)]
[Detaching after vfork from child process 2252119]
[Detaching after vfork from child process 2252121]
[Thread 0x7ed57aeb60 (LWP 2252118) exited]
 found
[1;37m[IO][0m [93mWARN[0m No suitable input devices found
[1;37m[IO][0m [93mWARN[0m No suitable input devices found
[1;37m[IO][0m [93mWARN[0m No suitable input devices found
[1;37m[IO][0m [93mWARN[0m No suitable input devices found
[1;37m[IO][0m [93mWARN[0m No suitable input devices found
[1;37m[DVR][0m [37mINFO[0m Checking Storage
[1;37m[IO][0m [93mWARN[0m No suitable input devices found
[1;37m[IO][0m [93mWARN[0m No suitable input devices found
[1;37m[DVR][0m [37mINFO[0m [95mStopping [EVENT]: /mnt/udisk/VideoFiles/Event/PUA/E_260606_085855_CH4_FR30_A.mp4[0m

[1;37m[DVR][0m [1;36m=== Recording Statistics ===[0m
[1;37m[DVR][0m [37mINFO[0m Mode: EVENT | Path: [48;5;58m/mnt/udisk/VideoFiles/Event/PUA/E_260606_085855_CH4_FR30_A.mp4[0m
[1;37m[DVR][0m [37mINFO[0m Resolution: 1920x1080 | Expected: 10s+20s @ 30fps = 300+600 = 900 frames/channel | Actual Duration: 20.1s
[1;36mChannel Statistics[0m
=============================================================================
Channel      FPS          Received     Processed    Dropped      Success     
-----------------------------------------------------------------------------
Ch0          30           894          894          0            100.0%      
Ch1          30           893          893          0            100.0%      
Ch2          30           894          894          0            100.0%      
Ch3          30           893          893          0            100.0%      
SUB          30           29           29           0            100.0%      
AUDIO        -            1299         1299         0            100.0%      
TOTAL        -            3603         3603         0            100.0%      

[1;37m[DVR][0m [37mINFO[0m stop() [EVENT] audio EOS sent (+100ms)
[1;37m[DVR][0m [37mINFO[0m stop() [EVENT] audio flush wait done (+150ms)
[1;37m[DVR][0m [37mINFO[0m stop() [EVENT] video EOS sent: yes (+150ms)
[1;37m[DVR][0m [37mINFO[0m stop() [EVENT] EOS received: type=EOS (+175ms)
[1;37m[DVR][0m [37mINFO[0m stop() NULL complete at 0ms (+178ms)
[1;37m[DVR][0m [37mINFO[0m stop() [EVENT] NULL complete (+178ms)
[1;37m[DVR][0m [37mINFO[0m [95mRecording stopped [EVENT] (total: 179ms)[0m
[1;37m[DVR][0m [1;32mOK[0m [95mEvent recording stopped[0m
[1;37m[IO][0m [93mWARN[0m No suitable input devices found
[1;37m[IO][0m [93mWARN[0m No suitable input devices found
[1;37m[IO][0m [93mWARN[0m No suitable input devices found
[1;37m[IO][0m [93mWARN[0m No suitable input devices found
[1;37m[IO][0m [93mWARN[0m No suitable input devices found
[1;37m[IO][0m [93mWARN[0m No suitable input devices found
[1;37m[IO][0m [93mWARN[0m No suitable input devices found
[1;37m[IO][0m [93mWARN[0m No suitable input devices found
[1;37m[DVR][0m [37mINFO[0m Checking Storage
[1;37m[IO][0m [93mWARN[0m No suitable input devices found
[1;37m[IO][0m [93mWARN[0m No suitable input devices found
[1;37m[DVR][0m [37mINFO[0m File rotation needed
[1;37m[DVR][0m [37mINFO[0m Rotating recording files
[1;37m[DVR][0m [37mINFO[0m Stopping [NORMAL]: /mnt/udisk/VideoFiles/Normal/N_260606_085825_#0_CH4_FR30_A.mp4

[1;37m[DVR][0m [1;36m=== Recording Statistics ===[0m
[1;37m[DVR][0m [37mINFO[0m Mode: NORMAL | Path: [48;5;58m/mnt/udisk/VideoFiles/Normal/N_260606_085825_#0_CH4_FR30_A.mp4[0m
[1;37m[DVR][0m [37mINFO[0m Resolution: 1920x1080 | Expected: 60s @ 30fps = 1800 frames/channel | Actual Duration: 60.8s
[1;36mChannel Statistics[0m
=============================================================================
Channel      FPS          Received     Processed    Dropped      Success     
-----------------------------------------------------------------------------
Ch0          30           1790         1790         0            100.0%      
Ch1          30           1793         1793         0            100.0%      
Ch2          30           1793         1793         0            100.0%      
Ch3          30           1791         1791         0            100.0% [Detaching after vfork from child process 2252161]
[Detaching after vfork from child process 2252162]
     
SUB          30           60           60           0            100.0%      
AUDIO        -            2613         2613         0            100.0%      
TOTAL        -            7227         7227         0            100.0%      

[1;37m[DVR][0m [37mINFO[0m stop() [NORMAL] audio EOS sent (+101ms)
[1;37m[DVR][0m [37mINFO[0m stop() [NORMAL] audio flush wait done (+151ms)
[1;37m[DVR][0m [37mINFO[0m stop() [NORMAL] video EOS sent: yes (+151ms)
[1;37m[DVR][0m [37mINFO[0m stop() [NORMAL] EOS received: type=EOS (+187ms)
[1;37m[DVR][0m [37mINFO[0m stop() NULL complete at 0ms (+190ms)
[1;37m[DVR][0m [37mINFO[0m stop() [NORMAL] NULL complete (+190ms)
[1;37m[DVR][0m [37mINFO[0m Recording stopped [NORMAL] (total: 191ms)
[1;37m[DVR][0m [37mINFO[0m Split mode: 1 files (4 channels per file)
[1;37m[DVR][0m [37mINFO[0m Starting NORMAL recording

[1;37m[GST][0m [1;36m=== FileWriter Pipeline ===[0m
[32mmp4mux name=mux fragment-duration=1000 ! filesink name=fsink location=/mnt/udisk/VideoFiles/Normal/N_260606_085926_#0_CH4_FR30_A.mp4 
appsrc name=dvr_source0 is-live=true do-timestamp=false format=time ! queue max-size-buffers=120 max-size-time=0 max-size-bytes=0 ! mux.video_0 
appsrc name=dvr_source1 is-live=true do-timestamp=false format=time ! queue max-size-buffers=120 max-size-time=0 max-size-bytes=0 ! mux.video_1 
appsrc name=dvr_source2 is-live=true do-timestamp=false format=time ! queue max-size-buffers=120 max-size-time=0 max-size-bytes=0 ! mux.video_2 
appsrc name=dvr_source3 is-live=true do-timestamp=false format=time ! queue max-size-buffers=120 max-size-time=0 max-size-bytes=0 ! mux.video_3 
appsrc name=dvr_source1000 is-live=true do-timestamp=false format=time caps="text/x-raw,format=utf8" ! queue max-size-buffers=120 max-size-time=0 max-size-bytes=0 ! mux.subtitle_0 
appsrc name=dvr_audio_src is-live=true do-timestamp=false format=time caps=audio/mpeg,mpegversion=4,stream-format=adts ! queue max-size-buffers=200 max-size-time=0 max-size-bytes=0 flush-on-eos=true ! mux.audio_0 
[0m
[1;37m[DVR][0m [37mINFO[0m [TIMING][NORMAL] gst_parse_launch: 2ms
[1;37m[DVR][0m [37mINFO[0m [TIMING][NORMAL] parser wait: 0ms (ready=yes)
[1;37m[DVR][0m [37mINFO[0m Recording started [NORMAL]: /mnt/udisk/VideoFiles/Normal/N_260606_085926_#0_CH4_FR30_A.mp4
[1;37m[DVR][0m [37mINFO[0m   Duration: 60s | Channels: Ch0:30fps, Ch1:30fps, Ch2:30fps, Ch3:30fps | Audio: yes
[1;37m[DVR][0m [36mDEBUG[0m Anchor set: ch0 srcPts=0:07:07.263220632
[1;37m[DVR][0m [36mDEBUG[0m Subtitle Anchor set: srcPts=0:07:07.496684690
[1;37m[DVR][0m [36mDEBUG[0m Audio Anchor set: srcPts=0:07:07.211746030
[1;37m[DVR][0m [36mDEBUG[0m writeAudio #0: srcPts=0:07:07.211746030 anchor(video)=0:07:07.263220632 filePts=0:00:00.000000000
[1;37m[DVR][0m [36mDEBUG[0m writeAudio #1: srcPts=0:07:07.234965985 anchor(video)=0:07:07.263220632 filePts=0:00:00.023219955
[1;37m[DVR][0m [36mDEBUG[0m writeAudio #2: srcPts=0:07:07.258185940 anchor(video)=0:07:07.263220632 filePts=0:00:00.046439910
[1;37m[DVR][0m [36mDEBUG[0m writeAudio #3: srcPts=0:07:07.281405894 anchor(video)=0:07:07.263220632 filePts=0:00:00.069659864
[1;37m[DVR][0m [36mDEBUG[0m writeAudio #4: srcPts=0:07:07.304625849 anchor(video)=0:07:07.263220632 filePts=0:00:00.092879819
[1;37m[IO][0m [93mWARN[0m No suitable input devices found
[1;37m[IO][0m [93mWARN[0m No suitable input devices found
[1;37m[IO][0m [93mWARN[0m No suitable input devices found
[1;37m[IO][0m [93mWARN[0m No suitable input devices found
[1;37m[IO][0m [93mWARN[0m No suitable input devices found
[1;37m[IO][0m [93mWARN[0m No suitable input devices found
[1;37m[IO][0m [93mWARN[0m No suitable input devices found
[1;37m[IO][0m [93mWARN[0m No suitable input devices found
[1;37m[DVR][0m [37mINFO[0m Dr.Safe PUA Activated

[1;37m[GST][0m [1;36m=== FileWriter Pipeline ===[0m
[32mmp4mux name=mux fragment-duration=1000 ! filesink name=fsink location=/mnt/udisk/VideoFiles/Event/PUA/E_260606_085933_CH4_FR30_A.mp4 
appsrc name=dvr_source0 is-li[New Thread 0x7ed57aeb60 (LWP 2252203)]
[New Thread 0x7ed67ceb60 (LWP 2252204)]
[New Thread 0x7ef4f9eb60 (LWP 2252205)]
[New Thread 0x7ed77eeb60 (LWP 2252206)]
[New Thread 0x7ef6fdeb60 (LWP 2252207)]
[New Thread 0x7ef67ceb60 (LWP 2252208)]
[New Thread 0x7ef5fbeb60 (LWP 2252209)]
[New Thread 0x7ef57aeb60 (LWP 2252210)]
[New Thread 0x7ed7ffeb60 (LWP 2252211)]
[New Thread 0x7ed6fdeb60 (LWP 2252212)]
[New Thread 0x7ed5fbeb60 (LWP 2252213)]
[New Thread 0x7ec7ffeb60 (LWP 2252214)]
[New Thread 0x7ec77eeb60 (LWP 2252215)]
[New Thread 0x7ec6fdeb60 (LWP 2252216)]
[Detaching after vfork from child process 2252217]
[Detaching after vfork from child process 2252219]
[Thread 0x7ec6fdeb60 (LWP 2252216) exited]
[Detaching after vfork from child process 2252263]
[Detaching after vfork from child process 2252264]
[New Thread 0x7ec6fdeb60 (LWP 2252312)]
[Detaching after vfork from child process 2252313]
[Detaching after vfork from child process 2252316]
[Thread 0x7ec6fdeb60 (LWP 2252312) exited]
[Thread 0x7ec77eeb60 (LWP 2252215) exited]
[Detaching after vfork from child process 2252360]
[Detaching after vfork from child process 2252361]
ve=true do-timestamp=false format=time ! queue max-size-buffers=120 max-size-time=0 max-size-bytes=0 ! mux.video_0 
appsrc name=dvr_source1 is-live=true do-timestamp=false format=time ! queue max-size-buffers=120 max-size-time=0 max-size-bytes=0 ! mux.video_1 
appsrc name=dvr_source2 is-live=true do-timestamp=false format=time ! queue max-size-buffers=120 max-size-time=0 max-size-bytes=0 ! mux.video_2 
appsrc name=dvr_source3 is-live=true do-timestamp=false format=time ! queue max-size-buffers=120 max-size-time=0 max-size-bytes=0 ! mux.video_3 
appsrc name=dvr_source2000 is-live=true do-timestamp=false format=time caps="text/x-raw,format=utf8" ! queue max-size-buffers=120 max-size-time=0 max-size-bytes=0 ! mux.subtitle_0 
appsrc name=dvr_audio_src is-live=true do-timestamp=false format=time caps=audio/mpeg,mpegversion=4,stream-format=adts ! queue max-size-buffers=200 max-size-time=0 max-size-bytes=0 flush-on-eos=true ! mux.audio_0 
[0m
[1;37m[DVR][0m [37mINFO[0m [TIMING][EVENT] gst_parse_launch: 1ms
[1;37m[DVR][0m [37mINFO[0m [TIMING] initialize: 1ms
[1;37m[DVR][0m [37mINFO[0m [TIMING][EVENT] parser wait: 0ms (ready=yes)
[1;37m[DVR][0m [37mINFO[0m [95mRecording started [EVENT]: /mnt/udisk/VideoFiles/Event/PUA/E_260606_085933_CH4_FR30_A.mp4[0m
[1;37m[DVR][0m [37mINFO[0m [95m  Duration: 10+20s | Channels: Ch0:30fps, Ch1:30fps, Ch2:30fps, Ch3:30fps | Audio: yes[0m
[1;37m[DVR][0m [37mINFO[0m [TIMING] start: 18ms
[1;37m[DVR][0m [36mDEBUG[0m Anchor set: ch1 srcPts=0:07:05.728051819
[1;37m[DVR][0m [36mDEBUG[0m Audio Anchor set: srcPts=0:07:05.748888888
[1;37m[DVR][0m [36mDEBUG[0m writeAudio #0: srcPts=0:07:05.748888888 anchor(video)=0:07:05.728051819 filePts=0:00:00.000000000
[1;37m[DVR][0m [36mDEBUG[0m writeAudio #1: srcPts=0:07:05.772108842 anchor(video)=0:07:05.728051819 filePts=0:00:00.023219954
[1;37m[DVR][0m [36mDEBUG[0m writeAudio #2: srcPts=0:07:05.795328797 anchor(video)=0:07:05.728051819 filePts=0:00:00.046439909
[1;37m[DVR][0m [36mDEBUG[0m writeAudio #3: srcPts=0:07:05.818548752 anchor(video)=0:07:05.728051819 filePts=0:00:00.069659864
[1;37m[DVR][0m [36mDEBUG[0m writeAudio #4: srcPts=0:07:05.841768706 anchor(video)=0:07:05.728051819 filePts=0:00:00.092879818
[1;37m[DVR][0m [36mDEBUG[0m Subtitle Anchor set: srcPts=0:07:07.330054183
[1;37m[DVR][0m [37mINFO[0m [TIMING] video/audio/subtitle flush (1644 frames): 43ms
[1;37m[DVR][0m [37mINFO[0m [TIMING] startEventRecording total: 63ms
[1;37m[IO][0m [93mWARN[0m No suitable input devices found
[1;37m[DVR][0m [37mINFO[0m Checking Storage
[1;37m[IO][0m [93mWARN[0m No suitable input devices found
[1;37m[IO][0m [93mWARN[0m No suitable input devices found
[1;37m[IO][0m [93mWARN[0m No suitable input devices found
[1;37m[IO][0m [93mWARN[0m No suitable input devices found
[1;37m[IO][0m [93mWARN[0m No suitable input devices found
[1;37m[IO][0m [93mWARN[0m No suitable input devices found
[1;37m[IO][0m [93mWARN[0m No suitable input devices found
[1;37m[IO][0m [93mWARN[0m No suitable input devices found
[1;37m[IO][0m [93mWARN[0m No suitable input devices found
[1;37m[IO][0m [93mWARN[0m No suitable input devices found
[1;37m[DVR][0m [37mINFO[0m Checking Storage
[1;37m[IO][0m [93mWARN[0m No suitable input devices found
[1;37m[IO][0m [93mWARN[0m No suitable input devices found
[1;37m[IO][0m [93mWARN[0m No suitable input devices found
[1;37m[IO][0m [93mWARN[0m No suitable input devices found
[1;37m[IO][0m [93mWARN[0m No suitable input devices found
[1;37m[IO][0m [93mWARN[0m No suitable input devices found
[1;37m[IO][0m [93mWARN[0m No suitable input devices found
[1;37m[IO][0m [93mWARN[0m No suitable input devices found
[1;37m[IO][0m [93mWARN[0m No suitable input devices found
[1;37m[IO][0m [93mWARN[0m No suitable input devices found
[1;37m[DVR][0m [37mINFO[0m [95mStopping [EVENT]: /mnt/udisk/VideoFiles/Event/PUA/E_260606_085933_CH4_FR30_A.mp4[0m

[1;37m[DVR][0m [1;36m=== Recording Statistics ===[0m
[1;37m[DVR][0m [37mI[New Thread 0x7ec77eeb60 (LWP 2252404)]
[Detaching after vfork from child process 2252405]
[Detaching after vfork from child process 2252407]
[Thread 0x7ec77eeb60 (LWP 2252404) exited]
[Thread 0x7ed57aeb60 (LWP 2252203) exited]
[Thread 0x7ed67ceb60 (LWP 2252204) exited]
[Thread 0x7ef4f9eb60 (LWP 2252205) exited]
[Thread 0x7ef6fdeb60 (LWP 2252207) exited]
[Thread 0x7ed77eeb60 (LWP 2252206) exited]
[Thread 0x7ef67ceb60 (LWP 2252208) exited]
[Thread 0x7ef5fbeb60 (LWP 2252209) exited]
[Thread 0x7ef57aeb60 (LWP 2252210) exited]
[Thread 0x7ed6fdeb60 (LWP 2252212) exited]
[Thread 0x7ed5fbeb60 (LWP 2252213) exited]
[Thread 0x7ed7ffeb60 (LWP 2252211) exited]
[Thread 0x7ec7ffeb60 (LWP 2252214) exited]
[Detaching after vfork from child process 2252470]
[Detaching after vfork from child process 2252489]
[New Thread 0x7ec7ffeb60 (LWP 2252496)]
[Detaching after vfork from child process 2252497]
[Detaching after vfork from child process 2252499]
[Thread 0x7ec7ffeb60 (LWP 2252496) exited]
[New Thread 0x7ec7ffeb60 (LWP 2252501)]
[New Thread 0x7ed5fbeb60 (LWP 2252502)]
[New Thread 0x7ed6fdeb60 (LWP 2252503)]
[New Thread 0x7ed7ffeb60 (LWP 2252504)]
[New Thread 0x7ef6fdeb60 (LWP 2252505)]
[New Thread 0x7ef67ceb60 (LWP 2252506)]
[New Thread 0x7ef5fbeb60 (LWP 2252507)]
[New Thread 0x7ef57aeb60 (LWP 2252508)]
[New Thread 0x7ef4f9eb60 (LWP 2252509)]
[New Thread 0x7ed77eeb60 (LWP 2252510)]
[New Thread 0x7ed67ceb60 (LWP 2252511)]
[New Thread 0x7ed57aeb60 (LWP 2252512)]
NFO[0m Mode: EVENT | Path: [48;5;58m/mnt/udisk/VideoFiles/Event/PUA/E_260606_085933_CH4_FR30_A.mp4[0m
[1;37m[DVR][0m [37mINFO[0m Resolution: 1920x1080 | Expected: 10s+20s @ 30fps = 300+600 = 900 frames/channel | Actual Duration: 20.1s
[1;36mChannel Statistics[0m
=============================================================================
Channel      FPS          Received     Processed    Dropped      Success     
-----------------------------------------------------------------------------
Ch0          30           889          889          0            100.0%      
Ch1          30           889          889          0            100.0%      
Ch2          30           887          887          0            100.0%      
Ch3          30           891          891          0            100.0%      
SUB          30           29           29           0            100.0%      
AUDIO        -            1296         1296         0            100.0%      
TOTAL        -            3585         3585         0            100.0%      

[1;37m[DVR][0m [37mINFO[0m stop() [EVENT] audio EOS sent (+100ms)
[1;37m[DVR][0m [37mINFO[0m stop() [EVENT] audio flush wait done (+150ms)
[1;37m[DVR][0m [37mINFO[0m stop() [EVENT] video EOS sent: yes (+150ms)
[1;37m[DVR][0m [37mINFO[0m stop() [EVENT] EOS received: type=EOS (+173ms)
[1;37m[DVR][0m [37mINFO[0m stop() NULL complete at 0ms (+176ms)
[1;37m[DVR][0m [37mINFO[0m stop() [EVENT] NULL complete (+176ms)
[1;37m[DVR][0m [37mINFO[0m [95mRecording stopped [EVENT] (total: 176ms)[0m
[1;37m[DVR][0m [1;32mOK[0m [95mEvent recording stopped[0m
[1;37m[IO][0m [93mWARN[0m No suitable input devices found
[1;37m[DVR][0m [37mINFO[0m Checking Storage
[1;37m[IO][0m [93mWARN[0m No suitable input devices found
[1;37m[IO][0m [93mWARN[0m No suitable input devices found
[1;37m[IO][0m [93mWARN[0m No suitable input devices found
[1;37m[IO][0m [93mWARN[0m No suitable input devices found
[1;37m[IO][0m [93mWARN[0m No suitable input devices found
[1;37m[IO][0m [93mWARN[0m No suitable input devices found
[1;37m[IO][0m [93mWARN[0m No suitable input devices found
[1;37m[IO][0m [93mWARN[0m No suitable input devices found
[1;37m[IO][0m [93mWARN[0m No suitable input devices found
[1;37m[IO][0m [93mWARN[0m No suitable input devices found
[1;37m[DVR][0m [37mINFO[0m Checking Storage
[1;37m[DVR][0m [37mINFO[0m Dr.Safe PUA Activated

[1;37m[GST][0m [1;36m=== FileWriter Pipeline ===[0m
[32mmp4mux name=mux fragment-duration=1000 ! filesink name=fsink location=/mnt/udisk/VideoFiles/Event/PUA/E_260606_090004_CH4_FR30_A.mp4 
appsrc name=dvr_source0 is-live=true do-timestamp=false format=time ! queue max-size-buffers=120 max-size-time=0 max-size-bytes=0 ! mux.video_0 
appsrc name=dvr_source1 is-live=true do-timestamp=false format=time ! queue max-size-buffers=120 max-size-time=0 max-size-bytes=0 ! mux.video_1 
appsrc name=dvr_source2 is-live=true do-timestamp=false format=time ! queue max-size-buffers=120 max-size-time=0 max-size-bytes=0 ! mux.video_2 
appsrc name=dvr_source3 is-live=true do-timestamp=false format=time ! queue max-size-buffers=120 max-size-time=0 max-size-bytes=0 ! mux.video_3 
appsrc name=dvr_source2000 is-live=true do-timestamp=false format=time caps="text/x-raw,format=utf8" ! queue max-size-buffers=120 max-size-time=0 max-size-bytes=0 ! mux.subtitle_0 
appsrc name=dvr_audio_src is-live=true do-timestamp=false format=time caps=audio/mpeg,mpegversion=4,stream-format=adts ! queue max-size-buffers=200 max-size-time=0 max-size-bytes=0 flush-on-eos=true ! mux.audio_0 
[0m
[1;37m[DVR][0m [37mINFO[0m [TIMING][EVENT] gst_parse_launch: 1ms
[1;37m[DVR][0m [37mINFO[0m [TIMING] initialize: 1ms
[1;37m[DVR][0m [37mINFO[0m [TIMING][EVENT] parser wait: 0ms (ready=yes)
[1;37m[DVR][0m [37mINFO[0m [95mRecording started [EVENT]: /mnt/udisk/VideoFiles/Event/PUA/E_260606_090004_CH4_FR30_A.mp4[0m
[1;37m[DVR][0m [37mINFO[0m [95m  Duration: 10+20s | Channels: Ch0:30fps, Ch1:30fps, Ch2:30fps, Ch3:30fps | Audio: yes[New Thread 0x7ec77eeb60 (LWP 2252513)]
[Detaching after vfork from child process 2252602]
[Detaching after vfork from child process 2252603]
[New Thread 0x7ec6fdeb60 (LWP 2252604)]
[Detaching after vfork from child process 2252605]
[Detaching after vfork from child process 2252607]
[Thread 0x7ec6fdeb60 (LWP 2252604) exited]
[Thread 0x7ec77eeb60 (LWP 2252513) exited]
[Detaching after vfork from child process 2252697]
[Detaching after vfork from child process 2252698]
[New Thread 0x7ec77eeb60 (LWP 2252699)]
[Detaching after vfork from child process 2252700]
[Detaching after vfork from child process 2252702]
[Thread 0x7ec77eeb60 (LWP 2252699) exited]
[0m
[1;37m[DVR][0m [37mINFO[0m [TIMING] start: 30ms
[1;37m[DVR][0m [36mDEBUG[0m Anchor set: ch1 srcPts=0:07:36.727854204
[1;37m[DVR][0m [36mDEBUG[0m Audio Anchor set: srcPts=0:07:36.747528343
[1;37m[DVR][0m [36mDEBUG[0m writeAudio #0: srcPts=0:07:36.747528343 anchor(video)=0:07:36.727854204 filePts=0:00:00.000000000
[1;37m[DVR][0m [36mDEBUG[0m writeAudio #1: srcPts=0:07:36.770748298 anchor(video)=0:07:36.727854204 filePts=0:00:00.023219955
[1;37m[DVR][0m [36mDEBUG[0m writeAudio #2: srcPts=0:07:36.793968253 anchor(video)=0:07:36.727854204 filePts=0:00:00.046439910
[1;37m[DVR][0m [36mDEBUG[0m writeAudio #3: srcPts=0:07:36.817188207 anchor(video)=0:07:36.727854204 filePts=0:00:00.069659864
[1;37m[DVR][0m [36mDEBUG[0m writeAudio #4: srcPts=0:07:36.840408162 anchor(video)=0:07:36.727854204 filePts=0:00:00.092879819
[1;37m[DVR][0m [36mDEBUG[0m Subtitle Anchor set: srcPts=0:07:38.296163772
[1;37m[DVR][0m [37mINFO[0m [TIMING] video/audio/subtitle flush (1648 frames): 52ms
[1;37m[DVR][0m [37mINFO[0m [TIMING] startEventRecording total: 84ms
[1;37m[IO][0m [93mWARN[0m No suitable input devices found
[1;37m[IO][0m [93mWARN[0m No suitable input devices found
[1;37m[IO][0m [93mWARN[0m No suitable input devices found
[1;37m[IO][0m [93mWARN[0m No suitable input devices found
[1;37m[IO][0m [93mWARN[0m No suitable input devices found
[1;37m[IO][0m [93mWARN[0m No suitable input devices found
[1;37m[IO][0m [93mWARN[0m No suitable input devices found
[1;37m[IO][0m [93mWARN[0m No suitable input devices found
[1;37m[IO][0m [93mWARN[0m No suitable input devices found
[1;37m[IO][0m [93mWARN[0m No suitable input devices found
[1;37m[DVR][0m [37mINFO[0m Checking Storage
[1;37m[IO][0m [93mWARN[0m No suitable input devices found
[1;37m[IO][0m [93mWARN[0m No suitable input devices found
[1;37m[IO][0m [93mWARN[0m No suitable input devices found
[1;37m[IO][0m [93mWARN[0m No suitable input devices found
[1;37m[IO][0m [93mWARN[0m No suitable input devices found
[1;37m[IO][0m [93mWARN[0m No suitable input devices found
[1;37m[IO][0m [93mWARN[0m No suitable input devices found
[1;37m[IO][0m [93mWARN[0m No suitable input devices found
[1;37m[IO][0m [93mWARN[0m No suitable input devices found
[1;37m[IO][0m [93mWARN[0m No suitable input devices found
[1;37m[IO][0m [93mWARN[0m No suitable input devices found
[1;37m[DVR][0m [37mINFO[0m Checking Storage
[1;37m[DVR][0m [37mINFO[0m [95mStopping [EVENT]: /mnt/udisk/VideoFiles/Event/PUA/E_260606_090004_CH4_FR30_A.mp4[0m

[1;37m[DVR][0m [1;36m=== Recording Statistics ===[0m
[1;37m[DVR][0m [37mINFO[0m Mode: EVENT | Path: [48;5;58m/mnt/udisk/VideoFiles/Event/PUA/E_260606_090004_CH4_FR30_A.mp4[0m
[1;37m[DVR][0m [37mINFO[0m Resolution: 1920x1080 | Expected: 10s+20s @ 30fps = 300+600 = 900 frames/channel | Actual Duration: 20.1s
[1;36mChannel Statistics[0m
=============================================================================
Channel      FPS          Received     Processed    Dropped      Success     
-----------------------------------------------------------------------------
Ch0          30           885          885          0            100.0%      
Ch1          30           888          888          0            100.0%      
Ch2          30           888          888          0            100.0%      
Ch3          30           885          885          0            100.0%      
SUB          30           29           29           0            100.0%      
AUDIO        -            1299         1299         0            100.0%      
TOTAL        -            3575         3575         0            100.0%      

[1;37m[DVR][0m [37mINFO[0m stop() [EVENT] audio EOS sent (+100ms)
[1;37m[DVR][0m [37mINFO[0m stop() [EVENT] audio flush wait done (+150ms)
[1;37m[DVR][0m [37mINFO[0m stop() [EVENT] video EOS sent: yes (+150ms)
[1;37m[DVR][0m [37mINFO[0m stop() [EVENT] EOS received: type=EOS (+176ms)
[1;37m[DVR][0m [37mINFO[0m stop() NULL complete [Thread 0x7ed5fbeb60 (LWP 2252502) exited]
[Thread 0x7ec7ffeb60 (LWP 2252501) exited]
[Thread 0x7ed6fdeb60 (LWP 2252503) exited]
[Thread 0x7ef5fbeb60 (LWP 2252507) exited]
[Thread 0x7ed67ceb60 (LWP 2252511) exited]
[Thread 0x7ed57aeb60 (LWP 2252512) exited]
[Thread 0x7ed77eeb60 (LWP 2252510) exited]
[Thread 0x7ef4f9eb60 (LWP 2252509) exited]
[Thread 0x7ef57aeb60 (LWP 2252508) exited]
[Thread 0x7ef67ceb60 (LWP 2252506) exited]
[Thread 0x7ef6fdeb60 (LWP 2252505) exited]
[Thread 0x7ed7ffeb60 (LWP 2252504) exited]
at 0ms (+180ms)
[1;37m[DVR][0m [37mINFO[0m stop() [EVENT] NULL complete (+180ms)
[1;37m[DVR][0m [37mINFO[0m [95mRecording stopped [EVENT] (total: 181ms)[0m
[1;37m[DVR][0m [1;32mOK[0m [95mEvent recording stopped[0m
[1;37m[IO][0m [93mWARN[0m No suitable input devices found
[1;37m[IO][0m [93mWARN[0m No suitable input devices found
[1;37m[DVR][0m [37mINFO[0m File rotation needed
[1;37m[DVR][0m [37mINFO[0m Rotating recording files
[1;37m[DVR][0m [37mINFO[0m Stopping [NORMAL]: /mnt/udisk/VideoFiles/Normal/N_260606_085926_#0_CH4_FR30_A.mp4

[1;37m[DVR][0m [1;36m=== Recording Statistics ===[0m
[1;37m[DVR][0m [37mINFO[0m Mode: NORMAL | Path: [48;5;58m/mnt/udisk/VideoFiles/Normal/N_260606_085926_#0_CH4_FR30_A.mp4[0m
[1;37m[DVR][0m [37mINFO[0m Resolution: 1920x1080 | Expected: 60s @ 30fps = 1800 frames/channel | Actual Duration: 60.8s
[1;36mChannel Statistics[0m
=============================================================================
Channel      FPS          Received     Processed    Dropped      Success     
-----------------------------------------------------------------------------
Ch0          30           1785         1785         0            100.0%      
Ch1          30           1787         1787         0            100.0%      
Ch2          30           1784         1784         0            100.0%      
Ch3          30           1789         1789         0            100.0%      
SUB          30           60           60           0            100.0%      
AUDIO        -            2615         2615         0            100.0%      
TOTAL        -            7205         7205         0            100.0%      

[1;37m[DVR][0m [37mINFO[0m stop() [NORMAL] audio EOS sent (+100ms)
[1;37m[DVR][0m [37mINFO[0m stop() [NORMAL] audio flush wait done (+150ms)
[1;37m[DVR][0m [37mINFO[0m stop() [NORMAL] video EOS sent: yes (+150ms)
[1;37m[DVR][0m [37mINFO[0m stop() [NORMAL] EOS received: type=EOS (+171ms)
[1;37m[DVR][0m [37mINFO[0m stop() NULL complete at 0ms (+173ms)
[1;37m[DVR][0m [37mINFO[0m stop() [NORMAL] NULL complete (+173ms)
[1;37m[DVR][0m [37mINFO[0m Recording stopped [NORMAL] (total: 174ms)
[1;37m[DVR][0m [37mINFO[0m Split mode: 1 files (4 channels per file)
[1;37m[DVR][0m [37mINFO[0m Starting NORMAL recording

[1;37m[GST][0m [1;36m=== FileWriter Pipeline ===[0m
[32mmp4mux name=mux fragment-duration=1000 ! filesink name=fsink location=/mnt/udisk/VideoFiles/Normal/N_260606_090026_#0_CH4_FR30_A.mp4 
appsrc name=dvr_source0 is-live=true do-timestamp=false format=time ! queue max-size-buffers=120 max-size-time=0 max-size-bytes=0 ! mux.video_0 
appsrc name=dvr_source1 is-live=true do-timestamp=false format=time ! queue max-size-buffers=120 max-size-time=0 max-size-bytes=0 ! mux.video_1 
appsrc name=dvr_source2 is-live=true do-timestamp=false format=time ! queue max-size-buffers=120 max-size-time=0 max-size-bytes=0 ! mux.video_2 
appsrc name=dvr_source3 is-live=true do-timestamp=false format=time ! queue max-size-buffers=120 max-size-time=0 max-size-bytes=0 ! mux.video_3 
appsrc name=dvr_source1000 is-live=true do-timestamp=false format=time caps="text/x-raw,format=utf8" ! queue max-size-buffers=120 max-size-time=0 max-size-bytes=0 ! mux.subtitle_0 
appsrc name=dvr_audio_src is-live=true do-timestamp=false format=time caps=audio/mpeg,mpegversion=4,stream-format=adts ! queue max-size-buffers=200 max-size-time=0 max-size-bytes=0 flush-on-eos=true ! mux.audio_0 
[0m
[1;37m[DVR][0m [37mINFO[0m [TIMING][NORMAL] gst_parse_launch: 2ms
[1;37m[DVR][0m [37mINFO[0m [TIMING][NORMAL] parser wait: 0ms (ready=yes)
[1;37m[DVR][0m [37mINFO[0m Recording started [NORMAL]: /mnt/udisk/VideoFiles/Normal/N_260606_090026_#0_CH4_FR30_A.mp4
[1;37m[DVR][0m [37mINFO[0m   Duration: 60s | Channels: Ch0:30fps, Ch1:30fps, Ch2:30fps, Ch3:30fps | Audio: yes
[1;37m[DVR][0m [36mDEBUG[0m Anchor set: ch3 srcPts=0:08:08.174451682
[1;37m[DVR][0m [36mDEBUG[0m Audio Anchor set: srcPts=0:08:08.140907028
[1;37m[DVR][0m [36mDEBUG[0m writeAudio #0:[Detaching after vfork from child process 2252794]
[Detaching after vfork from child process 2252795]
[New Thread 0x7ed57aeb60 (LWP 2252796)]
[Detaching after vfork from child process 2252797]
[Detaching after vfork from child process 2252799]
[Thread 0x7ed57aeb60 (LWP 2252796) exited]
[New Thread 0x7ed57aeb60 (LWP 2252822)]
[New Thread 0x7ed67ceb60 (LWP 2252823)]
[New Thread 0x7ef4f9eb60 (LWP 2252824)]
[New Thread 0x7ed77eeb60 (LWP 2252825)]
[New Thread 0x7ef6fdeb60 (LWP 2252826)]
[New Thread 0x7ef67ceb60 (LWP 2252827)]
[New Thread 0x7ef5fbeb60 (LWP 2252828)]
[New Thread 0x7ef57aeb60 (LWP 2252829)]
[New Thread 0x7ed7ffeb60 (LWP 2252830)]
[New Thread 0x7ed6fdeb60 (LWP 2252831)]
[New Thread 0x7ed5fbeb60 (LWP 2252832)]
[New Thread 0x7ec7ffeb60 (LWP 2252833)]
[New Thread 0x7ec77eeb60 (LWP 2252834)]
 srcPts=0:08:08.140907028 anchor(video)=0:08:08.174451682 filePts=0:00:00.000000000
[1;37m[DVR][0m [36mDEBUG[0m writeAudio #1: srcPts=0:08:08.164126983 anchor(video)=0:08:08.174451682 filePts=0:00:00.023219955
[1;37m[DVR][0m [36mDEBUG[0m writeAudio #2: srcPts=0:08:08.187346937 anchor(video)=0:08:08.174451682 filePts=0:00:00.046439909
[1;37m[DVR][0m [36mDEBUG[0m writeAudio #3: srcPts=0:08:08.210566892 anchor(video)=0:08:08.174451682 filePts=0:00:00.069659864
[1;37m[DVR][0m [36mDEBUG[0m writeAudio #4: srcPts=0:08:08.233786847 anchor(video)=0:08:08.174451682 filePts=0:00:00.092879819
[1;37m[DVR][0m [36mDEBUG[0m Subtitle Anchor set: srcPts=0:08:08.529216855
[1;37m[IO][0m [93mWARN[0m No suitable input devices found
[1;37m[IO][0m [93mWARN[0m No suitable input devices found
[1;37m[IO][0m [93mWARN[0m No suitable input devices found
[1;37m[IO][0m [93mWARN[0m No suitable input devices found
[1;37m[IO][0m [93mWARN[0m No suitable input devices found
[1;37m[IO][0m [93mWARN[0m No suitable input devices found
[1;37m[IO][0m [93mWARN[0m No suitable input devices found
[1;37m[IO][0m [93mWARN[0m No suitable input devices found
[1;37m[IO][0m [93mWARN[0m No suitable input devices found
[1;37m[DVR][0m [37mINFO[0m Checking Storage
[1;37m[DVR][0m [37mINFO[0m Dr.Safe PUA Activated

[1;37m[GST][0m [1;36m=== FileWriter Pipeline ===[0m
[32mmp4mux name=mux fragment-duration=1000 ! filesink name=fsink location=/mnt/udisk/VideoFiles/Event/PUA/E_260606_090035_CH4_FR30_A.mp4 
appsrc name=dvr_source0 is-live=true do-timestamp=false format=time ! queue max-size-buffers=120 max-size-time=0 max-size-bytes=0 ! mux.video_0 
appsrc name=dvr_source1 is-live=true do-timestamp=false format=time ! queue max-size-buffers=120 max-size-time=0 max-size-bytes=0 ! mux.video_1 
appsrc name=dvr_source2 is-live=true do-timestamp=false format=time ! queue max-size-buffers=120 max-size-time=0 max-size-bytes=0 ! mux.video_2 
appsrc name=dvr_source3 is-live=true do-timestamp=false format=time ! queue max-size-buffers=120 max-size-time=0 max-size-bytes=0 ! mux.video_3 
appsrc name=dvr_source2000 is-live=true do-timestamp=false format=time caps="text/x-raw,format=utf8" ! queue max-size-buffers=120 max-size-time=0 max-size-bytes=0 ! mux.subtitle_0 
appsrc name=dvr_audio_src is-live=true do-timestamp=false format=time caps=audio/mpeg,mpegversion=4,stream-format=adts ! queue max-size-buffers=200 max-size-time=0 max-size-bytes=0 flush-on-eos=true ! mux.audio_0 
[0m
[1;37m[DVR][0m [37mINFO[0m [TIMING][EVENT] gst_parse_launch: 3ms
[1;37m[DVR][0m [37mINFO[0m [TIMING] initialize: 3ms
[1;37m[DVR][0m [37mINFO[0m [TIMING][EVENT] parser wait: 0ms (ready=yes)
[1;37m[DVR][0m [37mINFO[0m [95mRecording started [EVENT]: /mnt/udisk/VideoFiles/Event/PUA/E_260606_090035_CH4_FR30_A.mp4[0m
[1;37m[DVR][0m [37mINFO[0m [95m  Duration: 10+20s | Channels: Ch0:30fps, Ch1:30fps, Ch2:30fps, Ch3:30fps | Audio: yes[0m
[1;37m[DVR][0m [37mINFO[0m [TIMING] start: 24ms
[1;37m[DVR][0m [36mDEBUG[0m Anchor set: ch3 srcPts=0:08:07.840828085
[1;37m[DVR][0m [36mDEBUG[0m Audio Anchor set: srcPts=0:08:07.862267572
[1;37m[DVR][0m [36mDEBUG[0m writeAudio #0: srcPts=0:08:07.862267572 anchor(video)=0:08:07.840828085 filePts=0:00:00.000000000
[1;37m[DVR][0m [36mDEBUG[0m writeAudio #1: srcPts=0:08:07.885487527 anchor(video)=0:08:07.840828085 filePts=0:00:00.023219955
[1;37m[DVR][0m [36mDEBUG[0m writeAudio #2: srcPts=0:08:07.908707482 anchor(video)=0:08:07.840828085 filePts=0:00:00.046439910
[1;37m[DVR][0m [36mDEBUG[0m writeAudio #3: srcPts=0:08:07.931927436 anchor(video)=0:08:07.840828085 filePts=0:00:00.069659864
[1;37m[DVR][0m [36mDEBUG[0m writeAudio #4: srcPts=0:08:07.955147391 anchor(video)=0:08:07.840828085 filePts=0:00:00.092879819
[1;37m[DVR][0m [36mDEBUG[0m Subtitle Anchor set: srcPts=0:08:09.395827585
[1;37m[DVR][0m [37mINFO[0m [TIMING] video/audio/subtitle flush (1648 frames): 57ms
[1;37m[DVR][0m [37mINFO[0m [TIMING] startEventRecording total: 85ms
[1;37m[IO][0m [93mWARN[0m No s[Detaching after vfork from child process 2252915]
[Detaching after vfork from child process 2252916]
[New Thread 0x7ec6fdeb60 (LWP 2252917)]
[Detaching after vfork from child process 2252918]
[Detaching after vfork from child process 2252920]
[Thread 0x7ec6fdeb60 (LWP 2252917) exited]
[Thread 0x7ec77eeb60 (LWP 2252834) exited]
[New Thread 0x7ec77eeb60 (LWP 2253018)]
[Detaching after vfork from child process 2253019]
[Detaching after vfork from child process 2253021]
[Thread 0x7ec77eeb60 (LWP 2253018) exited]
[Detaching after vfork from child process 2253044]
[Detaching after vfork from child process 2253045]
[Thread 0x7ed67ceb60 (LWP 2252823) exited]
[Thread 0x7ed57aeb60 (LWP 2252822) exited]
[Thread 0x7ef6fdeb60 (LWP 2252826) exited]
[Thread 0x7ef67ceb60 (LWP 2252827) exited]
[Thread 0x7ed77eeb60 (LWP 2252825) exited]
[Thread 0x7ef4f9eb60 (LWP 2252824) exited]
[Thread 0x7ef5fbeb60 (LWP 2252828) exited]
[Thread 0x7ed7ffeb60 (LWP 2252830) exited]
[Thread 0x7ef57aeb60 (LWP 2252829) exited]
[Thread 0x7ec7ffeb60 (LWP 2252833) exited]
[Thread 0x7ed5fbeb60 (LWP 2252832) exited]
[Thread 0x7ed6fdeb60 (LWP 2252831) exited]
[New Thread 0x7ec7ffeb60 (LWP 2253121)]
[Detaching after vfork from child process 2253122]
[Detaching after vfork from child process 2253124]
[Thread 0x7ec7ffeb60 (LWP 2253121) exited]
[Detaching after vfork from child process 2253174]
[Detaching after vfork from child process 2253175]
uitable input devices found
[1;37m[IO][0m [93mWARN[0m No suitable input devices found
[1;37m[IO][0m [93mWARN[0m No suitable input devices found
[1;37m[IO][0m [93mWARN[0m No suitable input devices found
[1;37m[IO][0m [93mWARN[0m No suitable input devices found
[1;37m[IO][0m [93mWARN[0m No suitable input devices found
[1;37m[IO][0m [93mWARN[0m No suitable input devices found
[1;37m[IO][0m [93mWARN[0m No suitable input devices found
[1;37m[IO][0m [93mWARN[0m No suitable input devices found
[1;37m[IO][0m [93mWARN[0m No suitable input devices found
[1;37m[DVR][0m [37mINFO[0m Checking Storage
[1;37m[IO][0m [93mWARN[0m No suitable input devices found
[1;37m[IO][0m [93mWARN[0m No suitable input devices found
[1;37m[IO][0m [93mWARN[0m No suitable input devices found
[1;37m[IO][0m [93mWARN[0m No suitable input devices found
[1;37m[IO][0m [93mWARN[0m No suitable input devices found
[1;37m[IO][0m [93mWARN[0m No suitable input devices found
[1;37m[IO][0m [93mWARN[0m No suitable input devices found
[1;37m[IO][0m [93mWARN[0m No suitable input devices found
[1;37m[IO][0m [93mWARN[0m No suitable input devices found
[1;37m[IO][0m [93mWARN[0m No suitable input devices found
[1;37m[DVR][0m [37mINFO[0m Checking Storage
[1;37m[IO][0m [93mWARN[0m No suitable input devices found
[1;37m[DVR][0m [37mINFO[0m [95mStopping [EVENT]: /mnt/udisk/VideoFiles/Event/PUA/E_260606_090035_CH4_FR30_A.mp4[0m

[1;37m[DVR][0m [1;36m=== Recording Statistics ===[0m
[1;37m[DVR][0m [37mINFO[0m Mode: EVENT | Path: [48;5;58m/mnt/udisk/VideoFiles/Event/PUA/E_260606_090035_CH4_FR30_A.mp4[0m
[1;37m[DVR][0m [37mINFO[0m Resolution: 1920x1080 | Expected: 10s+20s @ 30fps = 300+600 = 900 frames/channel | Actual Duration: 20.1s
[1;36mChannel Statistics[0m
=============================================================================
Channel      FPS          Received     Processed    Dropped      Success     
-----------------------------------------------------------------------------
Ch0          30           890          890          0            100.0%      
Ch1          30           889          889          0            100.0%      
Ch2          30           890          890          0            100.0%      
Ch3          30           888          888          0            100.0%      
SUB          30           29           29           0            100.0%      
AUDIO        -            1297         1297         0            100.0%      
TOTAL        -            3586         3586         0            100.0%      

[1;37m[DVR][0m [37mINFO[0m stop() [EVENT] audio EOS sent (+100ms)
[1;37m[DVR][0m [37mINFO[0m stop() [EVENT] audio flush wait done (+150ms)
[1;37m[DVR][0m [37mINFO[0m stop() [EVENT] video EOS sent: yes (+150ms)
[1;37m[DVR][0m [37mINFO[0m stop() [EVENT] EOS received: type=EOS (+173ms)
[1;37m[DVR][0m [37mINFO[0m stop() NULL complete at 0ms (+176ms)
[1;37m[DVR][0m [37mINFO[0m stop() [EVENT] NULL complete (+176ms)
[1;37m[DVR][0m [37mINFO[0m [95mRecording stopped [EVENT] (total: 176ms)[0m
[1;37m[DVR][0m [1;32mOK[0m [95mEvent recording stopped[0m
[1;37m[IO][0m [93mWARN[0m No suitable input devices found
[1;37m[IO][0m [93mWARN[0m No suitable input devices found
[1;37m[IO][0m [93mWARN[0m No suitable input devices found
[1;37m[IO][0m [93mWARN[0m No suitable input devices found
[1;37m[IO][0m [93mWARN[0m No suitable input devices found
[1;37m[IO][0m [93mWARN[0m No suitable input devices found
[1;37m[IO][0m [93mWARN[0m No suitable input devices found
[1;37m[IO][0m [93mWARN[0m No suitable input devices found
[1;37m[IO][0m [93mWARN[0m No suitable input devices found
[1;37m[IO][0m [93mWARN[0m No suitable input devices found
[1;37m[DVR][0m [37mINFO[0m Checking Storage
[1;37m[IO][0m [93mWARN[0m No suitable input devices found
[1;37m[IO][0m [93mWARN[0m No suitable input devices found
[1;37m[IO][0m [93mWARN[0m No suitable input devices found
[1;37m[IO][0m [93mWARN[0m No suitable[Thread 0x7ed4f9eb60 (LWP 2251646) exited]
[New Thread 0x7ed4f9eb60 (LWP 2253224)]
[Detaching after vfork from child process 2253225]
[Detaching after vfork from child process 2253227]
[Thread 0x7ed4f9eb60 (LWP 2253224) exited]
[Detaching after vfork from child process 2253277]
[Detaching after vfork from child process 2253278]
[New Thread 0x7ed4f9eb60 (LWP 2253327)]
[Detaching after vfork from child process 2253328]
[Detaching after vfork from child process 2253330]
[Thread 0x7ed4f9eb60 (LWP 2253327) exited]
[New Thread 0x7ed4f9eb60 (LWP 2253332)]
[New Thread 0x7ec7ffeb60 (LWP 2253333)]
[New Thread 0x7ed5fbeb60 (LWP 2253334)]
[New Thread 0x7ed6fdeb60 (LWP 2253335)]
[New Thread 0x7ef6fdeb60 (LWP 2253336)]
[New Thread 0x7ef67ceb60 (LWP 2253337)]
[New Thread 0x7ef5fbeb60 (LWP 2253338)]
[New Thread 0x7ef57aeb60 (LWP 2253339)]
[New Thread 0x7ef4f9eb60 (LWP 2253340)]
[New Thread 0x7ed7ffeb60 (LWP 2253341)]
[New Thread 0x7ed77eeb60 (LWP 2253342)]
[New Thread 0x7ed67ceb60 (LWP 2253343)]
[New Thread 0x7ed57aeb60 (LWP 2253344)]
[New Thread 0x7ec77eeb60 (LWP 2253350)]
 input devices found
[1;37m[IO][0m [93mWARN[0m No suitable input devices found
[1;37m[IO][0m [93mWARN[0m No suitable input devices found
[1;37m[IO][0m [93mWARN[0m No suitable input devices found
[1;37m[IO][0m [93mWARN[0m No suitable input devices found
[1;37m[IO][0m [93mWARN[0m No suitable input devices found
[1;37m[IO][0m [93mWARN[0m No suitable input devices found
[1;37m[DVR][0m [37mINFO[0m Checking Storage
[1;37m[IO][0m [93mWARN[0m No suitable input devices found
[1;37m[IO][0m [93mWARN[0m No suitable input devices found
[1;37m[IO][0m [93mWARN[0m No suitable input devices found
[1;37m[IO][0m [93mWARN[0m No suitable input devices found
[1;37m[IO][0m [93mWARN[0m No suitable input devices found
[1;37m[IO][0m [93mWARN[0m No suitable input devices found
[1;37m[IO][0m [93mWARN[0m No suitable input devices found
[1;37m[IO][0m [93mWARN[0m No suitable input devices found
[1;37m[IO][0m [93mWARN[0m No suitable input devices found
[1;37m[IO][0m [93mWARN[0m No suitable input devices found
[1;37m[IO][0m [93mWARN[0m No suitable input devices found
[1;37m[DVR][0m [37mINFO[0m Checking Storage
[1;37m[DVR][0m [37mINFO[0m Dr.Safe PUA Activated

[1;37m[GST][0m [1;36m=== FileWriter Pipeline ===[0m
[32mmp4mux name=mux fragment-duration=1000 ! filesink name=fsink location=/mnt/udisk/VideoFiles/Event/PUA/E_260606_090125_CH4_FR30_A.mp4 
appsrc name=dvr_source0 is-live=true do-timestamp=false format=time ! queue max-size-buffers=120 max-size-time=0 max-size-bytes=0 ! mux.video_0 
appsrc name=dvr_source1 is-live=true do-timestamp=false format=time ! queue max-size-buffers=120 max-size-time=0 max-size-bytes=0 ! mux.video_1 
appsrc name=dvr_source2 is-live=true do-timestamp=false format=time ! queue max-size-buffers=120 max-size-time=0 max-size-bytes=0 ! mux.video_2 
appsrc name=dvr_source3 is-live=true do-timestamp=false format=time ! queue max-size-buffers=120 max-size-time=0 max-size-bytes=0 ! mux.video_3 
appsrc name=dvr_source2000 is-live=true do-timestamp=false format=time caps="text/x-raw,format=utf8" ! queue max-size-buffers=120 max-size-time=0 max-size-bytes=0 ! mux.subtitle_0 
appsrc name=dvr_audio_src is-live=true do-timestamp=false format=time caps=audio/mpeg,mpegversion=4,stream-format=adts ! queue max-size-buffers=200 max-size-time=0 max-size-bytes=0 flush-on-eos=true ! mux.audio_0 
[0m
[1;37m[DVR][0m [37mINFO[0m [TIMING][EVENT] gst_parse_launch: 4ms
[1;37m[DVR][0m [37mINFO[0m [TIMING] initialize: 5ms
[1;37m[DVR][0m [37mINFO[0m [TIMING][EVENT] parser wait: 0ms (ready=yes)
[1;37m[DVR][0m [37mINFO[0m [95mRecording started [EVENT]: /mnt/udisk/VideoFiles/Event/PUA/E_260606_090125_CH4_FR30_A.mp4[0m
[1;37m[DVR][0m [37mINFO[0m [95m  Duration: 10+20s | Channels: Ch0:30fps, Ch1:30fps, Ch2:30fps, Ch3:30fps | Audio: yes[0m
[1;37m[DVR][0m [37mINFO[0m [TIMING] start: 16ms
[1;37m[DVR][0m [36mDEBUG[0m Anchor set: ch1 srcPts=0:08:57.993665905
[1;37m[DVR][0m [36mDEBUG[0m Audio Anchor set: srcPts=0:08:57.994149659
[1;37m[DVR][0m [36mDEBUG[0m writeAudio #0: srcPts=0:08:57.994149659 anchor(video)=0:08:57.993665905 filePts=0:00:00.000000000
[1;37m[DVR][0m [36mDEBUG[0m writeAudio #1: srcPts=0:08:58.017369613 anchor(video)=0:08:57.993665905 filePts=0:00:00.023219954
[1;37m[DVR][0m [36mDEBUG[0m writeAudio #2: srcPts=0:08:58.040589568 anchor(video)=0:08:57.993665905 filePts=0:00:00.046439909
[1;37m[DVR][0m [36mDEBUG[0m writeAudio #3: srcPts=0:08:58.063809522 anchor(video)=0:08:57.993665905 filePts=0:00:00.069659863
[1;37m[DVR][0m [36mDEBUG[0m writeAudio #4: srcPts=0:08:58.087029477 anchor(video)=0:08:57.993665905 filePts=0:00:00.092879818
[1;37m[DVR][0m [36mDEBUG[0m Subtitle Anchor set: srcPts=0:08:59.861737746
[1;37m[DVR][0m [37mINFO[0m [TIMING] video/audio/subtitle flush (1645 frames): 55ms
[1;37m[DVR][0m [37mINFO[0m [TIMING] startEventRecording total: 77ms
[1;37m[IO][0m [93mWARN[0m No suitable input devices found
[1;37m[IO][0m [93mWARN[0m No suitable input devices found
[1;37m[DVR][0m [37mINFO[0m File rotation needed
[1;37m[DVR][0m [37mINFO[0m Rotating recording files
[1;37m[DVR][0m [37mINFO[0m Stopping [NORMAL]: /mnt/udisk/VideoFiles/Normal/N_260606_090026_#0_CH4_FR30_A.mp4

[1;37m[DVR][0m [1;36m=== Recording Statistics ===[0m
[1;37m[DVR][0m [37mINFO[0m Mode: NORMAL | Path: [48;5;58m/mnt/udisk/VideoFiles/Normal/N_260606_090026_#0_CH4_FR30_A.mp4[0m
[1;37m[DVR][0m [37mINFO[0m Resolution: 1920x1080 | Expected: 60s @ 30fps = 1800 frames/channel | Actual Duration: 60.8s
[1;36mChannel Statistics[0m
=============================================================================
Channel      FPS          Received     Processed    Dropped      Success     
-----------------------------------------------------------------------------
Ch0          30           1795         1795         0            100.0%      
Ch1          30           1797         1797         0            100.0%      
Ch2          30           1797         1797         0            100.0%      
Ch3          30           1797         1797         0            100.0%      
SUB          30           60           60           0            100.0%      
AUDIO        -            2615         2615         0            100.0%      
TOTAL        -            7246         7246         0            100.0%      

[1;37m[DVR][0m [37mINFO[0m stop() [NORMAL] audio EOS sent (+100ms)
[1;37m[DVR][0m [37mINFO[0m stop() [NORMAL] audio flush wait done (+150ms)
[1;37m[DVR][0m [37mINFO[0m stop() [NORMAL] video EOS sent: yes (+150ms)
[1;37m[DVR][0m [37mINFO[0m stop() [NORMAL] EOS received: type=EOS (+172ms)
[1;37m[DVR][0m [37mINFO[0m stop() NULL complete at 0ms (+175ms)
[1;37m[DVR][0m [37mINFO[0m stop() [NORMAL] NULL complete (+175ms)
[1;37m[DVR][0m [37mINFO[0m Recording stopped [NORMAL] (total: 176ms)
[1;37m[DVR][0m [37mINFO[0m Split mode: 1 files (4 channels per file)
[1;37m[DVR][0m [37mINFO[0m Starting NORMAL recording

[1;37m[GST][0m [1;36m=== FileWriter Pipeline ===[0m
[32mmp4mux name=mux fragment-duration=1000 ! filesink name=fsink location=/mnt/udisk/VideoFiles/Normal/N_260606_090127_#0_CH4_FR30_A.mp4 
appsrc name=dvr_source0 is-live=true do-timestamp=false format=time ! queue max-size-buffers=120 max-size-time=0 max-size-bytes=0 ! mux.video_0 
appsrc name=dvr_source1 is-live=true do-timestamp=false format=time ! queue max-size-buffers=120 max-size-time=0 max-size-bytes=0 ! mux.video_1 
appsrc name=dvr_source2 is-live=true do-timestamp=false format=time ! queue max-size-buffers=120 max-size-time=0 max-size-bytes=0 ! mux.video_2 
appsrc name=dvr_source3 is-live=true do-timestamp=false format=time ! queue max-size-buffers=120 max-size-time=0 max-size-bytes=0 ! mux.video_3 
appsrc name=dvr_source1000 is-live=true do-timestamp=false format=time caps="text/x-raw,format=utf8" ! queue max-size-buffers=120 max-size-time=0 max-size-bytes=0 ! mux.subtitle_0 
appsrc name=dvr_audio_src is-live=true do-timestamp=false format=time caps=audio/mpeg,mpegversion=4,stream-format=adts ! queue max-size-buffers=200 max-size-time=0 max-size-bytes=0 flush-on-eos=true ! mux.audio_0 
[0m
[1;37m[DVR][0m [37mINFO[0m [TIMING][NORMAL] gst_parse_launch: 2ms
[1;37m[DVR][0m [37mINFO[0m [TIMING][NORMAL] parser wait: 0ms (ready=yes)
[1;37m[DVR][0m [37mINFO[0m Recording started [NORMAL]: /mnt/udisk/VideoFiles/Normal/N_260606_090127_#0_CH4_FR30_A.mp4
[1;37m[DVR][0m [37mINFO[0m   Duration: 60s | Channels: Ch0:30fps, Ch1:30fps, Ch2:30fps, Ch3:30fps | Audio: yes
[1;37m[DVR][0m [36mDEBUG[0m Audio Anchor set: srcPts=0:09:09.046848071
[1;37m[DVR][0m [36mDEBUG[0m writeAudio #0: srcPts=0:09:09.046848071 anchor(audio)=0:09:09.046848071 filePts=0:00:00.000000000
[1;37m[DVR][0m [36mDEBUG[0m writeAudio #1: srcPts=0:09:09.070068026 anchor(audio)=0:09:09.046848071 filePts=0:00:00.023219955
[1;37m[DVR][0m [36mDEBUG[0m writeAudio #2: srcPts=0:09:09.093287981 anchor(audio)=0:09:09.046848071 filePts=0:00:00.046439910
[1;37m[DVR][0m [36mDEBUG[0m writeAudio #3: srcPts=0:09:09.116507935 anchor(audio)=0:09:09.046848071 filePt[Detaching after vfork from child process 2253396]
[Detaching after vfork from child process 2253397]
[New Thread 0x7ec6fdeb60 (LWP 2253450)]
[Detaching after vfork from child process 2253451]
[Detaching after vfork from child process 2253453]
[Thread 0x7ec6fdeb60 (LWP 2253450) exited]
[Detaching after vfork from child process 2253507]
[Detaching after vfork from child process 2253508]
[Thread 0x7ec77eeb60 (LWP 2253350) exited]
[New Thread 0x7ec77eeb60 (LWP 2253566)]
[Detaching after vfork from child process 2253567]
[Detaching after vfork from child process 2253569]
[Thread 0x7ec77eeb60 (LWP 2253566) exited]
[Thread 0x7ed5fbeb60 (LWP 2253334) exited]
[Thread 0x7ed6fdeb60 (LWP 2253335) exited]
[Thread 0x7ec7ffeb60 (LWP 2253333) exited]
[Thread 0x7ef6fdeb60 (LWP 2253336) exited]
[Thread 0x7ef67ceb60 (LWP 2253337) exited]
[Thread 0x7ef5fbeb60 (LWP 2253338) exited]
[Thread 0x7ed7ffeb60 (LWP 2253341) exited]
[Thread 0x7ef4f9eb60 (LWP 2253340) exited]
[Thread 0x7ef57aeb60 (LWP 2253339) exited]
[Thread 0x7ed67ceb60 (LWP 2253343) exited]
[Thread 0x7ed77eeb60 (LWP 2253342) exited]
[Thread 0x7ed57aeb60 (LWP 2253344) exited]
[Detaching after vfork from child process 2253623]
[Detaching after vfork from child process 2253624]
[New Thread 0x7ed57aeb60 (LWP 2253677)]
[Detaching after vfork from child process 2253678]
[Detaching after vfork from child process 2253680]
[Thread 0x7ed57aeb60 (LWP 2253677) exited]
s=0:00:00.069659864
[1;37m[DVR][0m [36mDEBUG[0m writeAudio #4: srcPts=0:09:09.139727890 anchor(audio)=0:09:09.046848071 filePts=0:00:00.092879819
[1;37m[DVR][0m [36mDEBUG[0m Anchor set: ch1 srcPts=0:09:09.093169847
[1;37m[DVR][0m [36mDEBUG[0m Subtitle Anchor set: srcPts=0:09:09.328022464
[1;37m[IO][0m [93mWARN[0m No suitable input devices found
[1;37m[IO][0m [93mWARN[0m No suitable input devices found
[1;37m[IO][0m [93mWARN[0m No suitable input devices found
[1;37m[IO][0m [93mWARN[0m No suitable input devices found
[1;37m[IO][0m [93mWARN[0m No suitable input devices found
[1;37m[IO][0m [93mWARN[0m No suitable input devices found
[1;37m[IO][0m [93mWARN[0m No suitable input devices found
[1;37m[IO][0m [93mWARN[0m No suitable input devices found
[1;37m[DVR][0m [37mINFO[0m Checking Storage
[1;37m[IO][0m [93mWARN[0m No suitable input devices found
[1;37m[IO][0m [93mWARN[0m No suitable input devices found
[1;37m[IO][0m [93mWARN[0m No suitable input devices found
[1;37m[IO][0m [93mWARN[0m No suitable input devices found
[1;37m[IO][0m [93mWARN[0m No suitable input devices found
[1;37m[IO][0m [93mWARN[0m No suitable input devices found
[1;37m[IO][0m [93mWARN[0m No suitable input devices found
[1;37m[IO][0m [93mWARN[0m No suitable input devices found
[1;37m[IO][0m [93mWARN[0m No suitable input devices found
[1;37m[IO][0m [93mWARN[0m No suitable input devices found
[1;37m[IO][0m [93mWARN[0m No suitable input devices found
[1;37m[DVR][0m [37mINFO[0m [95mStopping [EVENT]: /mnt/udisk/VideoFiles/Event/PUA/E_260606_090125_CH4_FR30_A.mp4[0m
[1;37m[DVR][0m [37mINFO[0m Checking Storage

[1;37m[DVR][0m [1;36m=== Recording Statistics ===[0m
[1;37m[DVR][0m [37mINFO[0m Mode: EVENT | Path: [48;5;58m/mnt/udisk/VideoFiles/Event/PUA/E_260606_090125_CH4_FR30_A.mp4[0m
[1;37m[DVR][0m [37mINFO[0m Resolution: 1920x1080 | Expected: 10s+20s @ 30fps = 300+600 = 900 frames/channel | Actual Duration: 20.1s
[1;36mChannel Statistics[0m
=============================================================================
Channel      FPS          Received     Processed    Dropped      Success     
-----------------------------------------------------------------------------
Ch0          30           888          888          0            100.0%      
Ch1          30           888          888          0            100.0%      
Ch2          30           888          888          0            100.0%      
Ch3          30           888          888          0            100.0%      
SUB          30           29           29           0            100.0%      
AUDIO        -            1296         1296         0            100.0%      
TOTAL        -            3581         3581         0            100.0%      

[1;37m[DVR][0m [37mINFO[0m stop() [EVENT] audio EOS sent (+105ms)
[1;37m[DVR][0m [37mINFO[0m stop() [EVENT] audio flush wait done (+155ms)
[1;37m[DVR][0m [37mINFO[0m stop() [EVENT] video EOS sent: yes (+156ms)
[1;37m[DVR][0m [37mINFO[0m stop() [EVENT] EOS received: type=EOS (+184ms)
[1;37m[DVR][0m [37mINFO[0m stop() NULL complete at 0ms (+186ms)
[1;37m[DVR][0m [37mINFO[0m stop() [EVENT] NULL complete (+186ms)
[1;37m[DVR][0m [37mINFO[0m [95mRecording stopped [EVENT] (total: 186ms)[0m
[1;37m[DVR][0m [1;32mOK[0m [95mEvent recording stopped[0m
[1;37m[IO][0m [93mWARN[0m No suitable input devices found
[1;37m[IO][0m [93mWARN[0m No suitable input devices found
[1;37m[IO][0m [93mWARN[0m No suitable input devices found
[1;37m[IO][0m [93mWARN[0m No suitable input devices found
[1;37m[IO][0m [93mWARN[0m No suitable input devices found
[1;37m[IO][0m [93mWARN[0m No suitable input devices found
[1;37m[IO][0m [93mWARN[0m No suitable input devices found
[1;37m[IO][0m [93mWARN[0m No suitable input devices found
[1;37m[IO][0m [93mWARN[0m No suitable input devices found
[1;37m[IO][0m [93mWARN[0m No suitable input devices found
[1;37m[DVR][0m [37mINFO[0m Checking Storage
[1;37m[IO][0m [Thread 0x7ed4f9eb60 (LWP 2253332) exited]
[Detaching after vfork from child process 2253757]
[Detaching after vfork from child process 2253758]
[New Thread 0x7ed4f9eb60 (LWP 2253788)]
[Detaching after vfork from child process 2253789]
[Detaching after vfork from child process 2253791]
[Thread 0x7ed4f9eb60 (LWP 2253788) exited]
[Detaching after vfork from child process 2253897]
[Detaching after vfork from child process 2253898]
[New Thread 0x7ed4f9eb60 (LWP 2253902)]
[New Thread 0x7ed57aeb60 (LWP 2253903)]
[New Thread 0x7ed67ceb60 (LWP 2253904)]
[New Thread 0x7ed77eeb60 (LWP 2253905)]
[New Thread 0x7ef6fdeb60 (LWP 2253906)]
[New Thread 0x7ef67ceb60 (LWP 2253907)]
[New Thread 0x7ef5fbeb60 (LWP 2253908)]
[New Thread 0x7ef57aeb60 (LWP 2253909)]
[New Thread 0x7ef4f9eb60 (LWP 2253910)]
[New Thread 0x7ed7ffeb60 (LWP 2253911)]
[New Thread 0x7ed6fdeb60 (LWP 2253912)]
[New Thread 0x7ed5fbeb60 (LWP 2253913)]
[New Thread 0x7ec7ffeb60 (LWP 2253914)]
[New Thread 0x7ec77eeb60 (LWP 2253915)]
[93mWARN[0m No suitable input devices found
[1;37m[IO][0m [93mWARN[0m No suitable input devices found
[1;37m[IO][0m [93mWARN[0m No suitable input devices found
[1;37m[IO][0m [93mWARN[0m No suitable input devices found
[1;37m[IO][0m [93mWARN[0m No suitable input devices found
[1;37m[IO][0m [93mWARN[0m No suitable input devices found
[1;37m[IO][0m [93mWARN[0m No suitable input devices found
[1;37m[IO][0m [93mWARN[0m No suitable input devices found
[1;37m[IO][0m [93mWARN[0m No suitable input devices found
[1;37m[IO][0m [93mWARN[0m No suitable input devices found
[1;37m[IO][0m [93mWARN[0m No suitable input devices found
[1;37m[DVR][0m [37mINFO[0m Checking Storage
[1;37m[IO][0m [93mWARN[0m No suitable input devices found
[1;37m[IO][0m [93mWARN[0m No suitable input devices found
[1;37m[IO][0m [93mWARN[0m No suitable input devices found
[1;37m[IO][0m [93mWARN[0m No suitable input devices found
[1;37m[IO][0m [93mWARN[0m No suitable input devices found
[1;37m[IO][0m [93mWARN[0m No suitable input devices found
[1;37m[IO][0m [93mWARN[0m No suitable input devices found
[1;37m[IO][0m [93mWARN[0m No suitable input devices found
[1;37m[DVR][0m [37mINFO[0m Dr.Safe PUA Activated

[1;37m[GST][0m [1;36m=== FileWriter Pipeline ===[0m
[32mmp4mux name=mux fragment-duration=1000 ! filesink name=fsink location=/mnt/udisk/VideoFiles/Event/PUA/E_260606_090214_CH4_FR30_A.mp4 
appsrc name=dvr_source0 is-live=true do-timestamp=false format=time ! queue max-size-buffers=120 max-size-time=0 max-size-bytes=0 ! mux.video_0 
appsrc name=dvr_source1 is-live=true do-timestamp=false format=time ! queue max-size-buffers=120 max-size-time=0 max-size-bytes=0 ! mux.video_1 
appsrc name=dvr_source2 is-live=true do-timestamp=false format=time ! queue max-size-buffers=120 max-size-time=0 max-size-bytes=0 ! mux.video_2 
appsrc name=dvr_source3 is-live=true do-timestamp=false format=time ! queue max-size-buffers=120 max-size-time=0 max-size-bytes=0 ! mux.video_3 
appsrc name=dvr_source2000 is-live=true do-timestamp=false format=time caps="text/x-raw,format=utf8" ! queue max-size-buffers=120 max-size-time=0 max-size-bytes=0 ! mux.subtitle_0 
appsrc name=dvr_audio_src is-live=true do-timestamp=false format=time caps=audio/mpeg,mpegversion=4,stream-format=adts ! queue max-size-buffers=200 max-size-time=0 max-size-bytes=0 flush-on-eos=true ! mux.audio_0 
[0m
[1;37m[DVR][0m [37mINFO[0m [TIMING][EVENT] gst_parse_launch: 1ms
[1;37m[DVR][0m [37mINFO[0m [TIMING] initialize: 2ms
[1;37m[DVR][0m [37mINFO[0m [TIMING][EVENT] parser wait: 0ms (ready=yes)
[1;37m[DVR][0m [37mINFO[0m [95mRecording started [EVENT]: /mnt/udisk/VideoFiles/Event/PUA/E_260606_090214_CH4_FR30_A.mp4[0m
[1;37m[DVR][0m [37mINFO[0m [95m  Duration: 10+20s | Channels: Ch0:30fps, Ch1:30fps, Ch2:30fps, Ch3:30fps | Audio: yes[0m
[1;37m[DVR][0m [37mINFO[0m [TIMING] start: 31ms
[1;37m[DVR][0m [36mDEBUG[0m Anchor set: ch0 srcPts=0:09:46.027712625
[1;37m[DVR][0m [36mDEBUG[0m Audio Anchor set: srcPts=0:09:46.036235826
[1;37m[DVR][0m [36mDEBUG[0m writeAudio #0: srcPts=0:09:46.036235826 anchor(video)=0:09:46.027712625 filePts=0:00:00.000000000
[1;37m[DVR][0m [36mDEBUG[0m writeAudio #1: srcPts=0:09:46.059455781 anchor(video)=0:09:46.027712625 filePts=0:00:00.023219955
[1;37m[DVR][0m [36mDEBUG[0m writeAudio #2: srcPts=0:09:46.082675736 anchor(video)=0:09:46.027712625 filePts=0:00:00.046439910
[1;37m[DVR][0m [36mDEBUG[0m writeAudio #3: srcPts=0:09:46.105895690 anchor(video)=0:09:46.027712625 filePts=0:00:00.069659864
[1;37m[DVR][0m [36mDEBUG[0m writeAudio #4: srcPts=0:09:46.129115645 anchor(video)=0:09:46.027712625 filePts=0:00:00.092879819
[1;37m[DVR][0m [36mDEBUG[0m Subtitle Anchor set: srcPts=0:09:47.927951568
[1;37m[DVR][0m [37mINFO[0m [TIMING] video/audio/subtitle flush (1648 frames): 58ms
[1;37m[DVR][0m [37mINFO[0m [TIMING] startEventRecording total: 92ms
[1;37m[IO][0m [93mWARN[0m No suitable input devices found
[1;37m[IO][0m [93mWARN[0m No suitable input de[New Thread 0x7ec6fdeb60 (LWP 2253916)]
[Detaching after vfork from child process 2253917]
[Detaching after vfork from child process 2253919]
[Thread 0x7ec6fdeb60 (LWP 2253916) exited]
[Detaching after vfork from child process 2254029]
[Detaching after vfork from child process 2254030]
[New Thread 0x7ec6fdeb60 (LWP 2254031)]
[Detaching after vfork from child process 2254032]
[Detaching after vfork from child process 2254034]
[Thread 0x7ec6fdeb60 (LWP 2254031) exited]
vices found
[1;37m[DVR][0m [37mINFO[0m Checking Storage
[1;37m[IO][0m [93mWARN[0m No suitable input devices found
[1;37m[IO][0m [93mWARN[0m No suitable input devices found
[1;37m[IO][0m [93mWARN[0m No suitable input devices found
[1;37m[IO][0m [93mWARN[0m No suitable input devices found
[1;37m[IO][0m [93mWARN[0m No suitable input devices found
[1;37m[IO][0m [93mWARN[0m No suitable input devices found
[1;37m[IO][0m [93mWARN[0m No suitable input devices found
[1;37m[IO][0m [93mWARN[0m No suitable input devices found
[1;37m[IO][0m [93mWARN[0m No suitable input devices found
[1;37m[IO][0m [93mWARN[0m No suitable input devices found
[1;37m[IO][0m [93mWARN[0m No suitable input devices found
[1;37m[DVR][0m [37mINFO[0m Checking Storage
[1;37m[IO][0m [93mWARN[0m No suitable input devices found
[1;37m[IO][0m [93mWARN[0m No suitable input devices found
[1;37m[DVR][0m [37mINFO[0m File rotation needed
[1;37m[DVR][0m [37mINFO[0m Rotating recording files
[1;37m[DVR][0m [37mINFO[0m Stopping [NORMAL]: /mnt/udisk/VideoFiles/Normal/N_260606_090127_#0_CH4_FR30_A.mp4

[1;37m[DVR][0m [1;36m=== Recording Statistics ===[0m
[1;37m[DVR][0m [37mINFO[0m Mode: NORMAL | Path: [48;5;58m/mnt/udisk/VideoFiles/Normal/N_260606_090127_#0_CH4_FR30_A.mp4[0m
[1;37m[DVR][0m [37mINFO[0m Resolution: 1920x1080 | Expected: 60s @ 30fps = 1800 frames/channel | Actual Duration: 60.8s
[1;36mChannel Statistics[0m
=============================================================================
Channel      FPS          Received     Processed    Dropped      Success     
-----------------------------------------------------------------------------
Ch0          30           1790         1790         0            100.0%      
Ch1          30           1792         1792         0            100.0%      
Ch2          30           1788         1788         0            100.0%      
Ch3          30           1791         1791         0            100.0%      
SUB          30           60           60           0            100.0%      
AUDIO        -            2616         2616         0            100.0%      
TOTAL        -            7221         7221         0            100.0%      

[1;37m[DVR][0m [37mINFO[0m stop() [NORMAL] audio EOS sent (+100ms)
[1;37m[DVR][0m [37mINFO[0m stop() [NORMAL] audio flush wait done (+150ms)
[1;37m[DVR][0m [37mINFO[0m stop() [NORMAL] video EOS sent: yes (+150ms)
[1;37m[DVR][0m [37mINFO[0m stop() [NORMAL] EOS received: type=EOS (+175ms)
[1;37m[DVR][0m [37mINFO[0m stop() NULL complete at 0ms (+178ms)
[1;37m[DVR][0m [37mINFO[0m stop() [NORMAL] NULL complete (+178ms)
[1;37m[DVR][0m [37mINFO[0m Recording stopped [NORMAL] (total: 179ms)
[1;37m[DVR][0m [37mINFO[0m Split mode: 1 files (4 channels per file)
[1;37m[DVR][0m [37mINFO[0m Starting NORMAL recording

[1;37m[GST][0m [1;36m=== FileWriter Pipeline ===[0m
[32mmp4mux name=mux fragment-duration=1000 ! filesink name=fsink location=/mnt/udisk/VideoFiles/Normal/N_260606_090228_#0_CH4_FR30_A.mp4 
appsrc name=dvr_source0 is-live=true do-timestamp=false format=time ! queue max-size-buffers=120 max-size-time=0 max-size-bytes=0 ! mux.video_0 
appsrc name=dvr_source1 is-live=true do-timestamp=false format=time ! queue max-size-buffers=120 max-size-time=0 max-size-bytes=0 ! mux.video_1 
appsrc name=dvr_source2 is-live=true do-timestamp=false format=time ! queue max-size-buffers=120 max-size-time=0 max-size-bytes=0 ! mux.video_2 
appsrc name=dvr_source3 is-live=true do-timestamp=false format=time ! queue max-size-buffers=120 max-size-time=0 max-size-bytes=0 ! mux.video_3 
appsrc name=dvr_source1000 is-live=true do-timestamp=false format=time caps="text/x-raw,format=utf8" ! queue max-size-buffers=120 max-size-time=0 max-size-bytes=0 ! mux.subtitle_0 
appsrc name=dvr_audio_src is-live=true do-timestamp=false format=time caps=audio/mpeg,mpegversion=4,stream-format=adts ! queue max-size-buffers=200 max-size-time=0 max-size-bytes=0 flush-on-eos=true ! mux.audio_0 
[0m
[1;37m[DVR][0m [Thread 0x7ed4f9eb60 (LWP 2253902) exited]
[Thread 0x7ed67ceb60 (LWP 2253904) exited]
[Thread 0x7ed57aeb60 (LWP 2253903) exited]
[Thread 0x7ed77eeb60 (LWP 2253905) exited]
[Thread 0x7ef57aeb60 (LWP 2253909) exited]
[Thread 0x7ef5fbeb60 (LWP 2253908) exited]
[Thread 0x7ef67ceb60 (LWP 2253907) exited]
[Thread 0x7ef6fdeb60 (LWP 2253906) exited]
[Thread 0x7ef4f9eb60 (LWP 2253910) exited]
[Thread 0x7ed6fdeb60 (LWP 2253912) exited]
[Thread 0x7ed7ffeb60 (LWP 2253911) exited]
[Thread 0x7ed5fbeb60 (LWP 2253913) exited]
[Thread 0x7ec7ffeb60 (LWP 2253914) exited]
[Detaching after vfork from child process 2254146]
[Detaching after vfork from child process 2254147]
[New Thread 0x7ec7ffeb60 (LWP 2254148)]
[Detaching after vfork from child process 2254149]
[Detaching after vfork from child process 2254151]
[Thread 0x7ec7ffeb60 (LWP 2254148) exited]
[37mINFO[0m [TIMING][NORMAL] gst_parse_launch: 2ms
[1;37m[DVR][0m [37mINFO[0m [TIMING][NORMAL] parser wait: 0ms (ready=yes)
[1;37m[DVR][0m [37mINFO[0m Recording started [NORMAL]: /mnt/udisk/VideoFiles/Normal/N_260606_090228_#0_CH4_FR30_A.mp4
[1;37m[DVR][0m [37mINFO[0m   Duration: 60s | Channels: Ch0:30fps, Ch1:30fps, Ch2:30fps, Ch3:30fps | Audio: yes
[1;37m[DVR][0m [36mDEBUG[0m Audio Anchor set: srcPts=0:10:09.976009069
[1;37m[DVR][0m [36mDEBUG[0m writeAudio #0: srcPts=0:10:09.976009069 anchor(audio)=0:10:09.976009069 filePts=0:00:00.000000000
[1;37m[DVR][0m [36mDEBUG[0m writeAudio #1: srcPts=0:10:09.999229024 anchor(audio)=0:10:09.976009069 filePts=0:00:00.023219955
[1;37m[DVR][0m [36mDEBUG[0m writeAudio #2: srcPts=0:10:10.022448978 anchor(audio)=0:10:09.976009069 filePts=0:00:00.046439909
[1;37m[DVR][0m [36mDEBUG[0m writeAudio #3: srcPts=0:10:10.045668933 anchor(audio)=0:10:09.976009069 filePts=0:00:00.069659864
[1;37m[DVR][0m [36mDEBUG[0m writeAudio #4: srcPts=0:10:10.068888888 anchor(audio)=0:10:09.976009069 filePts=0:00:00.092879819
[1;37m[DVR][0m [36mDEBUG[0m Anchor set: ch1 srcPts=0:10:10.026126901
[1;37m[DVR][0m [36mDEBUG[0m Subtitle Anchor set: srcPts=0:10:10.327459844
[1;37m[IO][0m [93mWARN[0m No suitable input devices found
[1;37m[IO][0m [93mWARN[0m No suitable input devices found
[1;37m[IO][0m [93mWARN[0m No suitable input devices found
[1;37m[IO][0m [93mWARN[0m No suitable input devices found
[1;37m[IO][0m [93mWARN[0m No suitable input devices found
[1;37m[DVR][0m [37mINFO[0m [95mStopping [EVENT]: /mnt/udisk/VideoFiles/Event/PUA/E_260606_090214_CH4_FR30_A.mp4[0m

[1;37m[DVR][0m [1;36m=== Recording Statistics ===[0m
[1;37m[DVR][0m [37mINFO[0m Mode: EVENT | Path: [48;5;58m/mnt/udisk/VideoFiles/Event/PUA/E_260606_090214_CH4_FR30_A.mp4[0m
[1;37m[DVR][0m [37mINFO[0m Resolution: 1920x1080 | Expected: 10s+20s @ 30fps = 300+600 = 900 frames/channel | Actual Duration: 20.1s
[1;36mChannel Statistics[0m
=============================================================================
Channel      FPS          Received     Processed    Dropped      Success     
-----------------------------------------------------------------------------
Ch0          30           895          895          0            100.0%      
Ch1          30           895          895          0            100.0%      
Ch2          30           891          891          0            100.0%      
Ch3          30           892          892          0            100.0%      
SUB          30           29           29           0            100.0%      
AUDIO        -            1298         1298         0            100.0%      
TOTAL        -            3602         3602         0            100.0%      

[1;37m[DVR][0m [37mINFO[0m stop() [EVENT] audio EOS sent (+100ms)
[1;37m[DVR][0m [37mINFO[0m stop() [EVENT] audio flush wait done (+150ms)
[1;37m[DVR][0m [37mINFO[0m stop() [EVENT] video EOS sent: yes (+150ms)
[1;37m[DVR][0m [37mINFO[0m stop() [EVENT] EOS received: type=EOS (+181ms)
[1;37m[DVR][0m [37mINFO[0m stop() NULL complete at 0ms (+184ms)
[1;37m[DVR][0m [37mINFO[0m stop() [EVENT] NULL complete (+184ms)
[1;37m[DVR][0m [37mINFO[0m [95mRecording stopped [EVENT] (total: 185ms)[0m
[1;37m[DVR][0m [1;32mOK[0m [95mEvent recording stopped[0m
[1;37m[IO][0m [93mWARN[0m No suitable input devices found
[1;37m[IO][0m [93mWARN[0m No suitable input devices found
[1;37m[IO][0m [93mWARN[0m No suitable input devices found
[1;37m[DVR][0m [37mINFO[0m Checking Storage
[1;37m[IO][0m [93mWARN[0m No suitable input devices found
[1;37m[IO][0m [93mWARN[0m No suitable input devices found
[1;37m[IO][0m [93mWARN[0m No suitable input devices found
[1;37m[IO][0m [93mWARN[0m No suitable input devices found
[1;37m[IO][0m [93mWARN[0m No suitable input devices found
[1;37m[IO][0m [93mWARN[0m No suitable input devices found
[1;37m[IO][0m [93mWARN[0m No suitable input devices found
[1;37m[IO][0m [93mWARN[0m No suitab[Thread 0x7ec77eeb60 (LWP 2253915) exited]
[Detaching after vfork from child process 2254271]
[Detaching after vfork from child process 2254273]
[New Thread 0x7ec77eeb60 (LWP 2254274)]
[Detaching after vfork from child process 2254275]
[Detaching after vfork from child process 2254277]
[Thread 0x7ec77eeb60 (LWP 2254274) exited]
[New Thread 0x7ec77eeb60 (LWP 2254391)]
[Detaching after vfork from child process 2254392]
[Detaching after vfork from child process 2254394]
[Thread 0x7ec77eeb60 (LWP 2254391) exited]
[Detaching after vfork from child process 2254396]
[Detaching after vfork from child process 2254407]
[New Thread 0x7ec77eeb60 (LWP 2254454)]
[New Thread 0x7ec7ffeb60 (LWP 2254455)]
[New Thread 0x7ed5fbeb60 (LWP 2254456)]
[New Thread 0x7ed6fdeb60 (LWP 2254457)]
[New Thread 0x7ef6fdeb60 (LWP 2254458)]
[New Thread 0x7ef67ceb60 (LWP 2254459)]
[New Thread 0x7ef5fbeb60 (LWP 2254460)]
[New Thread 0x7ef57aeb60 (LWP 2254461)]
[New Thread 0x7ef4f9eb60 (LWP 2254462)]
[New Thread 0x7ed7ffeb60 (LWP 2254463)]
[New Thread 0x7ed77eeb60 (LWP 2254464)]
[New Thread 0x7ed67ceb60 (LWP 2254465)]
[New Thread 0x7ed57aeb60 (LWP 2254466)]
[New Thread 0x7ed4f9eb60 (LWP 2254467)]
le input devices found
[1;37m[IO][0m [93mWARN[0m No suitable input devices found
[1;37m[IO][0m [93mWARN[0m No suitable input devices found
[1;37m[IO][0m [93mWARN[0m No suitable input devices found
[1;37m[DVR][0m [37mINFO[0m Checking Storage
[1;37m[IO][0m [93mWARN[0m No suitable input devices found
[1;37m[IO][0m [93mWARN[0m No suitable input devices found
[1;37m[IO][0m [93mWARN[0m No suitable input devices found
[1;37m[IO][0m [93mWARN[0m No suitable input devices found
[1;37m[IO][0m [93mWARN[0m No suitable input devices found
[1;37m[IO][0m [93mWARN[0m No suitable input devices found
[1;37m[IO][0m [93mWARN[0m No suitable input devices found
[1;37m[IO][0m [93mWARN[0m No suitable input devices found
[1;37m[IO][0m [93mWARN[0m No suitable input devices found
[1;37m[IO][0m [93mWARN[0m No suitable input devices found
[1;37m[DVR][0m [37mINFO[0m Checking Storage
[1;37m[IO][0m [93mWARN[0m No suitable input devices found
[1;37m[IO][0m [93mWARN[0m No suitable input devices found
[1;37m[DVR][0m [37mINFO[0m Dr.Safe PUA Activated

[1;37m[GST][0m [1;36m=== FileWriter Pipeline ===[0m
[32mmp4mux name=mux fragment-duration=1000 ! filesink name=fsink location=/mnt/udisk/VideoFiles/Event/PUA/E_260606_090259_CH4_FR30_A.mp4 
appsrc name=dvr_source0 is-live=true do-timestamp=false format=time ! queue max-size-buffers=120 max-size-time=0 max-size-bytes=0 ! mux.video_0 
appsrc name=dvr_source1 is-live=true do-timestamp=false format=time ! queue max-size-buffers=120 max-size-time=0 max-size-bytes=0 ! mux.video_1 
appsrc name=dvr_source2 is-live=true do-timestamp=false format=time ! queue max-size-buffers=120 max-size-time=0 max-size-bytes=0 ! mux.video_2 
appsrc name=dvr_source3 is-live=true do-timestamp=false format=time ! queue max-size-buffers=120 max-size-time=0 max-size-bytes=0 ! mux.video_3 
appsrc name=dvr_source2000 is-live=true do-timestamp=false format=time caps="text/x-raw,format=utf8" ! queue max-size-buffers=120 max-size-time=0 max-size-bytes=0 ! mux.subtitle_0 
appsrc name=dvr_audio_src is-live=true do-timestamp=false format=time caps=audio/mpeg,mpegversion=4,stream-format=adts ! queue max-size-buffers=200 max-size-time=0 max-size-bytes=0 flush-on-eos=true ! mux.audio_0 
[0m
[1;37m[DVR][0m [37mINFO[0m [TIMING][EVENT] gst_parse_launch: 1ms
[1;37m[DVR][0m [37mINFO[0m [TIMING] initialize: 2ms
[1;37m[DVR][0m [37mINFO[0m [TIMING][EVENT] parser wait: 0ms (ready=yes)
[1;37m[DVR][0m [37mINFO[0m [95mRecording started [EVENT]: /mnt/udisk/VideoFiles/Event/PUA/E_260606_090259_CH4_FR30_A.mp4[0m
[1;37m[DVR][0m [37mINFO[0m [95m  Duration: 10+20s | Channels: Ch0:30fps, Ch1:30fps, Ch2:30fps, Ch3:30fps | Audio: yes[0m
[1;37m[DVR][0m [37mINFO[0m [TIMING] start: 35ms
[1;37m[DVR][0m [36mDEBUG[0m Anchor set: ch0 srcPts=0:10:31.160599119
[1;37m[DVR][0m [36mDEBUG[0m Audio Anchor set: srcPts=0:10:31.175827663
[1;37m[DVR][0m [36mDEBUG[0m writeAudio #0: srcPts=0:10:31.175827663 anchor(video)=0:10:31.160599119 filePts=0:00:00.000000000
[1;37m[DVR][0m [36mDEBUG[0m writeAudio #1: srcPts=0:10:31.199047618 anchor(video)=0:10:31.160599119 filePts=0:00:00.023219955
[1;37m[DVR][0m [36mDEBUG[0m writeAudio #2: srcPts=0:10:31.222267572 anchor(video)=0:10:31.160599119 filePts=0:00:00.046439909
[1;37m[DVR][0m [36mDEBUG[0m writeAudio #3: srcPts=0:10:31.245487527 anchor(video)=0:10:31.160599119 filePts=0:00:00.069659864
[1;37m[DVR][0m [36mDEBUG[0m writeAudio #4: srcPts=0:10:31.268707482 anchor(video)=0:10:31.160599119 filePts=0:00:00.092879819
[1;37m[DVR][0m [36mDEBUG[0m Subtitle Anchor set: srcPts=0:10:32.894018286
[1;37m[DVR][0m [37mINFO[0m [TIMING] video/audio/subtitle flush (1646 frames): 52ms
[1;37m[DVR][0m [37mINFO[0m [TIMING] startEventRecording total: 90ms
[1;37m[IO][0m [93mWARN[0m No suitable input devices found
[1;37m[IO][0m [93mWARN[0m No suitable input devices found
[1;37m[IO][0m [93mWARN[0m No suitable input devices found
[1;37m[IO][0m [93mWARN[0m No suitable input devices found
[1;37m[IO][0m [93mWARN[New Thread 0x7ec6fdeb60 (LWP 2254526)]
[Detaching after vfork from child process 2254527]
[Detaching after vfork from child process 2254529]
[Thread 0x7ec6fdeb60 (LWP 2254526) exited]
[Detaching after vfork from child process 2254556]
[Detaching after vfork from child process 2254557]
[Thread 0x7ed4f9eb60 (LWP 2254467) exited]
[New Thread 0x7ed4f9eb60 (LWP 2254649)]
[Detaching after vfork from child process 2254650]
[Detaching after vfork from child process 2254652]
[Thread 0x7ed4f9eb60 (LWP 2254649) exited]
[Detaching after vfork from child process 2254712]
[Detaching after vfork from child process 2254713]
[Thread 0x7ec77eeb60 (LWP 2254454) exited]
[Thread 0x7ed5fbeb60 (LWP 2254456) exited]
[Thread 0x7ed6fdeb60 (LWP 2254457) exited]
[Thread 0x7ef6fdeb60 (LWP 2254458) exited]
[Thread 0x7ef67ceb60 (LWP 2254459) exited]
[Thread 0x7ef5fbeb60 (LWP 2254460) exited]
[Thread 0x7ef57aeb60 (LWP 2254461) exited]
[Thread 0x7ef4f9eb60 (LWP 2254462) exited]
[Thread 0x7ed7ffeb60 (LWP 2254463) exited]
[Thread 0x7ed77eeb60 (LWP 2254464) exited]
[Thread 0x7ed67ceb60 (LWP 2254465) exited]
[Thread 0x7ed57aeb60 (LWP 2254466) exited]
[New Thread 0x7ed57aeb60 (LWP 2254773)]
[Detaching after vfork from child process 2254774]
[Detaching after vfork from child process 2254776]
[Thread 0x7ed57aeb60 (LWP 2254773) exited]
[0m No suitable input devices found
[1;37m[IO][0m [93mWARN[0m No suitable input devices found
[1;37m[IO][0m [93mWARN[0m No suitable input devices found
[1;37m[IO][0m [93mWARN[0m No suitable input devices found
[1;37m[DVR][0m [37mINFO[0m Checking Storage
[1;37m[IO][0m [93mWARN[0m No suitable input devices found
[1;37m[IO][0m [93mWARN[0m No suitable input devices found
[1;37m[IO][0m [93mWARN[0m No suitable input devices found
[1;37m[IO][0m [93mWARN[0m No suitable input devices found
[1;37m[IO][0m [93mWARN[0m No suitable input devices found
[1;37m[IO][0m [93mWARN[0m No suitable input devices found
[1;37m[IO][0m [93mWARN[0m No suitable input devices found
[1;37m[IO][0m [93mWARN[0m No suitable input devices found
[1;37m[IO][0m [93mWARN[0m No suitable input devices found
[1;37m[IO][0m [93mWARN[0m No suitable input devices found
[1;37m[IO][0m [93mWARN[0m No suitable input devices found
[1;37m[DVR][0m [37mINFO[0m Checking Storage
[1;37m[IO][0m [93mWARN[0m No suitable input devices found
[1;37m[IO][0m [93mWARN[0m No suitable input devices found
[1;37m[DVR][0m [37mINFO[0m [95mStopping [EVENT]: /mnt/udisk/VideoFiles/Event/PUA/E_260606_090259_CH4_FR30_A.mp4[0m

[1;37m[DVR][0m [1;36m=== Recording Statistics ===[0m
[1;37m[DVR][0m [37mINFO[0m Mode: EVENT | Path: [48;5;58m/mnt/udisk/VideoFiles/Event/PUA/E_260606_090259_CH4_FR30_A.mp4[0m
[1;37m[DVR][0m [37mINFO[0m Resolution: 1920x1080 | Expected: 10s+20s @ 30fps = 300+600 = 900 frames/channel | Actual Duration: 20.1s
[1;36mChannel Statistics[0m
=============================================================================
Channel      FPS          Received     Processed    Dropped      Success     
-----------------------------------------------------------------------------
Ch0          30           891          891          0            100.0%      
Ch1          30           892          892          0            100.0%      
Ch2          30           892          892          0            100.0%      
Ch3          30           890          890          0            100.0%      
SUB          30           29           29           0            100.0%      
AUDIO        -            1296         1296         0            100.0%      
TOTAL        -            3594         3594         0            100.0%      

[1;37m[DVR][0m [37mINFO[0m stop() [EVENT] audio EOS sent (+100ms)
[1;37m[DVR][0m [37mINFO[0m stop() [EVENT] audio flush wait done (+150ms)
[1;37m[DVR][0m [37mINFO[0m stop() [EVENT] video EOS sent: yes (+150ms)
[1;37m[DVR][0m [37mINFO[0m stop() [EVENT] EOS received: type=EOS (+228ms)
[1;37m[DVR][0m [37mINFO[0m stop() NULL complete at 0ms (+241ms)
[1;37m[DVR][0m [37mINFO[0m stop() [EVENT] NULL complete (+241ms)
[1;37m[DVR][0m [37mINFO[0m [95mRecording stopped [EVENT] (total: 244ms)[0m
[1;37m[DVR][0m [1;32mOK[0m [95mEvent recording stopped[0m
[1;37m[IO][0m [93mWARN[0m No suitable input devices found
[1;37m[IO][0m [93mWARN[0m No suitable input devices found
[1;37m[IO][0m [93mWARN[0m No suitable input devices found
[1;37m[IO][0m [93mWARN[0m No suitable input devices found
[1;37m[IO][0m [93mWARN[0m No suitable input devices found
[1;37m[IO][0m [93mWARN[0m No suitable input devices found
[1;37m[IO][0m [93mWARN[0m No suitable input devices found
[1;37m[IO][0m [93mWARN[0m No suitable input devices found
[1;37m[DVR][0m [37mINFO[0m Checking Storage
[1;37m[IO][0m [93mWARN[0m No suitable input devices found
[1;37m[IO][0m [93mWARN[0m No suitable input devices found
[1;37m[DVR][0m [37mINFO[0m File rotation needed
[1;37m[DVR][0m [37mINFO[0m Rotating recording files
[1;37m[DVR][0m [37mINFO[0m Stopping [NORMAL]: /mnt/udisk/VideoFiles/Normal/N_260606_090228_#0_CH4_FR30_A.mp4
[1;37m[IO][0m [93mWARN[0m No suitable input devices found

[1;37m[DVR][0m [1;36m=== Recording Statistics ===[0m
[1;37m[DVR][0m [37mINFO[0m Mode: NORMAL | Path: [48;5;58m/mnt/udisk/VideoFiles/Normal/N_260606_090228_#0_CH4_FR30_A.mp4[Detaching after vfork from child process 2254836]
[Detaching after vfork from child process 2254837]
[0m
[1;37m[DVR][0m [37mINFO[0m Resolution: 1920x1080 | Expected: 60s @ 30fps = 1800 frames/channel | Actual Duration: 60.8s
[1;36mChannel Statistics[0m
=============================================================================
Channel      FPS          Received     Processed    Dropped      Success     
-----------------------------------------------------------------------------
Ch0          30           1789         1789         0            100.0%      
Ch1          30           1792         1792         0            100.0%      
Ch2          30           1789         1789         0            100.0%      
Ch3          30           1792         1792         0            100.0%      
SUB          30           60           60           0            100.0%      
AUDIO        -            2615         2615         0            100.0%      
TOTAL        -            7222         7222         0            100.0%      

[1;37m[DVR][0m [37mINFO[0m stop() [NORMAL] audio EOS sent (+101ms)
[1;37m[DVR][0m [37mINFO[0m stop() [NORMAL] audio flush wait done (+151ms)
[1;37m[DVR][0m [37mINFO[0m stop() [NORMAL] video EOS sent: yes (+151ms)
[1;37m[DVR][0m [37mINFO[0m stop() [NORMAL] EOS received: type=EOS (+186ms)
[1;37m[DVR][0m [37mINFO[0m stop() NULL complete at 0ms (+188ms)
[1;37m[DVR][0m [37mINFO[0m stop() [NORMAL] NULL complete (+188ms)
[1;37m[DVR][0m [37mINFO[0m Recording stopped [NORMAL] (total: 189ms)
[1;37m[DVR][0m [37mINFO[0m Split mode: 1 files (4 channels per file)
[1;37m[DVR][0m [37mINFO[0m Starting NORMAL recording

[1;37m[GST][0m [1;36m=== FileWriter Pipeline ===[0m
[32mmp4mux name=mux fragment-duration=1000 ! filesink name=fsink location=/mnt/udisk/VideoFiles/Normal/N_260606_090329_#0_CH4_FR30_A.mp4 
appsrc name=dvr_source0 is-live=true do-timestamp=false format=time ! queue max-size-buffers=120 max-size-time=0 max-size-bytes=0 ! mux.video_0 
appsrc name=dvr_source1 is-live=true do-timestamp=false format=time ! queue max-size-buffers=120 max-size-time=0 max-size-bytes=0 ! mux.video_1 
appsrc name=dvr_source2 is-live=true do-timestamp=false format=time ! queue max-size-buffers=120 max-size-time=0 max-size-bytes=0 ! mux.video_2 
appsrc name=dvr_source3 is-live=true do-timestamp=false format=time ! queue max-size-buffers=120 max-size-time=0 max-size-bytes=0 ! mux.video_3 
appsrc name=dvr_source1000 is-live=true do-timestamp=false format=time caps="text/x-raw,format=utf8" ! queue max-size-buffers=120 max-size-time=0 max-size-bytes=0 ! mux.subtitle_0 
appsrc name=dvr_audio_src is-live=true do-timestamp=false format=time caps=audio/mpeg,mpegversion=4,stream-format=adts ! queue max-size-buffers=200 max-size-time=0 max-size-bytes=0 flush-on-eos=true ! mux.audio_0 
[0m
[1;37m[DVR][0m [37mINFO[0m [TIMING][NORMAL] gst_parse_launch: 1ms
[1;37m[DVR][0m [37mINFO[0m [TIMING][NORMAL] parser wait: 0ms (ready=yes)
[1;37m[DVR][0m [37mINFO[0m Recording started [NORMAL]: /mnt/udisk/VideoFiles/Normal/N_260606_090329_#0_CH4_FR30_A.mp4
[1;37m[DVR][0m [37mINFO[0m   Duration: 60s | Channels: Ch0:30fps, Ch1:30fps, Ch2:30fps, Ch3:30fps | Audio: yes
[1;37m[DVR][0m [36mDEBUG[0m Anchor set: ch1 srcPts=0:11:10.925398384
[1;37m[DVR][0m [36mDEBUG[0m Subtitle Anchor set: srcPts=0:11:11.260017017
[1;37m[DVR][0m [36mDEBUG[0m Audio Anchor set: srcPts=0:11:10.881950112
[1;37m[DVR][0m [36mDEBUG[0m writeAudio #0: srcPts=0:11:10.881950112 anchor(video)=0:11:10.925398384 filePts=0:00:00.000000000
[1;37m[DVR][0m [36mDEBUG[0m writeAudio #1: srcPts=0:11:10.905170067 anchor(video)=0:11:10.925398384 filePts=0:00:00.023219955
[1;37m[DVR][0m [36mDEBUG[0m writeAudio #2: srcPts=0:11:10.928390021 anchor(video)=0:11:10.925398384 filePts=0:00:00.046439909
[1;37m[DVR][0m [36mDEBUG[0m writeAudio #3: srcPts=0:11:10.951609976 anchor(video)=0:11:10.925398384 filePts=0:00:00.069659864
[1;37m[DVR][0m [36mDEBUG[0m writeAudio #4: srcPts=0:11:10.974829931 anchor(video)=0:11:10.925398384 filePts=0:00:00.092879819
[1;37m[IO][0m [93mWARN[0m No suitable input devices found
[1;37m[IO][0[New Thread 0x7ed57aeb60 (LWP 2254899)]
[Detaching after vfork from child process 2254900]
[Detaching after vfork from child process 2254902]
[Thread 0x7ed57aeb60 (LWP 2254899) exited]
[Detaching after vfork from child process 2254969]
[Detaching after vfork from child process 2254970]
[Thread 0x7ec7ffeb60 (LWP 2254455) exited]
[New Thread 0x7ec7ffeb60 (LWP 2255031)]
[Detaching after vfork from child process 2255032]
[Detaching after vfork from child process 2255034]
[Thread 0x7ec7ffeb60 (LWP 2255031) exited]
[New Thread 0x7ec7ffeb60 (LWP 2255096)]
[New Thread 0x7ed57aeb60 (LWP 2255097)]
[New Thread 0x7ed67ceb60 (LWP 2255098)]
[New Thread 0x7ed77eeb60 (LWP 2255099)]
[New Thread 0x7ef6fdeb60 (LWP 2255100)]
[New Thread 0x7ef67ceb60 (LWP 2255101)]
[New Thread 0x7ef5fbeb60 (LWP 2255102)]
[New Thread 0x7ef57aeb60 (LWP 2255103)]
[New Thread 0x7ef4f9eb60 (LWP 2255104)]
[New Thread 0x7ed7ffeb60 (LWP 2255105)]
[New Thread 0x7ed6fdeb60 (LWP 2255106)]
[New Thread 0x7ed5fbeb60 (LWP 2255107)]
[New Thread 0x7ed4f9eb60 (LWP 2255108)]
[New Thread 0x7ec77eeb60 (LWP 2255109)]
m [93mWARN[0m No suitable input devices found
[1;37m[IO][0m [93mWARN[0m No suitable input devices found
[1;37m[IO][0m [93mWARN[0m No suitable input devices found
[1;37m[IO][0m [93mWARN[0m No suitable input devices found
[1;37m[IO][0m [93mWARN[0m No suitable input devices found
[1;37m[IO][0m [93mWARN[0m No suitable input devices found
[1;37m[IO][0m [93mWARN[0m No suitable input devices found
[1;37m[DVR][0m [37mINFO[0m Checking Storage
[1;37m[IO][0m [93mWARN[0m No suitable input devices found
[1;37m[IO][0m [93mWARN[0m No suitable input devices found
[1;37m[IO][0m [93mWARN[0m No suitable input devices found
[1;37m[IO][0m [93mWARN[0m No suitable input devices found
[1;37m[IO][0m [93mWARN[0m No suitable input devices found
[1;37m[IO][0m [93mWARN[0m No suitable input devices found
[1;37m[IO][0m [93mWARN[0m No suitable input devices found
[1;37m[IO][0m [93mWARN[0m No suitable input devices found
[1;37m[IO][0m [93mWARN[0m No suitable input devices found
[1;37m[IO][0m [93mWARN[0m No suitable input devices found
[1;37m[DVR][0m [37mINFO[0m Checking Storage
[1;37m[IO][0m [93mWARN[0m No suitable input devices found
[1;37m[IO][0m [93mWARN[0m No suitable input devices found
[1;37m[IO][0m [93mWARN[0m No suitable input devices found
[1;37m[DVR][0m [37mINFO[0m Dr.Safe PUA Activated

[1;37m[GST][0m [1;36m=== FileWriter Pipeline ===[0m
[32mmp4mux name=mux fragment-duration=1000 ! filesink name=fsink location=/mnt/udisk/VideoFiles/Event/PUA/E_260606_090350_CH4_FR30_A.mp4 
appsrc name=dvr_source0 is-live=true do-timestamp=false format=time ! queue max-size-buffers=120 max-size-time=0 max-size-bytes=0 ! mux.video_0 
appsrc name=dvr_source1 is-live=true do-timestamp=false format=time ! queue max-size-buffers=120 max-size-time=0 max-size-bytes=0 ! mux.video_1 
appsrc name=dvr_source2 is-live=true do-timestamp=false format=time ! queue max-size-buffers=120 max-size-time=0 max-size-bytes=0 ! mux.video_2 
appsrc name=dvr_source3 is-live=true do-timestamp=false format=time ! queue max-size-buffers=120 max-size-time=0 max-size-bytes=0 ! mux.video_3 
appsrc name=dvr_source2000 is-live=true do-timestamp=false format=time caps="text/x-raw,format=utf8" ! queue max-size-buffers=120 max-size-time=0 max-size-bytes=0 ! mux.subtitle_0 
appsrc name=dvr_audio_src is-live=true do-timestamp=false format=time caps=audio/mpeg,mpegversion=4,stream-format=adts ! queue max-size-buffers=200 max-size-time=0 max-size-bytes=0 flush-on-eos=true ! mux.audio_0 
[0m
[1;37m[DVR][0m [37mINFO[0m [TIMING][EVENT] gst_parse_launch: 1ms
[1;37m[DVR][0m [37mINFO[0m [TIMING] initialize: 1ms
[1;37m[DVR][0m [37mINFO[0m [TIMING][EVENT] parser wait: 0ms (ready=yes)
[1;37m[DVR][0m [37mINFO[0m [95mRecording started [EVENT]: /mnt/udisk/VideoFiles/Event/PUA/E_260606_090350_CH4_FR30_A.mp4[0m
[1;37m[DVR][0m [37mINFO[0m [95m  Duration: 10+20s | Channels: Ch0:30fps, Ch1:30fps, Ch2:30fps, Ch3:30fps | Audio: yes[0m
[1;37m[DVR][0m [37mINFO[0m [TIMING] start: 24ms
[1;37m[DVR][0m [36mDEBUG[0m Anchor set: ch3 srcPts=0:11:22.238416748
[1;37m[DVR][0m [36mDEBUG[0m Audio Anchor set: srcPts=0:11:22.259727890
[1;37m[DVR][0m [36mDEBUG[0m writeAudio #0: srcPts=0:11:22.259727890 anchor(video)=0:11:22.238416748 filePts=0:00:00.000000000
[1;37m[DVR][0m [36mDEBUG[0m writeAudio #1: srcPts=0:11:22.282947844 anchor(video)=0:11:22.238416748 filePts=0:00:00.023219954
[1;37m[DVR][0m [36mDEBUG[0m writeAudio #2: srcPts=0:11:22.306167799 anchor(video)=0:11:22.238416748 filePts=0:00:00.046439909
[1;37m[DVR][0m [36mDEBUG[0m writeAudio #3: srcPts=0:11:22.329387754 anchor(video)=0:11:22.238416748 filePts=0:00:00.069659864
[1;37m[DVR][0m [36mDEBUG[0m writeAudio #4: srcPts=0:11:22.352607708 anchor(video)=0:11:22.238416748 filePts=0:00:00.092879818
[1;37m[DVR][0m [36mDEBUG[0m Subtitle Anchor set: srcPts=0:11:23.259923226
[1;37m[DVR][0m [37mINFO[0m [TIMING] video/audio/subtitle flush (1646 frames): 41ms
[1;37m[DVR][0m [37mINFO[0m [TIMING] startEventRecording total: 68ms
[Detaching after vfork from child process 2255110]
[Detaching after vfork from child process 2255111]
[New Thread 0x7ec6fdeb60 (LWP 2255174)]
[Detaching after vfork from child process 2255175]
[Detaching after vfork from child process 2255177]
[Thread 0x7ec6fdeb60 (LWP 2255174) exited]
[Detaching after vfork from child process 2255268]
[Detaching after vfork from child process 2255269]
[Thread 0x7ec77eeb60 (LWP 2255109) exited]
[New Thread 0x7ec77eeb60 (LWP 2255305)]
[Detaching after vfork from child process 2255306]
[Detaching after vfork from child process 2255308]
[Thread 0x7ec77eeb60 (LWP 2255305) exited]
[Thread 0x7ed67ceb60 (LWP 2255098) exited]
[Thread 0x7ef5fbeb60 (LWP 2255102) exited]
[Thread 0x7ef57aeb60 (LWP 2255103) exited]
[Thread 0x7ef4f9eb60 (LWP 2255104) exited]
[Thread 0x7ed7ffeb60 (LWP 2255105) exited]
[Thread 0x7ef67ceb60 (LWP 2255101) exited]
[Thread 0x7ed6fdeb60 (LWP 2255106) exited]
[Thread 0x7ef6fdeb60 (LWP 2255100) exited]
[Thread 0x7ed77eeb60 (LWP 2255099) exited]
[Thread 0x7ed57aeb60 (LWP 2255097) exited]
[Thread 0x7ed5fbeb60 (LWP 2255107) exited]
[Thread 0x7ed4f9eb60 (LWP 2255108) exited]
[Detaching after vfork from child process 2255399]
[Detaching after vfork from child process 2255400]
[New Thread 0x7ed4f9eb60 (LWP 2255436)]
[Detaching after vfork from child process 2255437]
[Detaching after vfork from child process 2255439]
[Thread 0x7ed4f9eb60 (LWP 2255436) exited]
[1;37m[IO][0m [93mWARN[0m No suitable input devices found
[1;37m[IO][0m [93mWARN[0m No suitable input devices found
[1;37m[IO][0m [93mWARN[0m No suitable input devices found
[1;37m[IO][0m [93mWARN[0m No suitable input devices found
[1;37m[IO][0m [93mWARN[0m No suitable input devices found
[1;37m[IO][0m [93mWARN[0m No suitable input devices found
[1;37m[IO][0m [93mWARN[0m No suitable input devices found
[1;37m[IO][0m [93mWARN[0m No suitable input devices found
[1;37m[DVR][0m [37mINFO[0m Checking Storage
[1;37m[IO][0m [93mWARN[0m No suitable input devices found
[1;37m[IO][0m [93mWARN[0m No suitable input devices found
[1;37m[IO][0m [93mWARN[0m No suitable input devices found
[1;37m[IO][0m [93mWARN[0m No suitable input devices found
[1;37m[IO][0m [93mWARN[0m No suitable input devices found
[1;37m[IO][0m [93mWARN[0m No suitable input devices found
[1;37m[IO][0m [93mWARN[0m No suitable input devices found
[1;37m[IO][0m [93mWARN[0m No suitable input devices found
[1;37m[IO][0m [93mWARN[0m No suitable input devices found
[1;37m[IO][0m [93mWARN[0m No suitable input devices found
[1;37m[DVR][0m [37mINFO[0m Checking Storage
[1;37m[IO][0m [93mWARN[0m No suitable input devices found
[1;37m[IO][0m [93mWARN[0m No suitable input devices found
[1;37m[DVR][0m [37mINFO[0m [95mStopping [EVENT]: /mnt/udisk/VideoFiles/Event/PUA/E_260606_090350_CH4_FR30_A.mp4[0m
[1;37m[IO][0m [93mWARN[0m No suitable input devices found

[1;37m[DVR][0m [1;36m=== Recording Statistics ===[0m
[1;37m[DVR][0m [37mINFO[0m Mode: EVENT | Path: [48;5;58m/mnt/udisk/VideoFiles/Event/PUA/E_260606_090350_CH4_FR30_A.mp4[0m
[1;37m[DVR][0m [37mINFO[0m Resolution: 1920x1080 | Expected: 10s+20s @ 30fps = 300+600 = 900 frames/channel | Actual Duration: 20.1s
[1;36mChannel Statistics[0m
=============================================================================
Channel      FPS          Received     Processed    Dropped      Success     
-----------------------------------------------------------------------------
Ch0          30           888          888          0            100.0%      
Ch1          30           890          890          0            100.0%      
Ch2          30           890          890          0            100.0%      
Ch3          30           887          887          0            100.0%      
SUB          30           29           29           0            100.0%      
AUDIO        -            1296         1296         0            100.0%      
TOTAL        -            3584         3584         0            100.0%      

[1;37m[DVR][0m [37mINFO[0m stop() [EVENT] audio EOS sent (+100ms)
[1;37m[DVR][0m [37mINFO[0m stop() [EVENT] audio flush wait done (+150ms)
[1;37m[DVR][0m [37mINFO[0m stop() [EVENT] video EOS sent: yes (+150ms)
[1;37m[DVR][0m [37mINFO[0m stop() [EVENT] EOS received: type=EOS (+172ms)
[1;37m[DVR][0m [37mINFO[0m stop() NULL complete at 0ms (+174ms)
[1;37m[DVR][0m [37mINFO[0m stop() [EVENT] NULL complete (+174ms)
[1;37m[DVR][0m [37mINFO[0m [95mRecording stopped [EVENT] (total: 175ms)[0m
[1;37m[DVR][0m [1;32mOK[0m [95mEvent recording stopped[0m
[1;37m[IO][0m [93mWARN[0m No suitable input devices found
[1;37m[IO][0m [93mWARN[0m No suitable input devices found
[1;37m[IO][0m [93mWARN[0m No suitable input devices found
[1;37m[IO][0m [93mWARN[0m No suitable input devices found
[1;37m[IO][0m [93mWARN[0m No suitable input devices found
[1;37m[IO][0m [93mWARN[0m No suitable input devices found
[1;37m[IO][0m [93mWARN[0m No suitable input devices found
[1;37m[IO][0m [93mWARN[0m No suitable input devices found
[1;37m[DVR][0m [37mINFO[0m Checking Storage
[1;37m[IO][0m [93mWARN[0m No suitable input devices found
[1;37m[IO][0m [93mWARN[0m No suitable input devices found
[1;37m[IO][0m [93mWARN[0m No suitable input devices found
[1;37m[IO][0m [93mWARN[0m No suitable input devices found
[1;37m[IO][0m [93mWARN[0m No suitable input devices found
[1;37m[Detaching after vfork from child process 2255565]
[Detaching after vfork from child process 2255566]
[Thread 0x7ec7ffeb60 (LWP 2255096) exited]
[New Thread 0x7ec7ffeb60 (LWP 2255567)]
[Detaching after vfork from child process 2255568]
[Detaching after vfork from child process 2255570]
[Thread 0x7ec7ffeb60 (LWP 2255567) exited]
[IO][0m [93mWARN[0m No suitable input devices found
[1;37m[IO][0m [93mWARN[0m No suitable input devices found
[1;37m[IO][0m [93mWARN[0m No suitable input devices found
[1;37m[IO][0m [93mWARN[0m No suitable input devices found
[1;37m[IO][0m [93mWARN[0m No suitable input devices found
[1;37m[DVR][0m [37mINFO[0m Checking Storage
[1;37m[IO][0m [93mWARN[0m No suitable input devices found
[1;37m[IO][0m [93mWARN[0m No suitable input devices found
[1;37m[DVR][0m [37mINFO[0m File rotation needed
[1;37m[DVR][0m [37mINFO[0m Rotating recording files
[1;37m[DVR][0m [37mINFO[0m Stopping [NORMAL]: /mnt/udisk/VideoFiles/Normal/N_260606_090329_#0_CH4_FR30_A.mp4

[1;37m[DVR][0m [1;36m=== Recording Statistics ===[0m
[1;37m[DVR][0m [37mINFO[0m Mode: NORMAL | Path: [48;5;58m/mnt/udisk/VideoFiles/Normal/N_260606_090329_#0_CH4_FR30_A.mp4[0m
[1;37m[DVR][0m [37mINFO[0m Resolution: 1920x1080 | Expected: 60s @ 30fps = 1800 frames/channel | Actual Duration: 60.8s
[1;36mChannel Statistics[0m
=============================================================================
Channel      FPS          Received     Processed    Dropped      Success     
-----------------------------------------------------------------------------
Ch0          30           1789         1789         0            100.0%      
Ch1          30           1794         1794         0            100.0%      
Ch2          30           1793         1793         0            100.0%      
Ch3          30           1791         1791         0            100.0%      
SUB          30           60           60           0            100.0%      
AUDIO        -            2614         2614         0            100.0%      
TOTAL        -            7227         7227         0            100.0%      

[1;37m[DVR][0m [37mINFO[0m stop() [NORMAL] audio EOS sent (+100ms)
[1;37m[DVR][0m [37mINFO[0m stop() [NORMAL] audio flush wait done (+150ms)
[1;37m[DVR][0m [37mINFO[0m stop() [NORMAL] video EOS sent: yes (+150ms)
[1;37m[DVR][0m [37mINFO[0m stop() [NORMAL] EOS received: type=EOS (+196ms)
[1;37m[DVR][0m [37mINFO[0m stop() NULL complete at 0ms (+198ms)
[1;37m[DVR][0m [37mINFO[0m stop() [NORMAL] NULL complete (+198ms)
[1;37m[DVR][0m [37mINFO[0m Recording stopped [NORMAL] (total: 199ms)
[1;37m[DVR][0m [37mINFO[0m Split mode: 1 files (4 channels per file)
[1;37m[DVR][0m [37mINFO[0m Starting NORMAL recording

[1;37m[GST][0m [1;36m=== FileWriter Pipeline ===[0m
[32mmp4mux name=mux fragment-duration=1000 ! filesink name=fsink location=/mnt/udisk/VideoFiles/Normal/N_260606_090430_#0_CH4_FR30_A.mp4 
appsrc name=dvr_source0 is-live=true do-timestamp=false format=time ! queue max-size-buffers=120 max-size-time=0 max-size-bytes=0 ! mux.video_0 
appsrc name=dvr_source1 is-live=true do-timestamp=false format=time ! queue max-size-buffers=120 max-size-time=0 max-size-bytes=0 ! mux.video_1 
appsrc name=dvr_source2 is-live=true do-timestamp=false format=time ! queue max-size-buffers=120 max-size-time=0 max-size-bytes=0 ! mux.video_2 
appsrc name=dvr_source3 is-live=true do-timestamp=false format=time ! queue max-size-buffers=120 max-size-time=0 max-size-bytes=0 ! mux.video_3 
appsrc name=dvr_source1000 is-live=true do-timestamp=false format=time caps="text/x-raw,format=utf8" ! queue max-size-buffers=120 max-size-time=0 max-size-bytes=0 ! mux.subtitle_0 
appsrc name=dvr_audio_src is-live=true do-timestamp=false format=time caps=audio/mpeg,mpegversion=4,stream-format=adts ! queue max-size-buffers=200 max-size-time=0 max-size-bytes=0 flush-on-eos=true ! mux.audio_0 
[0m
[1;37m[DVR][0m [37mINFO[0m [TIMING][NORMAL] gst_parse_launch: 1ms
[1;37m[DVR][0m [37mINFO[0m [TIMING][NORMAL] parser wait: 0ms (ready=yes)
[1;37m[DVR][0m [37mINFO[0m Recording started [NORMAL]: /mnt/udisk/VideoFiles/Normal/N_260606_090430_#0_CH4_FR30_A.mp4
[1;37m[DVR][0m [37mINFO[0m   Duration: 60s | Channels: Ch0:30fps, Ch1:30fps, Ch2:30fps, Ch3:30fps | Audio: yes
[1;37m[DVR][0m [36mDEBUG[0m Audio Anchor set: srcPts=0:12:11.78789115[New Thread 0x7ec7ffeb60 (LWP 2255634)]
[Detaching after vfork from child process 2255699]
[Detaching after vfork from child process 2255700]
[New Thread 0x7ed4f9eb60 (LWP 2255701)]
[Detaching after vfork from child process 2255702]
[Detaching after vfork from child process 2255704]
[Thread 0x7ed4f9eb60 (LWP 2255701) exited]
[New Thread 0x7ed4f9eb60 (LWP 2255807)]
[New Thread 0x7ed5fbeb60 (LWP 2255808)]
[New Thread 0x7ed6fdeb60 (LWP 2255809)]
[New Thread 0x7ef6fdeb60 (LWP 2255810)]
[New Thread 0x7ef67ceb60 (LWP 2255811)]
[New Thread 0x7ef5fbeb60 (LWP 2255812)]
[New Thread 0x7ef57aeb60 (LWP 2255813)]
[New Thread 0x7ef4f9eb60 (LWP 2255814)]
[New Thread 0x7ed7ffeb60 (LWP 2255815)]
[New Thread 0x7ed77eeb60 (LWP 2255816)]
[New Thread 0x7ed67ceb60 (LWP 2255817)]
[New Thread 0x7ed57aeb60 (LWP 2255818)]
5
[1;37m[DVR][0m [36mDEBUG[0m writeAudio #0: srcPts=0:12:11.787891155 anchor(audio)=0:12:11.787891155 filePts=0:00:00.000000000
[1;37m[DVR][0m [36mDEBUG[0m writeAudio #1: srcPts=0:12:11.811111110 anchor(audio)=0:12:11.787891155 filePts=0:00:00.023219955
[1;37m[DVR][0m [36mDEBUG[0m writeAudio #2: srcPts=0:12:11.834331064 anchor(audio)=0:12:11.787891155 filePts=0:00:00.046439909
[1;37m[DVR][0m [36mDEBUG[0m writeAudio #3: srcPts=0:12:11.857551019 anchor(audio)=0:12:11.787891155 filePts=0:00:00.069659864
[1;37m[DVR][0m [36mDEBUG[0m writeAudio #4: srcPts=0:12:11.880770974 anchor(audio)=0:12:11.787891155 filePts=0:00:00.092879819
[1;37m[DVR][0m [36mDEBUG[0m Anchor set: ch1 srcPts=0:12:11.824707116
[1;37m[DVR][0m [36mDEBUG[0m Subtitle Anchor set: srcPts=0:12:11.992704036
[1;37m[IO][0m [93mWARN[0m No suitable input devices found
[1;37m[IO][0m [93mWARN[0m No suitable input devices found
[1;37m[IO][0m [93mWARN[0m No suitable input devices found
[1;37m[IO][0m [93mWARN[0m No suitable input devices found
[1;37m[IO][0m [93mWARN[0m No suitable input devices found
[1;37m[IO][0m [93mWARN[0m No suitable input devices found
[1;37m[IO][0m [93mWARN[0m No suitable input devices found
[1;37m[IO][0m [93mWARN[0m No suitable input devices found
[1;37m[IO][0m [93mWARN[0m No suitable input devices found
[1;37m[DVR][0m [37mINFO[0m Checking Storage
[1;37m[IO][0m [93mWARN[0m No suitable input devices found
[1;37m[IO][0m [93mWARN[0m No suitable input devices found
[1;37m[IO][0m [93mWARN[0m No suitable input devices found
[1;37m[IO][0m [93mWARN[0m No suitable input devices found
[1;37m[IO][0m [93mWARN[0m No suitable input devices found
[1;37m[IO][0m [93mWARN[0m No suitable input devices found
[1;37m[IO][0m [93mWARN[0m No suitable input devices found
[1;37m[DVR][0m [37mINFO[0m Dr.Safe PUA Activated

[1;37m[GST][0m [1;36m=== FileWriter Pipeline ===[0m
[32mmp4mux name=mux fragment-duration=1000 ! filesink name=fsink location=/mnt/udisk/VideoFiles/Event/PUA/E_260606_090445_CH4_FR30_A.mp4 
appsrc name=dvr_source0 is-live=true do-timestamp=false format=time ! queue max-size-buffers=120 max-size-time=0 max-size-bytes=0 ! mux.video_0 
appsrc name=dvr_source1 is-live=true do-timestamp=false format=time ! queue max-size-buffers=120 max-size-time=0 max-size-bytes=0 ! mux.video_1 
appsrc name=dvr_source2 is-live=true do-timestamp=false format=time ! queue max-size-buffers=120 max-size-time=0 max-size-bytes=0 ! mux.video_2 
appsrc name=dvr_source3 is-live=true do-timestamp=false format=time ! queue max-size-buffers=120 max-size-time=0 max-size-bytes=0 ! mux.video_3 
appsrc name=dvr_source2000 is-live=true do-timestamp=false format=time caps="text/x-raw,format=utf8" ! queue max-size-buffers=120 max-size-time=0 max-size-bytes=0 ! mux.subtitle_0 
appsrc name=dvr_audio_src is-live=true do-timestamp=false format=time caps=audio/mpeg,mpegversion=4,stream-format=adts ! queue max-size-buffers=200 max-size-time=0 max-size-bytes=0 flush-on-eos=true ! mux.audio_0 
[0m
[1;37m[DVR][0m [37mINFO[0m [TIMING][EVENT] gst_parse_launch: 1ms
[1;37m[DVR][0m [37mINFO[0m [TIMING] initialize: 1ms
[1;37m[DVR][0m [37mINFO[0m [TIMING][EVENT] parser wait: 0ms (ready=yes)
[1;37m[DVR][0m [37mINFO[0m [95mRecording started [EVENT]: /mnt/udisk/VideoFiles/Event/PUA/E_260606_090445_CH4_FR30_A.mp4[0m
[1;37m[DVR][0m [37mINFO[0m [95m  Duration: 10+20s | Channels: Ch0:30fps, Ch1:30fps, Ch2:30fps, Ch3:30fps | Audio: yes[0m
[1;37m[DVR][0m [37mINFO[0m [TIMING] start: 26ms
[1;37m[DVR][0m [36mDEBUG[0m Anchor set: ch2 srcPts=0:12:17.325612993
[1;37m[DVR][0m [36mDEBUG[0m Audio Anchor set: srcPts=0:12:17.337460316
[1;37m[DVR][0m [36mDEBUG[0m writeAudio #0: srcPts=0:12:17.337460316 anchor(video)=0:12:17.325612993 filePts=0:00:00.000000000
[1;37m[DVR][0m [36mDEBUG[0m writeAudio #1: srcPts=0:12:17.360680271 anchor(video)=0:12:17.325612993 filePts=0:00:00.023219955
[1;37m[DVR][0m [36mDEBUG[0m writeAudio #2: srcPts=0:12:17.383900225 anchor(video)=0:12:17.325612993 fi[New Thread 0x7ec77eeb60 (LWP 2255819)]
[Detaching after vfork from child process 2255857]
[Detaching after vfork from child process 2255858]
[New Thread 0x7ec6fdeb60 (LWP 2255859)]
[Detaching after vfork from child process 2255860]
[Detaching after vfork from child process 2255862]
[Thread 0x7ec6fdeb60 (LWP 2255859) exited]
[Detaching after vfork from child process 2255996]
[Detaching after vfork from child process 2255997]
[New Thread 0x7ec6fdeb60 (LWP 2255998)]
[Detaching after vfork from child process 2255999]
[Detaching after vfork from child process 2256001]
[Thread 0x7ec6fdeb60 (LWP 2255998) exited]
[Thread 0x7ec77eeb60 (LWP 2255819) exited]
[Thread 0x7ed5fbeb60 (LWP 2255808) exited]
[Thread 0x7ed4f9eb60 (LWP 2255807) exited]
[Thread 0x7ed6fdeb60 (LWP 2255809) exited]
[Thread 0x7ef6fdeb60 (LWP 2255810) exited]
[Thread 0x7ef67ceb60 (LWP 2255811) exited]
[Thread 0x7ef57aeb60 (LWP 2255813) exited]
[Thread 0x7ef5fbeb60 (LWP 2255812) exited]
[Thread 0x7ef4f9eb60 (LWP 2255814) exited]
[Thread 0x7ed77eeb60 (LWP 2255816) exited]
[Thread 0x7ed7ffeb60 (LWP 2255815) exited]
[Thread 0x7ed67ceb60 (LWP 2255817) exited]
[Thread 0x7ed57aeb60 (LWP 2255818) exited]
[New Thread 0x7ed57aeb60 (LWP 2256135)]
[Detaching after vfork from child process 2256136]
[Detaching after vfork from child process 2256138]
[Thread 0x7ed57aeb60 (LWP 2256135) exited]
[Detaching after vfork from child process 2256169]
[Detaching after vfork from child process 2256170]
lePts=0:00:00.046439909
[1;37m[DVR][0m [36mDEBUG[0m writeAudio #3: srcPts=0:12:17.407120180 anchor(video)=0:12:17.325612993 filePts=0:00:00.069659864
[1;37m[DVR][0m [36mDEBUG[0m writeAudio #4: srcPts=0:12:17.430340135 anchor(video)=0:12:17.325612993 filePts=0:00:00.092879819
[1;37m[DVR][0m [36mDEBUG[0m Subtitle Anchor set: srcPts=0:12:18.525870841
[1;37m[DVR][0m [37mINFO[0m [TIMING] video/audio/subtitle flush (1647 frames): 57ms
[1;37m[DVR][0m [37mINFO[0m [TIMING] startEventRecording total: 85ms
[1;37m[IO][0m [93mWARN[0m No suitable input devices found
[1;37m[IO][0m [93mWARN[0m No suitable input devices found
[1;37m[IO][0m [93mWARN[0m No suitable input devices found
[1;37m[DVR][0m [37mINFO[0m Checking Storage
[1;37m[IO][0m [93mWARN[0m No suitable input devices found
[1;37m[IO][0m [93mWARN[0m No suitable input devices found
[1;37m[IO][0m [93mWARN[0m No suitable input devices found
[1;37m[IO][0m [93mWARN[0m No suitable input devices found
[1;37m[IO][0m [93mWARN[0m No suitable input devices found
[1;37m[IO][0m [93mWARN[0m No suitable input devices found
[1;37m[IO][0m [93mWARN[0m No suitable input devices found
[1;37m[IO][0m [93mWARN[0m No suitable input devices found
[1;37m[IO][0m [93mWARN[0m No suitable input devices found
[1;37m[IO][0m [93mWARN[0m No suitable input devices found
[1;37m[IO][0m [93mWARN[0m No suitable input devices found
[1;37m[DVR][0m [37mINFO[0m Checking Storage
[1;37m[IO][0m [93mWARN[0m No suitable input devices found
[1;37m[IO][0m [93mWARN[0m No suitable input devices found
[1;37m[IO][0m [93mWARN[0m No suitable input devices found
[1;37m[IO][0m [93mWARN[0m No suitable input devices found
[1;37m[IO][0m [93mWARN[0m No suitable input devices found
[1;37m[IO][0m [93mWARN[0m No suitable input devices found
[1;37m[DVR][0m [37mINFO[0m [95mStopping [EVENT]: /mnt/udisk/VideoFiles/Event/PUA/E_260606_090445_CH4_FR30_A.mp4[0m

[1;37m[DVR][0m [1;36m=== Recording Statistics ===[0m
[1;37m[DVR][0m [37mINFO[0m Mode: EVENT | Path: [48;5;58m/mnt/udisk/VideoFiles/Event/PUA/E_260606_090445_CH4_FR30_A.mp4[0m
[1;37m[DVR][0m [37mINFO[0m Resolution: 1920x1080 | Expected: 10s+20s @ 30fps = 300+600 = 900 frames/channel | Actual Duration: 20.1s
[1;36mChannel Statistics[0m
=============================================================================
Channel      FPS          Received     Processed    Dropped      Success     
-----------------------------------------------------------------------------
Ch0          30           886          886          0            100.0%      
Ch1          30           888          888          0            100.0%      
Ch2          30           887          887          0            100.0%      
Ch3          30           888          888          0            100.0%      
SUB          30           29           29           0            100.0%      
AUDIO        -            1297         1297         0            100.0%      
TOTAL        -            3578         3578         0            100.0%      

[1;37m[DVR][0m [37mINFO[0m stop() [EVENT] audio EOS sent (+100ms)
[1;37m[DVR][0m [37mINFO[0m stop() [EVENT] audio flush wait done (+150ms)
[1;37m[DVR][0m [37mINFO[0m stop() [EVENT] video EOS sent: yes (+150ms)
[1;37m[IO][0m [93mWARN[0m No suitable input devices found
[1;37m[DVR][0m [37mINFO[0m stop() [EVENT] EOS received: type=EOS (+192ms)
[1;37m[DVR][0m [37mINFO[0m stop() NULL complete at 0ms (+194ms)
[1;37m[DVR][0m [37mINFO[0m stop() [EVENT] NULL complete (+194ms)
[1;37m[DVR][0m [37mINFO[0m [95mRecording stopped [EVENT] (total: 194ms)[0m
[1;37m[DVR][0m [1;32mOK[0m [95mEvent recording stopped[0m
[1;37m[IO][0m [93mWARN[0m No suitable input devices found
[1;37m[IO][0m [93mWARN[0m No suitable input devices found
[1;37m[IO][0m [93mWARN[0m No suitable input devices found
[1;37m[DVR][0m [37mINFO[0m Checking Storage
[1;37m[IO][0m [93mWARN[0m No suitable input devices found
[1;37m[IO][0m [93mWARN[0m No suitable in[New Thread 0x7ed57aeb60 (LWP 2256275)]
[Detaching after vfork from child process 2256276]
[Detaching after vfork from child process 2256278]
[Thread 0x7ed57aeb60 (LWP 2256275) exited]
[Detaching after vfork from child process 2256309]
[Detaching after vfork from child process 2256310]
[Thread 0x7ec7ffeb60 (LWP 2255634) exited]
[New Thread 0x7ec7ffeb60 (LWP 2256414)]
[Detaching after vfork from child process 2256415]
[Detaching after vfork from child process 2256417]
[Thread 0x7ec7ffeb60 (LWP 2256414) exited]
[New Thread 0x7ec7ffeb60 (LWP 2256419)]
[New Thread 0x7ed57aeb60 (LWP 2256420)]
[New Thread 0x7ed67ceb60 (LWP 2256421)]
[New Thread 0x7ed77eeb60 (LWP 2256422)]
[New Thread 0x7ef6fdeb60 (LWP 2256423)]
[New Thread 0x7ef67ceb60 (LWP 2256424)]
[New Thread 0x7ef5fbeb60 (LWP 2256425)]
[New Thread 0x7ef57aeb60 (LWP 2256426)]
[New Thread 0x7ef4f9eb60 (LWP 2256427)]
[New Thread 0x7ed7ffeb60 (LWP 2256428)]
[New Thread 0x7ed6fdeb60 (LWP 2256429)]
[New Thread 0x7ed5fbeb60 (LWP 2256430)]
[New Thread 0x7ed4f9eb60 (LWP 2256431)]
[New Thread 0x7ec77eeb60 (LWP 2256432)]
put devices found
[1;37m[IO][0m [93mWARN[0m No suitable input devices found
[1;37m[IO][0m [93mWARN[0m No suitable input devices found
[1;37m[IO][0m [93mWARN[0m No suitable input devices found
[1;37m[IO][0m [93mWARN[0m No suitable input devices found
[1;37m[IO][0m [93mWARN[0m No suitable input devices found
[1;37m[IO][0m [93mWARN[0m No suitable input devices found
[1;37m[IO][0m [93mWARN[0m No suitable input devices found
[1;37m[IO][0m [93mWARN[0m No suitable input devices found
[1;37m[IO][0m [93mWARN[0m No suitable input devices found
[1;37m[DVR][0m [37mINFO[0m Checking Storage
[1;37m[IO][0m [93mWARN[0m No suitable input devices found
[1;37m[IO][0m [93mWARN[0m No suitable input devices found
[1;37m[IO][0m [93mWARN[0m No suitable input devices found
[1;37m[IO][0m [93mWARN[0m No suitable input devices found
[1;37m[IO][0m [93mWARN[0m No suitable input devices found
[1;37m[IO][0m [93mWARN[0m No suitable input devices found
[1;37m[IO][0m [93mWARN[0m No suitable input devices found
[1;37m[IO][0m [93mWARN[0m No suitable input devices found
[1;37m[IO][0m [93mWARN[0m No suitable input devices found
[1;37m[IO][0m [93mWARN[0m No suitable input devices found
[1;37m[DVR][0m [37mINFO[0m Checking Storage
[1;37m[DVR][0m [37mINFO[0m Dr.Safe PUA Activated

[1;37m[GST][0m [1;36m=== FileWriter Pipeline ===[0m
[32mmp4mux name=mux fragment-duration=1000 ! filesink name=fsink location=/mnt/udisk/VideoFiles/Event/PUA/E_260606_090529_CH4_FR30_A.mp4 
appsrc name=dvr_source0 is-live=true do-timestamp=false format=time ! queue max-size-buffers=120 max-size-time=0 max-size-bytes=0 ! mux.video_0 
appsrc name=dvr_source1 is-live=true do-timestamp=false format=time ! queue max-size-buffers=120 max-size-time=0 max-size-bytes=0 ! mux.video_1 
appsrc name=dvr_source2 is-live=true do-timestamp=false format=time ! queue max-size-buffers=120 max-size-time=0 max-size-bytes=0 ! mux.video_2 
appsrc name=dvr_source3 is-live=true do-timestamp=false format=time ! queue max-size-buffers=120 max-size-time=0 max-size-bytes=0 ! mux.video_3 
appsrc name=dvr_source2000 is-live=true do-timestamp=false format=time caps="text/x-raw,format=utf8" ! queue max-size-buffers=120 max-size-time=0 max-size-bytes=0 ! mux.subtitle_0 
appsrc name=dvr_audio_src is-live=true do-timestamp=false format=time caps=audio/mpeg,mpegversion=4,stream-format=adts ! queue max-size-buffers=200 max-size-time=0 max-size-bytes=0 flush-on-eos=true ! mux.audio_0 
[0m
[1;37m[DVR][0m [37mINFO[0m [TIMING][EVENT] gst_parse_launch: 2ms
[1;37m[DVR][0m [37mINFO[0m [TIMING] initialize: 2ms
[1;37m[DVR][0m [37mINFO[0m [TIMING][EVENT] parser wait: 0ms (ready=yes)
[1;37m[DVR][0m [37mINFO[0m [95mRecording started [EVENT]: /mnt/udisk/VideoFiles/Event/PUA/E_260606_090529_CH4_FR30_A.mp4[0m
[1;37m[DVR][0m [37mINFO[0m [95m  Duration: 10+20s | Channels: Ch0:30fps, Ch1:30fps, Ch2:30fps, Ch3:30fps | Audio: yes[0m
[1;37m[DVR][0m [37mINFO[0m [TIMING] start: 26ms
[1;37m[DVR][0m [36mDEBUG[0m Anchor set: ch0 srcPts=0:13:01.458765952
[1;37m[DVR][0m [36mDEBUG[0m Audio Anchor set: srcPts=0:13:01.478594103
[1;37m[DVR][0m [36mDEBUG[0m writeAudio #0: srcPts=0:13:01.478594103 anchor(video)=0:13:01.458765952 filePts=0:00:00.000000000
[1;37m[DVR][0m [36mDEBUG[0m writeAudio #1: srcPts=0:13:01.501814058 anchor(video)=0:13:01.458765952 filePts=0:00:00.023219955
[1;37m[DVR][0m [36mDEBUG[0m writeAudio #2: srcPts=0:13:01.525034012 anchor(video)=0:13:01.458765952 filePts=0:00:00.046439909
[1;37m[DVR][0m [36mDEBUG[0m writeAudio #3: srcPts=0:13:01.548253967 anchor(video)=0:13:01.458765952 filePts=0:00:00.069659864
[1;37m[DVR][0m [36mDEBUG[0m writeAudio #4: srcPts=0:13:01.571473922 anchor(video)=0:13:01.458765952 filePts=0:00:00.092879819
[1;37m[DVR][0m [36mDEBUG[0m Subtitle Anchor set: srcPts=0:13:03.158631337
[1;37m[DVR][0m [37mINFO[0m [TIMING] video/audio/subtitle flush (1645 frames): 37ms
[1;37m[DVR][0m [37mINFO[0m [TIMING] startEventRecording total: 66ms
[1;37m[IO][0m [93mWARN[0m No suitable input devices found
[1;37m[IO][0m [93mWARN[0m No suitable input devices found
[1;37m[DVR][0m [37mINFO[0m File rotation needed
[1;37m[DVR][0m [37mINFO[0m Rotating recording files
[1;37m[DVR][0m [37mINFO[0m Stopping [NORMAL]: /mnt/udisk/VideoFiles/Normal/N_260606_090430_#0_CH4_FR30_A.mp4

[1;37m[DVR][0m [1;36m=== Recording Statistics ===[0m
[1;37m[DVR][0m [37mINFO[0m Mode: NORMAL | Path: [48;5;58m/mnt/udisk/VideoFiles/Normal/N_260606_090430_#0_CH4_FR30_A.mp4[0m
[1;37m[DVR][0m [37mINFO[0m Resolution: 1920x1080 | Expected: 60s @ 30fps = 1800 frames/channel | Actual Duration: 60.8s
[1;36mChannel Statistics[0m
=============================================================================
Channel      FPS          Received     Processed    Dropped      Success     
-----------------------------------------------------------------------------
Ch0          30           1791         1791         0            100.0%      
Ch1          30           1794         1794         0            100.0%      
Ch2          30           1792         1792         0            100.0%      
Ch3          30           1792         1792         0            100.0%      
SUB          30           60           60           0            100.0%      
AUDIO        -            2615         2615         0            100.0%      
TOTAL        -            7229         7229         0            100.0%      

[1;37m[DVR][0m [37mINFO[0m stop() [NORMAL] audio EOS sent (+100ms)
[1;37m[DVR][0m [37mINFO[0m stop() [NORMAL] audio flush wait done (+150ms)
[1;37m[DVR][0m [37mINFO[0m stop() [NORMAL] video EOS sent: yes (+150ms)
[1;37m[DVR][0m [37mINFO[0m stop() [NORMAL] EOS received: type=EOS (+225ms)
[1;37m[DVR][0m [37mINFO[0m stop() NULL complete at 0ms (+231ms)
[1;37m[DVR][0m [37mINFO[0m stop() [NORMAL] NULL complete (+231ms)
[1;37m[DVR][0m [37mINFO[0m Recording stopped [NORMAL] (total: 232ms)
[1;37m[DVR][0m [37mINFO[0m Split mode: 1 files (4 channels per file)
[1;37m[DVR][0m [37mINFO[0m Starting NORMAL recording

[1;37m[GST][0m [1;36m=== FileWriter Pipeline ===[0m
[32mmp4mux name=mux fragment-duration=1000 ! filesink name=fsink location=/mnt/udisk/VideoFiles/Normal/N_260606_090531_#0_CH4_FR30_A.mp4 
appsrc name=dvr_source0 is-live=true do-timestamp=false format=time ! queue max-size-buffers=120 max-size-time=0 max-size-bytes=0 ! mux.video_0 
appsrc name=dvr_source1 is-live=true do-timestamp=false format=time ! queue max-size-buffers=120 max-size-time=0 max-size-bytes=0 ! mux.video_1 
appsrc name=dvr_source2 is-live=true do-timestamp=false format=time ! queue max-size-buffers=120 max-size-time=0 max-size-bytes=0 ! mux.video_2 
appsrc name=dvr_source3 is-live=true do-timestamp=false format=time ! queue max-size-buffers=120 max-size-time=0 max-size-bytes=0 ! mux.video_3 
appsrc name=dvr_source1000 is-live=true do-timestamp=false format=time caps="text/x-raw,format=utf8" ! queue max-size-buffers=120 max-size-time=0 max-size-bytes=0 ! mux.subtitle_0 
appsrc name=dvr_audio_src is-live=true do-timestamp=false format=time caps=audio/mpeg,mpegversion=4,stream-format=adts ! queue max-size-buffers=200 max-size-time=0 max-size-bytes=0 flush-on-eos=true ! mux.audio_0 
[0m
[1;37m[DVR][0m [37mINFO[0m [TIMING][NORMAL] gst_parse_launch: 1ms
[1;37m[DVR][0m [37mINFO[0m [TIMING][NORMAL] parser wait: 0ms (ready=yes)
[1;37m[DVR][0m [37mINFO[0m Recording started [NORMAL]: /mnt/udisk/VideoFiles/Normal/N_260606_090531_#0_CH4_FR30_A.mp4
[1;37m[DVR][0m [37mINFO[0m   Duration: 60s | Channels: Ch0:30fps, Ch1:30fps, Ch2:30fps, Ch3:30fps | Audio: yes
[1;37m[DVR][0m [36mDEBUG[0m Anchor set: ch3 srcPts=0:13:12.769943821
[1;37m[DVR][0m [36mDEBUG[0m Subtitle Anchor set: srcPts=0:13:12.991740826
[1;37m[DVR][0m [36mDEBUG[0m Audio Anchor set: srcPts=0:13:12.717052153
[1;37m[DVR][0m [36mDEBUG[0m writeAudio #0: srcPts=0:13:12.717052153 anchor(video)=0:13:12.769943821 filePts=0:00:00.000000000
[1;37m[DVR][0m [36mDEBUG[0m writeAudio #1: srcPts=0:13:12.740272108 anchor(video)=0:13:12.7699[Detaching after vfork from child process 2256501]
[Detaching after vfork from child process 2256502]
[New Thread 0x7ec6fdeb60 (LWP 2256573)]
[Detaching after vfork from child process 2256574]
[Detaching after vfork from child process 2256576]
[Thread 0x7ec6fdeb60 (LWP 2256573) exited]
[Detaching after vfork from child process 2256653]
[Detaching after vfork from child process 2256654]
[Thread 0x7ec77eeb60 (LWP 2256432) exited]
[New Thread 0x7ec77eeb60 (LWP 2256725)]
[Detaching after vfork from child process 2256726]
[Detaching after vfork from child process 2256728]
[Thread 0x7ec77eeb60 (LWP 2256725) exited]
[Thread 0x7ed77eeb60 (LWP 2256422) exited]
[Thread 0x7ef67ceb60 (LWP 2256424) exited]
[Thread 0x7ef6fdeb60 (LWP 2256423) exited]
[Thread 0x7ef5fbeb60 (LWP 2256425) exited]
[Thread 0x7ef57aeb60 (LWP 2256426) exited]
[Thread 0x7ed67ceb60 (LWP 2256421) exited]
[Thread 0x7ef4f9eb60 (LWP 2256427) exited]
[Thread 0x7ed7ffeb60 (LWP 2256428) exited]
[Thread 0x7ed57aeb60 (LWP 2256420) exited]
[Thread 0x7ed4f9eb60 (LWP 2256431) exited]
[Thread 0x7ed5fbeb60 (LWP 2256430) exited]
[Thread 0x7ed6fdeb60 (LWP 2256429) exited]
[Detaching after vfork from child process 2256800]
[Detaching after vfork from child process 2256801]
43821 filePts=0:00:00.023219955
[1;37m[DVR][0m [36mDEBUG[0m writeAudio #2: srcPts=0:13:12.763492062 anchor(video)=0:13:12.769943821 filePts=0:00:00.046439909
[1;37m[DVR][0m [36mDEBUG[0m writeAudio #3: srcPts=0:13:12.786712017 anchor(video)=0:13:12.769943821 filePts=0:00:00.069659864
[1;37m[DVR][0m [36mDEBUG[0m writeAudio #4: srcPts=0:13:12.809931971 anchor(video)=0:13:12.769943821 filePts=0:00:00.092879818
[1;37m[IO][0m [93mWARN[0m No suitable input devices found
[1;37m[IO][0m [93mWARN[0m No suitable input devices found
[1;37m[IO][0m [93mWARN[0m No suitable input devices found
[1;37m[IO][0m [93mWARN[0m No suitable input devices found
[1;37m[IO][0m [93mWARN[0m No suitable input devices found
[1;37m[IO][0m [93mWARN[0m No suitable input devices found
[1;37m[IO][0m [93mWARN[0m No suitable input devices found
[1;37m[IO][0m [93mWARN[0m No suitable input devices found
[1;37m[IO][0m [93mWARN[0m No suitable input devices found
[1;37m[DVR][0m [37mINFO[0m Checking Storage
[1;37m[IO][0m [93mWARN[0m No suitable input devices found
[1;37m[IO][0m [93mWARN[0m No suitable input devices found
[1;37m[IO][0m [93mWARN[0m No suitable input devices found
[1;37m[IO][0m [93mWARN[0m No suitable input devices found
[1;37m[IO][0m [93mWARN[0m No suitable input devices found
[1;37m[IO][0m [93mWARN[0m No suitable input devices found
[1;37m[IO][0m [93mWARN[0m No suitable input devices found
[1;37m[IO][0m [93mWARN[0m No suitable input devices found
[1;37m[IO][0m [93mWARN[0m No suitable input devices found
[1;37m[IO][0m [93mWARN[0m No suitable input devices found
[1;37m[DVR][0m [37mINFO[0m [95mStopping [EVENT]: /mnt/udisk/VideoFiles/Event/PUA/E_260606_090529_CH4_FR30_A.mp4[0m

[1;37m[DVR][0m [1;36m=== Recording Statistics ===[0m
[1;37m[DVR][0m [37mINFO[0m Mode: EVENT | Path: [48;5;58m/mnt/udisk/VideoFiles/Event/PUA/E_260606_090529_CH4_FR30_A.mp4[0m
[1;37m[DVR][0m [37mINFO[0m Resolution: 1920x1080 | Expected: 10s+20s @ 30fps = 300+600 = 900 frames/channel | Actual Duration: 20.1s
[1;36mChannel Statistics[0m
=============================================================================
Channel      FPS          Received     Processed    Dropped      Success     
-----------------------------------------------------------------------------
Ch0          30           888          888          0            100.0%      
Ch1          30           889          889          0            100.0%      
Ch2          30           889          889          0            100.0%      
Ch3          30           890          890          0            100.0%      
SUB          30           29           29           0            100.0%      
AUDIO        -            1296         1296         0            100.0%      
TOTAL        -            3585         3585         0            100.0%      

[1;37m[DVR][0m [37mINFO[0m stop() [EVENT] audio EOS sent (+100ms)
[1;37m[DVR][0m [37mINFO[0m stop() [EVENT] audio flush wait done (+150ms)
[1;37m[DVR][0m [37mINFO[0m stop() [EVENT] video EOS sent: yes (+150ms)
[1;37m[DVR][0m [37mINFO[0m stop() [EVENT] EOS received: type=EOS (+177ms)
[1;37m[DVR][0m [37mINFO[0m stop() NULL complete at 0ms (+179ms)
[1;37m[DVR][0m [37mINFO[0m stop() [EVENT] NULL complete (+179ms)
[1;37m[DVR][0m [37mINFO[0m [95mRecording stopped [EVENT] (total: 180ms)[0m
[1;37m[DVR][0m [1;32mOK[0m [95mEvent recording stopped[0m
[1;37m[DVR][0m [37mINFO[0m Checking Storage
[1;37m[IO][0m [93mWARN[0m No suitable input devices found
[1;37m[IO][0m [93mWARN[0m No suitable input devices found
[1;37m[IO][0m [93mWARN[0m No suitable input devices found
[1;37m[IO][0m [93mWARN[0m No suitable input devices found
[1;37m[IO][0m [93mWARN[0m No suitable input devices found
[1;37m[IO][0m [93mWARN[0m No suitable input devices found
[1;37m[IO][0m [93mWARN[0m No suitable input devices found
[1;37m[IO][0m [93mWARN[0m No suitable input devices found
[1;37m[IO][0m [93mWARN[0m No suitable input devices found
[1;3[New Thread 0x7ed4f9eb60 (LWP 2256872)]
[Detaching after vfork from child process 2256873]
[Detaching after vfork from child process 2256875]
[Thread 0x7ed4f9eb60 (LWP 2256872) exited]
[Detaching after vfork from child process 2256947]
[Detaching after vfork from child process 2256948]
[Thread 0x7ec7ffeb60 (LWP 2256419) exited]
[New Thread 0x7ec7ffeb60 (LWP 2256980)]
[New Thread 0x7ed4f9eb60 (LWP 2256981)]
[New Thread 0x7ed5fbeb60 (LWP 2256982)]
[New Thread 0x7ed6fdeb60 (LWP 2256983)]
[New Thread 0x7ef6fdeb60 (LWP 2256984)]
[New Thread 0x7ef67ceb60 (LWP 2256985)]
[New Thread 0x7ef5fbeb60 (LWP 2256986)]
[New Thread 0x7ef57aeb60 (LWP 2256987)]
[New Thread 0x7ef4f9eb60 (LWP 2256988)]
[New Thread 0x7ed7ffeb60 (LWP 2256989)]
[New Thread 0x7ed77eeb60 (LWP 2256990)]
[New Thread 0x7ed67ceb60 (LWP 2256991)]
[New Thread 0x7ed57aeb60 (LWP 2256992)]
[New Thread 0x7ec77eeb60 (LWP 2256997)]
[New Thread 0x7ec6fdeb60 (LWP 2257035)]
[Detaching after vfork from child process 2257036]
[Detaching after vfork from child process 2257038]
[Thread 0x7ec6fdeb60 (LWP 2257035) exited]
[Detaching after vfork from child process 2257143]
[Detaching after vfork from child process 2257144]
7m[IO][0m [93mWARN[0m No suitable input devices found
[1;37m[IO][0m [93mWARN[0m No suitable input devices found
[1;37m[DVR][0m [37mINFO[0m Checking Storage
[1;37m[IO][0m [93mWARN[0m No suitable input devices found
[1;37m[IO][0m [93mWARN[0m No suitable input devices found
[1;37m[IO][0m [93mWARN[0m No suitable input devices found
[1;37m[IO][0m [93mWARN[0m No suitable input devices found
[1;37m[IO][0m [93mWARN[0m No suitable input devices found
[1;37m[IO][0m [93mWARN[0m No suitable input devices found
[1;37m[IO][0m [93mWARN[0m No suitable input devices found
[1;37m[DVR][0m [37mINFO[0m Dr.Safe PUA Activated

[1;37m[GST][0m [1;36m=== FileWriter Pipeline ===[0m
[32mmp4mux name=mux fragment-duration=1000 ! filesink name=fsink location=/mnt/udisk/VideoFiles/Event/PUA/E_260606_090607_CH4_FR30_A.mp4 
appsrc name=dvr_source0 is-live=true do-timestamp=false format=time ! queue max-size-buffers=120 max-size-time=0 max-size-bytes=0 ! mux.video_0 
appsrc name=dvr_source1 is-live=true do-timestamp=false format=time ! queue max-size-buffers=120 max-size-time=0 max-size-bytes=0 ! mux.video_1 
appsrc name=dvr_source2 is-live=true do-timestamp=false format=time ! queue max-size-buffers=120 max-size-time=0 max-size-bytes=0 ! mux.video_2 
appsrc name=dvr_source3 is-live=true do-timestamp=false format=time ! queue max-size-buffers=120 max-size-time=0 max-size-bytes=0 ! mux.video_3 
appsrc name=dvr_source2000 is-live=true do-timestamp=false format=time caps="text/x-raw,format=utf8" ! queue max-size-buffers=120 max-size-time=0 max-size-bytes=0 ! mux.subtitle_0 
appsrc name=dvr_audio_src is-live=true do-timestamp=false format=time caps=audio/mpeg,mpegversion=4,stream-format=adts ! queue max-size-buffers=200 max-size-time=0 max-size-bytes=0 flush-on-eos=true ! mux.audio_0 
[0m
[1;37m[DVR][0m [37mINFO[0m [TIMING][EVENT] gst_parse_launch: 1ms
[1;37m[DVR][0m [37mINFO[0m [TIMING] initialize: 1ms
[1;37m[DVR][0m [37mINFO[0m [TIMING][EVENT] parser wait: 0ms (ready=yes)
[1;37m[DVR][0m [37mINFO[0m [95mRecording started [EVENT]: /mnt/udisk/VideoFiles/Event/PUA/E_260606_090607_CH4_FR30_A.mp4[0m
[1;37m[DVR][0m [37mINFO[0m [95m  Duration: 10+20s | Channels: Ch0:30fps, Ch1:30fps, Ch2:30fps, Ch3:30fps | Audio: yes[0m
[1;37m[DVR][0m [37mINFO[0m [TIMING] start: 31ms
[1;37m[DVR][0m [36mDEBUG[0m Anchor set: ch1 srcPts=0:13:39.523756899
[1;37m[DVR][0m [36mDEBUG[0m Audio Anchor set: srcPts=0:13:39.536099772
[1;37m[DVR][0m [36mDEBUG[0m writeAudio #0: srcPts=0:13:39.536099772 anchor(video)=0:13:39.523756899 filePts=0:00:00.000000000
[1;37m[DVR][0m [36mDEBUG[0m writeAudio #1: srcPts=0:13:39.559319727 anchor(video)=0:13:39.523756899 filePts=0:00:00.023219955
[1;37m[DVR][0m [36mDEBUG[0m writeAudio #2: srcPts=0:13:39.582539681 anchor(video)=0:13:39.523756899 filePts=0:00:00.046439909
[1;37m[DVR][0m [36mDEBUG[0m writeAudio #3: srcPts=0:13:39.605759636 anchor(video)=0:13:39.523756899 filePts=0:00:00.069659864
[1;37m[DVR][0m [36mDEBUG[0m writeAudio #4: srcPts=0:13:39.628979591 anchor(video)=0:13:39.523756899 filePts=0:00:00.092879819
[1;37m[DVR][0m [36mDEBUG[0m Subtitle Anchor set: srcPts=0:13:40.158114427
[1;37m[DVR][0m [37mINFO[0m [TIMING] video/audio/subtitle flush (1645 frames): 40ms
[1;37m[DVR][0m [37mINFO[0m [TIMING] startEventRecording total: 73ms
[1;37m[IO][0m [93mWARN[0m No suitable input devices found
[1;37m[IO][0m [93mWARN[0m No suitable input devices found
[1;37m[IO][0m [93mWARN[0m No suitable input devices found
[1;37m[DVR][0m [37mINFO[0m Checking Storage
[1;37m[IO][0m [93mWARN[0m No suitable input devices found
[1;37m[IO][0m [93mWARN[0m No suitable input devices found
[1;37m[IO][0m [93mWARN[0m No suitable input devices found
[1;37m[IO][0m [93mWARN[0m No suitable input devices found
[1;37m[IO][0m [93mWARN[0m No suitable input devices found
[1;37m[IO][0m [93mWARN[0m No suitable input devices found
[1;37m[IO][0m [93mWARN[0m No suitable input devices found
[1;37m[IO][0m [93mWARN[0m No suitable input devic[New Thread 0x7ec6fdeb60 (LWP 2257186)]
[Detaching after vfork from child process 2257187]
[Detaching after vfork from child process 2257189]
[Thread 0x7ec6fdeb60 (LWP 2257186) exited]
[Thread 0x7ec77eeb60 (LWP 2256997) exited]
[Detaching after vfork from child process 2257294]
[Detaching after vfork from child process 2257295]
[Thread 0x7ef67ceb60 (LWP 2256985) exited]
[Thread 0x7ef4f9eb60 (LWP 2256988) exited]
[Thread 0x7ef6fdeb60 (LWP 2256984) exited]
[Thread 0x7ed6fdeb60 (LWP 2256983) exited]
[Thread 0x7ef57aeb60 (LWP 2256987) exited]
[Thread 0x7ed5fbeb60 (LWP 2256982) exited]
[Thread 0x7ed57aeb60 (LWP 2256992) exited]
[Thread 0x7ed67ceb60 (LWP 2256991) exited]
[Thread 0x7ed7ffeb60 (LWP 2256989) exited]
[Thread 0x7ef5fbeb60 (LWP 2256986) exited]
[Thread 0x7ed77eeb60 (LWP 2256990) exited]
[Thread 0x7ed4f9eb60 (LWP 2256981) exited]
[New Thread 0x7ed77eeb60 (LWP 2257337)]
[Detaching after vfork from child process 2257338]
[Detaching after vfork from child process 2257340]
[Thread 0x7ed77eeb60 (LWP 2257337) exited]
es found
[1;37m[IO][0m [93mWARN[0m No suitable input devices found
[1;37m[IO][0m [93mWARN[0m No suitable input devices found
[1;37m[DVR][0m [37mINFO[0m Checking Storage
[1;37m[IO][0m [93mWARN[0m No suitable input devices found
[1;37m[IO][0m [93mWARN[0m No suitable input devices found
[1;37m[IO][0m [93mWARN[0m No suitable input devices found
[1;37m[IO][0m [93mWARN[0m No suitable input devices found
[1;37m[IO][0m [93mWARN[0m No suitable input devices found
[1;37m[IO][0m [93mWARN[0m No suitable input devices found
[1;37m[IO][0m [93mWARN[0m No suitable input devices found
[1;37m[IO][0m [93mWARN[0m No suitable input devices found
[1;37m[DVR][0m [37mINFO[0m [95mStopping [EVENT]: /mnt/udisk/VideoFiles/Event/PUA/E_260606_090607_CH4_FR30_A.mp4[0m

[1;37m[DVR][0m [1;36m=== Recording Statistics ===[0m
[1;37m[DVR][0m [37mINFO[0m Mode: EVENT | Path: [48;5;58m/mnt/udisk/VideoFiles/Event/PUA/E_260606_090607_CH4_FR30_A.mp4[0m
[1;37m[DVR][0m [37mINFO[0m Resolution: 1920x1080 | Expected: 10s+20s @ 30fps = 300+600 = 900 frames/channel | Actual Duration: 20.1s
[1;36mChannel Statistics[0m
=============================================================================
Channel      FPS          Received     Processed    Dropped      Success     
-----------------------------------------------------------------------------
Ch0          30           889          889          0            100.0%      
Ch1          30           887          887          0            100.0%      
Ch2          30           887          887          0            100.0%      
Ch3          30           888          888          0            100.0%      
SUB          30           30           30           0            100.0%      
AUDIO        -            1296         1296         0            100.0%      
TOTAL        -            3581         3581         0            100.0%      

[1;37m[DVR][0m [37mINFO[0m stop() [EVENT] audio EOS sent (+100ms)
[1;37m[DVR][0m [37mINFO[0m stop() [EVENT] audio flush wait done (+150ms)
[1;37m[DVR][0m [37mINFO[0m stop() [EVENT] video EOS sent: yes (+150ms)
[1;37m[DVR][0m [37mINFO[0m stop() [EVENT] EOS received: type=EOS (+176ms)
[1;37m[DVR][0m [37mINFO[0m stop() NULL complete at 0ms (+179ms)
[1;37m[DVR][0m [37mINFO[0m stop() [EVENT] NULL complete (+179ms)
[1;37m[DVR][0m [37mINFO[0m [95mRecording stopped [EVENT] (total: 180ms)[0m
[1;37m[DVR][0m [1;32mOK[0m [95mEvent recording stopped[0m
[1;37m[IO][0m [93mWARN[0m No suitable input devices found
[1;37m[IO][0m [93mWARN[0m No suitable input devices found
[1;37m[IO][0m [93mWARN[0m No suitable input devices found
[1;37m[DVR][0m [37mINFO[0m Checking Storage
[1;37m[IO][0m [93mWARN[0m No suitable input devices found
[1;37m[IO][0m [93mWARN[0m No suitable input devices found
[1;37m[DVR][0m [37mINFO[0m File rotation needed
[1;37m[DVR][0m [37mINFO[0m Rotating recording files
[1;37m[DVR][0m [37mINFO[0m Stopping [NORMAL]: /mnt/udisk/VideoFiles/Normal/N_260606_090531_#0_CH4_FR30_A.mp4

[1;37m[DVR][0m [1;36m=== Recording Statistics ===[0m
[1;37m[DVR][0m [37mINFO[0m Mode: NORMAL | Path: [48;5;58m/mnt/udisk/VideoFiles/Normal/N_260606_090531_#0_CH4_FR30_A.mp4[0m
[1;37m[DVR][0m [37mINFO[0m Resolution: 1920x1080 | Expected: 60s @ 30fps = 1800 frames/channel | Actual Duration: 60.8s
[1;36mChannel Statistics[0m
=============================================================================
Channel      FPS          Received     Processed    Dropped      Success     
-----------------------------------------------------------------------------
Ch0          30           1783         1783         0            100.0%      
Ch1          30           1788         1788         0            100.0%      
Ch2          30           1789         1789         0            100.0%      
Ch3          30           1790         1790         0            100.0%      
SUB          30           60           60           0            100.0%      
AUDIO        -            2616        [Detaching after vfork from child process 2257447]
[Detaching after vfork from child process 2257448]
[New Thread 0x7ed77eeb60 (LWP 2257490)]
[Detaching after vfork from child process 2257491]
[Detaching after vfork from child process 2257493]
[Thread 0x7ed77eeb60 (LWP 2257490) exited]
 2616         0            100.0%      
TOTAL        -            7210         7210         0            100.0%      

[1;37m[DVR][0m [37mINFO[0m stop() [NORMAL] audio EOS sent (+100ms)
[1;37m[DVR][0m [37mINFO[0m stop() [NORMAL] audio flush wait done (+150ms)
[1;37m[DVR][0m [37mINFO[0m stop() [NORMAL] video EOS sent: yes (+150ms)
[1;37m[DVR][0m [37mINFO[0m stop() [NORMAL] EOS received: type=EOS (+187ms)
[1;37m[DVR][0m [37mINFO[0m stop() NULL complete at 0ms (+198ms)
[1;37m[DVR][0m [37mINFO[0m stop() [NORMAL] NULL complete (+198ms)
[1;37m[DVR][0m [37mINFO[0m Recording stopped [NORMAL] (total: 200ms)
[1;37m[DVR][0m [37mINFO[0m Split mode: 1 files (4 channels per file)
[1;37m[DVR][0m [37mINFO[0m Starting NORMAL recording

[1;37m[GST][0m [1;36m=== FileWriter Pipeline ===[0m
[32mmp4mux name=mux fragment-duration=1000 ! filesink name=fsink location=/mnt/udisk/VideoFiles/Normal/N_260606_090632_#0_CH4_FR30_A.mp4 
appsrc name=dvr_source0 is-live=true do-timestamp=false format=time ! queue max-size-buffers=120 max-size-time=0 max-size-bytes=0 ! mux.video_0 
appsrc name=dvr_source1 is-live=true do-timestamp=false format=time ! queue max-size-buffers=120 max-size-time=0 max-size-bytes=0 ! mux.video_1 
appsrc name=dvr_source2 is-live=true do-timestamp=false format=time ! queue max-size-buffers=120 max-size-time=0 max-size-bytes=0 ! mux.video_2 
appsrc name=dvr_source3 is-live=true do-timestamp=false format=time ! queue max-size-buffers=120 max-size-time=0 max-size-bytes=0 ! mux.video_3 
appsrc name=dvr_source1000 is-live=true do-timestamp=false format=time caps="text/x-raw,format=utf8" ! queue max-size-buffers=120 max-size-time=0 max-size-bytes=0 ! mux.subtitle_0 
appsrc name=dvr_audio_src is-live=true do-timestamp=false format=time caps=audio/mpeg,mpegversion=4,stream-format=adts ! queue max-size-buffers=200 max-size-time=0 max-size-bytes=0 flush-on-eos=true ! mux.audio_0 
[0m
[1;37m[DVR][0m [37mINFO[0m [TIMING][NORMAL] gst_parse_launch: 3ms
[1;37m[DVR][0m [37mINFO[0m [TIMING][NORMAL] parser wait: 0ms (ready=yes)
[1;37m[DVR][0m [37mINFO[0m Recording started [NORMAL]: /mnt/udisk/VideoFiles/Normal/N_260606_090632_#0_CH4_FR30_A.mp4
[1;37m[DVR][0m [37mINFO[0m   Duration: 60s | Channels: Ch0:30fps, Ch1:30fps, Ch2:30fps, Ch3:30fps | Audio: yes
[1;37m[DVR][0m [36mDEBUG[0m Anchor set: ch0 srcPts=0:14:13.724379062
[1;37m[DVR][0m [36mDEBUG[0m Subtitle Anchor set: srcPts=0:14:13.857651166
[1;37m[DVR][0m [36mDEBUG[0m Audio Anchor set: srcPts=0:14:13.715873015
[1;37m[DVR][0m [36mDEBUG[0m writeAudio #0: srcPts=0:14:13.715873015 anchor(video)=0:14:13.724379062 filePts=0:00:00.000000000
[1;37m[DVR][0m [36mDEBUG[0m writeAudio #1: srcPts=0:14:13.739092969 anchor(video)=0:14:13.724379062 filePts=0:00:00.023219954
[1;37m[DVR][0m [36mDEBUG[0m writeAudio #2: srcPts=0:14:13.762312924 anchor(video)=0:14:13.724379062 filePts=0:00:00.046439909
[1;37m[DVR][0m [36mDEBUG[0m writeAudio #3: srcPts=0:14:13.785532878 anchor(video)=0:14:13.724379062 filePts=0:00:00.069659863
[1;37m[DVR][0m [36mDEBUG[0m writeAudio #4: srcPts=0:14:13.808752833 anchor(video)=0:14:13.724379062 filePts=0:00:00.092879818
[1;37m[IO][0m [93mWARN[0m No suitable input devices found
[1;37m[IO][0m [93mWARN[0m No suitable input devices found
[1;37m[IO][0m [93mWARN[0m No suitable input devices found
[1;37m[IO][0m [93mWARN[0m No suitable input devices found
[1;37m[IO][0m [93mWARN[0m No suitable input devices found
[1;37m[IO][0m [93mWARN[0m No suitable input devices found
[1;37m[IO][0m [93mWARN[0m No suitable input devices found
[1;37m[IO][0m [93mWARN[0m No suitable input devices found
[1;37m[DVR][0m [37mINFO[0m Checking Storage
[1;37m[IO][0m [93mWARN[0m No suitable input devices found
[1;37m[DVR][0m [37mINFO[0m Dr.Safe PUA Activated

[1;37m[GST][0m [1;36m=== FileWriter Pipeline ===[0m
[32mmp4mux name=mux fragment-duration=1000 ! filesink name=fsink location=/mnt/udisk/VideoFiles/Event/PUA/E_260606_090641_CH4_FR30_A.mp4 
appsrc name=dvr_source0 is-live=true do-t[New Thread 0x7ed77eeb60 (LWP 2257533)]
[New Thread 0x7ef5fbeb60 (LWP 2257534)]
[New Thread 0x7ed67ceb60 (LWP 2257535)]
[New Thread 0x7ed7ffeb60 (LWP 2257536)]
[New Thread 0x7ef6fdeb60 (LWP 2257537)]
[New Thread 0x7ef67ceb60 (LWP 2257538)]
[New Thread 0x7ef57aeb60 (LWP 2257539)]
[New Thread 0x7ef4f9eb60 (LWP 2257540)]
[New Thread 0x7ed6fdeb60 (LWP 2257541)]
[New Thread 0x7ed5fbeb60 (LWP 2257542)]
[New Thread 0x7ed57aeb60 (LWP 2257543)]
[New Thread 0x7ed4f9eb60 (LWP 2257544)]
[New Thread 0x7ec77eeb60 (LWP 2257545)]
[Detaching after vfork from child process 2257665]
[Detaching after vfork from child process 2257666]
[New Thread 0x7ec6fdeb60 (LWP 2257667)]
[Detaching after vfork from child process 2257668]
[Detaching after vfork from child process 2257670]
[Thread 0x7ec6fdeb60 (LWP 2257667) exited]
[Thread 0x7ec77eeb60 (LWP 2257545) exited]
[Detaching after vfork from child process 2257825]
[Detaching after vfork from child process 2257826]
[New Thread 0x7ec77eeb60 (LWP 2257827)]
[Detaching after vfork from child process 2257828]
[Detaching after vfork from child process 2257830]
[Thread 0x7ec77eeb60 (LWP 2257827) exited]
imestamp=false format=time ! queue max-size-buffers=120 max-size-time=0 max-size-bytes=0 ! mux.video_0 
appsrc name=dvr_source1 is-live=true do-timestamp=false format=time ! queue max-size-buffers=120 max-size-time=0 max-size-bytes=0 ! mux.video_1 
appsrc name=dvr_source2 is-live=true do-timestamp=false format=time ! queue max-size-buffers=120 max-size-time=0 max-size-bytes=0 ! mux.video_2 
appsrc name=dvr_source3 is-live=true do-timestamp=false format=time ! queue max-size-buffers=120 max-size-time=0 max-size-bytes=0 ! mux.video_3 
appsrc name=dvr_source2000 is-live=true do-timestamp=false format=time caps="text/x-raw,format=utf8" ! queue max-size-buffers=120 max-size-time=0 max-size-bytes=0 ! mux.subtitle_0 
appsrc name=dvr_audio_src is-live=true do-timestamp=false format=time caps=audio/mpeg,mpegversion=4,stream-format=adts ! queue max-size-buffers=200 max-size-time=0 max-size-bytes=0 flush-on-eos=true ! mux.audio_0 
[0m
[1;37m[DVR][0m [37mINFO[0m [TIMING][EVENT] gst_parse_launch: 2ms
[1;37m[DVR][0m [37mINFO[0m [TIMING] initialize: 3ms
[1;37m[DVR][0m [37mINFO[0m [TIMING][EVENT] parser wait: 0ms (ready=yes)
[1;37m[DVR][0m [37mINFO[0m [95mRecording started [EVENT]: /mnt/udisk/VideoFiles/Event/PUA/E_260606_090641_CH4_FR30_A.mp4[0m
[1;37m[DVR][0m [37mINFO[0m [95m  Duration: 10+20s | Channels: Ch0:30fps, Ch1:30fps, Ch2:30fps, Ch3:30fps | Audio: yes[0m
[1;37m[DVR][0m [37mINFO[0m [TIMING] start: 18ms
[1;37m[DVR][0m [36mDEBUG[0m Anchor set: ch3 srcPts=0:14:13.568809292
[1;37m[DVR][0m [36mDEBUG[0m Audio Anchor set: srcPts=0:14:13.576553287
[1;37m[DVR][0m [36mDEBUG[0m writeAudio #0: srcPts=0:14:13.576553287 anchor(video)=0:14:13.568809292 filePts=0:00:00.000000000
[1;37m[DVR][0m [36mDEBUG[0m writeAudio #1: srcPts=0:14:13.599773241 anchor(video)=0:14:13.568809292 filePts=0:00:00.023219954
[1;37m[DVR][0m [36mDEBUG[0m writeAudio #2: srcPts=0:14:13.622993196 anchor(video)=0:14:13.568809292 filePts=0:00:00.046439909
[1;37m[DVR][0m [36mDEBUG[0m writeAudio #3: srcPts=0:14:13.646213151 anchor(video)=0:14:13.568809292 filePts=0:00:00.069659864
[1;37m[DVR][0m [36mDEBUG[0m writeAudio #4: srcPts=0:14:13.669433105 anchor(video)=0:14:13.568809292 filePts=0:00:00.092879818
[1;37m[DVR][0m [36mDEBUG[0m Subtitle Anchor set: srcPts=0:14:15.257715474
[1;37m[DVR][0m [37mINFO[0m [TIMING] video/audio/subtitle flush (1647 frames): 62ms
[1;37m[DVR][0m [37mINFO[0m [TIMING] startEventRecording total: 84ms
[1;37m[IO][0m [93mWARN[0m No suitable input devices found
[1;37m[IO][0m [93mWARN[0m No suitable input devices found
[1;37m[IO][0m [93mWARN[0m No suitable input devices found
[1;37m[IO][0m [93mWARN[0m No suitable input devices found
[1;37m[IO][0m [93mWARN[0m No suitable input devices found
[1;37m[IO][0m [93mWARN[0m No suitable input devices found
[1;37m[IO][0m [93mWARN[0m No suitable input devices found
[1;37m[IO][0m [93mWARN[0m No suitable input devices found
[1;37m[IO][0m [93mWARN[0m No suitable input devices found
[1;37m[IO][0m [93mWARN[0m No suitable input devices found
[1;37m[DVR][0m [37mINFO[0m Checking Storage
[1;37m[IO][0m [93mWARN[0m No suitable input devices found
[1;37m[IO][0m [93mWARN[0m No suitable input devices found
[1;37m[IO][0m [93mWARN[0m No suitable input devices found
[1;37m[IO][0m [93mWARN[0m No suitable input devices found
[1;37m[IO][0m [93mWARN[0m No suitable input devices found
[1;37m[IO][0m [93mWARN[0m No suitable input devices found
[1;37m[IO][0m [93mWARN[0m No suitable input devices found
[1;37m[IO][0m [93mWARN[0m No suitable input devices found
[1;37m[IO][0m [93mWARN[0m No suitable input devices found
[1;37m[IO][0m [93mWARN[0m No suitable input devices found
[1;37m[DVR][0m [37mINFO[0m Checking Storage
[1;37m[IO][0m [93mWARN[0m No suitable input devices found
[1;37m[DVR][0m [37mINFO[0m [95mStopping [EVENT]: /mnt/udisk/VideoFiles/Event/PUA/E_260606_090641_CH4_FR30_A.mp4[0m

[1;37m[DVR][0m [1;36m=== Recording Statistics ===[0m
[1;37m[DVR][0m [37mINFO[0m Mode[Thread 0x7ef6fdeb60 (LWP 2257537) exited]
[Thread 0x7ed7ffeb60 (LWP 2257536) exited]
[Thread 0x7ef57aeb60 (LWP 2257539) exited]
[Thread 0x7ef4f9eb60 (LWP 2257540) exited]
[Thread 0x7ef67ceb60 (LWP 2257538) exited]
[Thread 0x7ed67ceb60 (LWP 2257535) exited]
[Thread 0x7ed6fdeb60 (LWP 2257541) exited]
[Thread 0x7ef5fbeb60 (LWP 2257534) exited]
[Thread 0x7ed5fbeb60 (LWP 2257542) exited]
[Thread 0x7ed77eeb60 (LWP 2257533) exited]
[Thread 0x7ed4f9eb60 (LWP 2257544) exited]
[Thread 0x7ed57aeb60 (LWP 2257543) exited]
[New Thread 0x7ed4f9eb60 (LWP 2257984)]
[Detaching after vfork from child process 2257985]
[Detaching after vfork from child process 2257987]
[Thread 0x7ed4f9eb60 (LWP 2257984) exited]
[Detaching after vfork from child process 2257989]
[Detaching after vfork from child process 2257990]
[New Thread 0x7ed4f9eb60 (LWP 2258008)]
[New Thread 0x7ed57aeb60 (LWP 2258009)]
[New Thread 0x7ed5fbeb60 (LWP 2258011)]
[New Thread 0x7ed6fdeb60 (LWP 2258012)]
[New Thread 0x7ef6fdeb60 (LWP 2258013)]
[New Thread 0x7ef67ceb60 (LWP 2258015)]
[New Thread 0x7ef5fbeb60 (LWP 2258016)]
[New Thread 0x7ef57aeb60 (LWP 2258018)]
[New Thread 0x7ef4f9eb60 (LWP 2258019)]
[New Thread 0x7ed7ffeb60 (LWP 2258020)]
[New Thread 0x7ed77eeb60 (LWP 2258022)]
[New Thread 0x7ed67ceb60 (LWP 2258023)]
: EVENT | Path: [48;5;58m/mnt/udisk/VideoFiles/Event/PUA/E_260606_090641_CH4_FR30_A.mp4[0m
[1;37m[DVR][0m [37mINFO[0m Resolution: 1920x1080 | Expected: 10s+20s @ 30fps = 300+600 = 900 frames/channel | Actual Duration: 20.1s
[1;36mChannel Statistics[0m
=============================================================================
Channel      FPS          Received     Processed    Dropped      Success     
-----------------------------------------------------------------------------
Ch0          30           887          887          0            100.0%      
Ch1          30           887          887          0            100.0%      
Ch2          30           885          885          0            100.0%      
Ch3          30           888          888          0            100.0%      
SUB          30           29           29           0            100.0%      
AUDIO        -            1298         1298         0            100.0%      
TOTAL        -            3576         3576         0            100.0%      

[1;37m[DVR][0m [37mINFO[0m stop() [EVENT] audio EOS sent (+100ms)
[1;37m[DVR][0m [37mINFO[0m stop() [EVENT] audio flush wait done (+150ms)
[1;37m[DVR][0m [37mINFO[0m stop() [EVENT] video EOS sent: yes (+150ms)
[1;37m[DVR][0m [37mINFO[0m stop() [EVENT] EOS received: type=EOS (+175ms)
[1;37m[DVR][0m [37mINFO[0m stop() NULL complete at 0ms (+178ms)
[1;37m[DVR][0m [37mINFO[0m stop() [EVENT] NULL complete (+178ms)
[1;37m[DVR][0m [37mINFO[0m [95mRecording stopped [EVENT] (total: 179ms)[0m
[1;37m[DVR][0m [1;32mOK[0m [95mEvent recording stopped[0m
[1;37m[IO][0m [93mWARN[0m No suitable input devices found
[1;37m[IO][0m [93mWARN[0m No suitable input devices found
[1;37m[IO][0m [93mWARN[0m No suitable input devices found
[1;37m[IO][0m [93mWARN[0m No suitable input devices found
[1;37m[IO][0m [93mWARN[0m No suitable input devices found
[1;37m[IO][0m [93mWARN[0m No suitable input devices found
[1;37m[IO][0m [93mWARN[0m No suitable input devices found
[1;37m[IO][0m [93mWARN[0m No suitable input devices found
[1;37m[IO][0m [93mWARN[0m No suitable input devices found
[1;37m[IO][0m [93mWARN[0m No suitable input devices found
[1;37m[DVR][0m [37mINFO[0m Checking Storage
[1;37m[DVR][0m [37mINFO[0m Dr.Safe PUA Activated

[1;37m[GST][0m [1;36m=== FileWriter Pipeline ===[0m
[32mmp4mux name=mux fragment-duration=1000 ! filesink name=fsink location=/mnt/udisk/VideoFiles/Event/PUA/E_260606_090711_CH4_FR30_A.mp4 
appsrc name=dvr_source0 is-live=true do-timestamp=false format=time ! queue max-size-buffers=120 max-size-time=0 max-size-bytes=0 ! mux.video_0 
appsrc name=dvr_source1 is-live=true do-timestamp=false format=time ! queue max-size-buffers=120 max-size-time=0 max-size-bytes=0 ! mux.video_1 
appsrc name=dvr_source2 is-live=true do-timestamp=false format=time ! queue max-size-buffers=120 max-size-time=0 max-size-bytes=0 ! mux.video_2 
appsrc name=dvr_source3 is-live=true do-timestamp=false format=time ! queue max-size-buffers=120 max-size-time=0 max-size-bytes=0 ! mux.video_3 
appsrc name=dvr_source2000 is-live=true do-timestamp=false format=time caps="text/x-raw,format=utf8" ! queue max-size-buffers=120 max-size-time=0 max-size-bytes=0 ! mux.subtitle_0 
appsrc name=dvr_audio_src is-live=true do-timestamp=false format=time caps=audio/mpeg,mpegversion=4,stream-format=adts ! queue max-size-buffers=200 max-size-time=0 max-size-bytes=0 flush-on-eos=true ! mux.audio_0 
[0m
[1;37m[DVR][0m [37mINFO[0m [TIMING][EVENT] gst_parse_launch: 2ms
[1;37m[DVR][0m [37mINFO[0m [TIMING] initialize: 2ms
[1;37m[DVR][0m [37mINFO[0m [TIMING][EVENT] parser wait: 0ms (ready=yes)
[1;37m[DVR][0m [37mINFO[0m [95mRecording started [EVENT]: /mnt/udisk/VideoFiles/Event/PUA/E_260606_090711_CH4_FR30_A.mp4[0m
[1;37m[DVR][0m [37mINFO[0m [95m  Duration: 10+20s | Channels: Ch0:30fps, Ch1:30fps, Ch2:30fps, Ch3:30fps | Audio: yes[0m
[1;37m[DVR][0m [37mINFO[0m [TIMING] start: 21ms
[1;37m[DVR][0m [36mDEBUG[0m Anchor set: ch0 srcPts=0:14:43.690[New Thread 0x7ec77eeb60 (LWP 2258031)]
[New Thread 0x7ec6fdeb60 (LWP 2258160)]
[Detaching after vfork from child process 2258161]
[Detaching after vfork from child process 2258163]
[Thread 0x7ec6fdeb60 (LWP 2258160) exited]
[Detaching after vfork from child process 2258198]
[Detaching after vfork from child process 2258199]
[Thread 0x7ec77eeb60 (LWP 2258031) exited]
[New Thread 0x7ec77eeb60 (LWP 2258323)]
[Detaching after vfork from child process 2258324]
[Detaching after vfork from child process 2258326]
[Thread 0x7ec77eeb60 (LWP 2258323) exited]
579534
[1;37m[DVR][0m [36mDEBUG[0m Audio Anchor set: srcPts=0:14:43.692834466
[1;37m[DVR][0m [36mDEBUG[0m writeAudio #0: srcPts=0:14:43.692834466 anchor(video)=0:14:43.690579534 filePts=0:00:00.000000000
[1;37m[DVR][0m [36mDEBUG[0m writeAudio #1: srcPts=0:14:43.716054420 anchor(video)=0:14:43.690579534 filePts=0:00:00.023219954
[1;37m[DVR][0m [36mDEBUG[0m writeAudio #2: srcPts=0:14:43.739274375 anchor(video)=0:14:43.690579534 filePts=0:00:00.046439909
[1;37m[DVR][0m [36mDEBUG[0m writeAudio #3: srcPts=0:14:43.762494330 anchor(video)=0:14:43.690579534 filePts=0:00:00.069659864
[1;37m[DVR][0m [36mDEBUG[0m writeAudio #4: srcPts=0:14:43.785714284 anchor(video)=0:14:43.690579534 filePts=0:00:00.092879818
[1;37m[DVR][0m [36mDEBUG[0m Subtitle Anchor set: srcPts=0:14:45.123886607
[1;37m[DVR][0m [37mINFO[0m [TIMING] video/audio/subtitle flush (1646 frames): 51ms
[1;37m[DVR][0m [37mINFO[0m [TIMING] startEventRecording total: 76ms
[1;37m[IO][0m [93mWARN[0m No suitable input devices found
[1;37m[IO][0m [93mWARN[0m No suitable input devices found
[1;37m[IO][0m [93mWARN[0m No suitable input devices found
[1;37m[IO][0m [93mWARN[0m No suitable input devices found
[1;37m[IO][0m [93mWARN[0m No suitable input devices found
[1;37m[IO][0m [93mWARN[0m No suitable input devices found
[1;37m[IO][0m [93mWARN[0m No suitable input devices found
[1;37m[IO][0m [93mWARN[0m No suitable input devices found
[1;37m[IO][0m [93mWARN[0m No suitable input devices found
[1;37m[IO][0m [93mWARN[0m No suitable input devices found
[1;37m[DVR][0m [37mINFO[0m Checking Storage
[1;37m[IO][0m [93mWARN[0m No suitable input devices found
[1;37m[IO][0m [93mWARN[0m No suitable input devices found
[1;37m[IO][0m [93mWARN[0m No suitable input devices found
[1;37m[IO][0m [93mWARN[0m No suitable input devices found
[1;37m[IO][0m [93mWARN[0m No suitable input devices found
[1;37m[IO][0m [93mWARN[0m No suitable input devices found
[1;37m[IO][0m [93mWARN[0m No suitable input devices found
[1;37m[IO][0m [93mWARN[0m No suitable input devices found
[1;37m[IO][0m [93mWARN[0m No suitable input devices found
[1;37m[IO][0m [93mWARN[0m No suitable input devices found
[1;37m[IO][0m [93mWARN[0m No suitable input devices found
[1;37m[DVR][0m [37mINFO[0m Checking Storage
[1;37m[DVR][0m [37mINFO[0m [95mStopping [EVENT]: /mnt/udisk/VideoFiles/Event/PUA/E_260606_090711_CH4_FR30_A.mp4[0m

[1;37m[DVR][0m [1;36m=== Recording Statistics ===[0m
[1;37m[DVR][0m [37mINFO[0m Mode: EVENT | Path: [48;5;58m/mnt/udisk/VideoFiles/Event/PUA/E_260606_090711_CH4_FR30_A.mp4[0m
[1;37m[DVR][0m [37mINFO[0m Resolution: 1920x1080 | Expected: 10s+20s @ 30fps = 300+600 = 900 frames/channel | Actual Duration: 20.1s
[1;36mChannel Statistics[0m
=============================================================================
Channel      FPS          Received     Processed    Dropped      Success     
-----------------------------------------------------------------------------
Ch0          30           891          891          0            100.0%      
Ch1          30           890          890          0            100.0%      
Ch2          30           890          890          0            100.0%      
Ch3          30           892          892          0            100.0%      
SUB          30           29           29           0            100.0%      
AUDIO        -            1296         1296         0            100.0%      
TOTAL        -            3592         3592         0            100.0%      

[1;37m[DVR][0m [37mINFO[0m stop() [EVENT] audio EOS sent (+100ms)
[1;37m[DVR][0m [37mINFO[0m stop() [EVENT] audio flush wait done (+150ms)
[1;37m[DVR][0m [37mINFO[0m stop() [EVENT] video EOS sent: yes (+150ms)
[1;37m[DVR][0m [37mINFO[0m stop() [EVENT] EOS received: type=EOS (+174ms)
[1;37m[DVR][0m [37mINFO[0m stop() NULL complete at 0ms (+176ms)
[1;37m[DVR][0m [37mINFO[0m stop() [EVENT] NULL complete (+176ms)
[1;37m[DVR][0m [37mINFO[0m [95mR[Thread 0x7ed57aeb60 (LWP 2258009) exited]
[Thread 0x7ed5fbeb60 (LWP 2258011) exited]
[Thread 0x7ed4f9eb60 (LWP 2258008) exited]
[Thread 0x7ef5fbeb60 (LWP 2258016) exited]
[Thread 0x7ef57aeb60 (LWP 2258018) exited]
[Thread 0x7ef6fdeb60 (LWP 2258013) exited]
[Thread 0x7ef67ceb60 (LWP 2258015) exited]
[Thread 0x7ed6fdeb60 (LWP 2258012) exited]
[Thread 0x7ed77eeb60 (LWP 2258022) exited]
[Thread 0x7ed7ffeb60 (LWP 2258020) exited]
[Thread 0x7ef4f9eb60 (LWP 2258019) exited]
[Thread 0x7ed67ceb60 (LWP 2258023) exited]
[Detaching after vfork from child process 2258364]
[Detaching after vfork from child process 2258365]
ecording stopped [EVENT] (total: 176ms)[0m
[1;37m[DVR][0m [1;32mOK[0m [95mEvent recording stopped[0m
[1;37m[IO][0m [93mWARN[0m No suitable input devices found
[1;37m[IO][0m [93mWARN[0m No suitable input devices found
[1;37m[DVR][0m [37mINFO[0m File rotation needed
[1;37m[DVR][0m [37mINFO[0m Rotating recording files
[1;37m[DVR][0m [37mINFO[0m Stopping [NORMAL]: /mnt/udisk/VideoFiles/Normal/N_260606_090632_#0_CH4_FR30_A.mp4

[1;37m[DVR][0m [1;36m=== Recording Statistics ===[0m
[1;37m[DVR][0m [37mINFO[0m Mode: NORMAL | Path: [48;5;58m/mnt/udisk/VideoFiles/Normal/N_260606_090632_#0_CH4_FR30_A.mp4[0m
[1;37m[DVR][0m [37mINFO[0m Resolution: 1920x1080 | Expected: 60s @ 30fps = 1800 frames/channel | Actual Duration: 60.8s
[1;36mChannel Statistics[0m
=============================================================================
Channel      FPS          Received     Processed    Dropped      Success     
-----------------------------------------------------------------------------
Ch0          30           1791         1791         0            100.0%      
Ch1          30           1790         1790         0            100.0%      
Ch2          30           1789         1789         0            100.0%      
Ch3          30           1793         1793         0            100.0%      
SUB          30           60           60           0            100.0%      
AUDIO        -            2613         2613         0            100.0%      
TOTAL        -            7223         7223         0            100.0%      

[1;37m[DVR][0m [37mINFO[0m stop() [NORMAL] audio EOS sent (+100ms)
[1;37m[DVR][0m [37mINFO[0m stop() [NORMAL] audio flush wait done (+150ms)
[1;37m[DVR][0m [37mINFO[0m stop() [NORMAL] video EOS sent: yes (+150ms)
[1;37m[DVR][0m [37mINFO[0m stop() [NORMAL] EOS received: type=EOS (+257ms)
[1;37m[DVR][0m [37mINFO[0m stop() NULL complete at 0ms (+269ms)
[1;37m[DVR][0m [37mINFO[0m stop() [NORMAL] NULL complete (+269ms)
[1;37m[DVR][0m [37mINFO[0m Recording stopped [NORMAL] (total: 271ms)
[1;37m[DVR][0m [37mINFO[0m Split mode: 1 files (4 channels per file)
[1;37m[DVR][0m [37mINFO[0m Starting NORMAL recording

[1;37m[GST][0m [1;36m=== FileWriter Pipeline ===[0m
[32mmp4mux name=mux fragment-duration=1000 ! filesink name=fsink location=/mnt/udisk/VideoFiles/Normal/N_260606_090733_#0_CH4_FR30_A.mp4 
appsrc name=dvr_source0 is-live=true do-timestamp=false format=time ! queue max-size-buffers=120 max-size-time=0 max-size-bytes=0 ! mux.video_0 
appsrc name=dvr_source1 is-live=true do-timestamp=false format=time ! queue max-size-buffers=120 max-size-time=0 max-size-bytes=0 ! mux.video_1 
appsrc name=dvr_source2 is-live=true do-timestamp=false format=time ! queue max-size-buffers=120 max-size-time=0 max-size-bytes=0 ! mux.video_2 
appsrc name=dvr_source3 is-live=true do-timestamp=false format=time ! queue max-size-buffers=120 max-size-time=0 max-size-bytes=0 ! mux.video_3 
appsrc name=dvr_source1000 is-live=true do-timestamp=false format=time caps="text/x-raw,format=utf8" ! queue max-size-buffers=120 max-size-time=0 max-size-bytes=0 ! mux.subtitle_0 
appsrc name=dvr_audio_src is-live=true do-timestamp=false format=time caps=audio/mpeg,mpegversion=4,stream-format=adts ! queue max-size-buffers=200 max-size-time=0 max-size-bytes=0 flush-on-eos=true ! mux.audio_0 
[0m
[1;37m[DVR][0m [37mINFO[0m [TIMING][NORMAL] gst_parse_launch: 5ms
[1;37m[DVR][0m [37mINFO[0m [TIMING][NORMAL] parser wait: 0ms (ready=yes)
[1;37m[DVR][0m [37mINFO[0m Recording started [NORMAL]: /mnt/udisk/VideoFiles/Normal/N_260606_090733_#0_CH4_FR30_A.mp4
[1;37m[DVR][0m [37mINFO[0m   Duration: 60s | Channels: Ch0:30fps, Ch1:30fps, Ch2:30fps, Ch3:30fps | Audio: yes
[1;37m[DVR][0m [36mDEBUG[0m Audio Anchor set: srcPts=0:15:14.621814058
[1;37m[DVR][0m [36mDEBUG[0m writeAudio #0: srcPts=0:15:14.621814058 anchor(audio)=0:15:14.621814058 filePts=0:00:00.000000000
[1;37m[DVR][0m [36mDEBUG[0m writeAudio #1: srcPts=0:15:14.645034012 anchor(audio)=0:15:14.621814058 filePts[New Thread 0x7ed67ceb60 (LWP 2258496)]
[Detaching after vfork from child process 2258497]
[Detaching after vfork from child process 2258499]
[Thread 0x7ed67ceb60 (LWP 2258496) exited]
[Detaching after vfork from child process 2258536]
[Detaching after vfork from child process 2258537]
[Thread 0x7ec7ffeb60 (LWP 2256980) exited]
[New Thread 0x7ec7ffeb60 (LWP 2258618)]
[New Thread 0x7ed67ceb60 (LWP 2258619)]
[New Thread 0x7ef4f9eb60 (LWP 2258620)]
[New Thread 0x7ed7ffeb60 (LWP 2258621)]
[New Thread 0x7ef6fdeb60 (LWP 2258622)]
[New Thread 0x7ef67ceb60 (LWP 2258623)]
[New Thread 0x7ef5fbeb60 (LWP 2258624)]
[New Thread 0x7ef57aeb60 (LWP 2258625)]
[New Thread 0x7ed77eeb60 (LWP 2258626)]
[New Thread 0x7ed6fdeb60 (LWP 2258627)]
[New Thread 0x7ed5fbeb60 (LWP 2258628)]
[New Thread 0x7ed57aeb60 (LWP 2258629)]
[New Thread 0x7ed4f9eb60 (LWP 2258630)]
=0:00:00.023219954
[1;37m[DVR][0m [36mDEBUG[0m writeAudio #2: srcPts=0:15:14.668253967 anchor(audio)=0:15:14.621814058 filePts=0:00:00.046439909
[1;37m[DVR][0m [36mDEBUG[0m writeAudio #3: srcPts=0:15:14.691473922 anchor(audio)=0:15:14.621814058 filePts=0:00:00.069659864
[1;37m[DVR][0m [36mDEBUG[0m writeAudio #4: srcPts=0:15:14.714693876 anchor(audio)=0:15:14.621814058 filePts=0:00:00.092879818
[1;37m[DVR][0m [36mDEBUG[0m Anchor set: ch2 srcPts=0:15:14.689556725
[1;37m[DVR][0m [36mDEBUG[0m Subtitle Anchor set: srcPts=0:15:14.956321032
[1;37m[IO][0m [93mWARN[0m No suitable input devices found
[1;37m[IO][0m [93mWARN[0m No suitable input devices found
[1;37m[IO][0m [93mWARN[0m No suitable input devices found
[1;37m[IO][0m [93mWARN[0m No suitable input devices found
[1;37m[IO][0m [93mWARN[0m No suitable input devices found
[1;37m[IO][0m [93mWARN[0m No suitable input devices found
[1;37m[IO][0m [93mWARN[0m No suitable input devices found
[1;37m[IO][0m [93mWARN[0m No suitable input devices found
[1;37m[DVR][0m [37mINFO[0m Checking Storage
[1;37m[IO][0m [93mWARN[0m No suitable input devices found
[1;37m[IO][0m [93mWARN[0m No suitable input devices found
[1;37m[IO][0m [93mWARN[0m No suitable input devices found
[1;37m[IO][0m [93mWARN[0m No suitable input devices found
[1;37m[IO][0m [93mWARN[0m No suitable input devices found
[1;37m[IO][0m [93mWARN[0m No suitable input devices found
[1;37m[IO][0m [93mWARN[0m No suitable input devices found
[1;37m[IO][0m [93mWARN[0m No suitable input devices found
[1;37m[IO][0m [93mWARN[0m No suitable input devices found
[1;37m[DVR][0m [37mINFO[0m Dr.Safe PUA Activated

[1;37m[GST][0m [1;36m=== FileWriter Pipeline ===[0m
[32mmp4mux name=mux fragment-duration=1000 ! filesink name=fsink location=/mnt/udisk/VideoFiles/Event/PUA/E_260606_090749_CH4_FR30_A.mp4 
appsrc name=dvr_source0 is-live=true do-timestamp=false format=time ! queue max-size-buffers=120 max-size-time=0 max-size-bytes=0 ! mux.video_0 
appsrc name=dvr_source1 is-live=true do-timestamp=false format=time ! queue max-size-buffers=120 max-size-time=0 max-size-bytes=0 ! mux.video_1 
appsrc name=dvr_source2 is-live=true do-timestamp=false format=time ! queue max-size-buffers=120 max-size-time=0 max-size-bytes=0 ! mux.video_2 
appsrc name=dvr_source3 is-live=true do-timestamp=false format=time ! queue max-size-buffers=120 max-size-time=0 max-size-bytes=0 ! mux.video_3 
appsrc name=dvr_source2000 is-live=true do-timestamp=false format=time caps="text/x-raw,format=utf8" ! queue max-size-buffers=120 max-size-time=0 max-size-bytes=0 ! mux.subtitle_0 
appsrc name=dvr_audio_src is-live=true do-timestamp=false format=time caps=audio/mpeg,mpegversion=4,stream-format=adts ! queue max-size-buffers=200 max-size-time=0 max-size-bytes=0 flush-on-eos=true ! mux.audio_0 
[0m
[1;37m[DVR][0m [37mINFO[0m [TIMING][EVENT] gst_parse_launch: 1ms
[1;37m[DVR][0m [37mINFO[0m [TIMING] initialize: 1ms
[1;37m[DVR][0m [37mINFO[0m [TIMING][EVENT] parser wait: 0ms (ready=yes)
[1;37m[DVR][0m [37mINFO[0m [95mRecording started [EVENT]: /mnt/udisk/VideoFiles/Event/PUA/E_260606_090749_CH4_FR30_A.mp4[0m
[1;37m[DVR][0m [37mINFO[0m [95m  Duration: 10+20s | Channels: Ch0:30fps, Ch1:30fps, Ch2:30fps, Ch3:30fps | Audio: yes[0m
[1;37m[DVR][0m [37mINFO[0m [TIMING] start: 19ms
[1;37m[DVR][0m [36mDEBUG[0m Anchor set: ch1 srcPts=0:15:21.822555109
[1;37m[DVR][0m [36mDEBUG[0m Audio Anchor set: srcPts=0:15:21.843219953
[1;37m[DVR][0m [36mDEBUG[0m writeAudio #0: srcPts=0:15:21.843219953 anchor(video)=0:15:21.822555109 filePts=0:00:00.000000000
[1;37m[DVR][0m [36mDEBUG[0m writeAudio #1: srcPts=0:15:21.866439908 anchor(video)=0:15:21.822555109 filePts=0:00:00.023219955
[1;37m[DVR][0m [36mDEBUG[0m writeAudio #2: srcPts=0:15:21.889659863 anchor(video)=0:15:21.822555109 filePts=0:00:00.046439910
[1;37m[DVR][0m [36mDEBUG[0m writeAudio #3: srcPts=0:15:21.912879817 anchor(video)=0:15:21.822555109 filePts=0:00:00.069659864
[1;37m[DVR][0m [36mDEBUG[New Thread 0x7ec77eeb60 (LWP 2258631)]
[New Thread 0x7ec6fdeb60 (LWP 2258679)]
[Detaching after vfork from child process 2258680]
[Detaching after vfork from child process 2258682]
[Thread 0x7ec6fdeb60 (LWP 2258679) exited]
[Detaching after vfork from child process 2258754]
[Detaching after vfork from child process 2258767]
[New Thread 0x7ec6fdeb60 (LWP 2258851)]
[Detaching after vfork from child process 2258852]
[Detaching after vfork from child process 2258854]
[Thread 0x7ec6fdeb60 (LWP 2258851) exited]
[Thread 0x7ec77eeb60 (LWP 2258631) exited]
[Detaching after vfork from child process 2258938]
[Detaching after vfork from child process 2258939]
[Thread 0x7ef6fdeb60 (LWP 2258622) exited]
[Thread 0x7ed7ffeb60 (LWP 2258621) exited]
[Thread 0x7ef4f9eb60 (LWP 2258620) exited]
[Thread 0x7ed5fbeb60 (LWP 2258628) exited]
[Thread 0x7ed6fdeb60 (LWP 2258627) exited]
[Thread 0x7ed77eeb60 (LWP 2258626) exited]
[Thread 0x7ef57aeb60 (LWP 2258625) exited]
[Thread 0x7ef5fbeb60 (LWP 2258624) exited]
[Thread 0x7ef67ceb60 (LWP 2258623) exited]
[Thread 0x7ed67ceb60 (LWP 2258619) exited]
[Thread 0x7ed57aeb60 (LWP 2258629) exited]
[Thread 0x7ed4f9eb60 (LWP 2258630) exited]
[New Thread 0x7ed4f9eb60 (LWP 2259022)]
[Detaching after vfork from child process 2259023]
[Detaching after vfork from child process 2259025]
[Thread 0x7ed4f9eb60 (LWP 2259022) exited]
[Detaching after vfork from child process 2259109]
[0m writeAudio #4: srcPts=0:15:21.936099772 anchor(video)=0:15:21.822555109 filePts=0:00:00.092879819
[1;37m[DVR][0m [36mDEBUG[0m Subtitle Anchor set: srcPts=0:15:23.490155101
[1;37m[DVR][0m [37mINFO[0m [TIMING] video/audio/subtitle flush (1643 frames): 59ms
[1;37m[DVR][0m [37mINFO[0m [TIMING] startEventRecording total: 80ms
[1;37m[IO][0m [93mWARN[0m No suitable input devices found
[1;37m[IO][0m [93mWARN[0m No suitable input devices found
[1;37m[DVR][0m [37mINFO[0m Checking Storage
[1;37m[IO][0m [93mWARN[0m No suitable input devices found
[1;37m[IO][0m [93mWARN[0m No suitable input devices found
[1;37m[IO][0m [93mWARN[0m No suitable input devices found
[1;37m[IO][0m [93mWARN[0m No suitable input devices found
[1;37m[IO][0m [93mWARN[0m No suitable input devices found
[1;37m[IO][0m [93mWARN[0m No suitable input devices found
[1;37m[IO][0m [93mWARN[0m No suitable input devices found
[1;37m[IO][0m [93mWARN[0m No suitable input devices found
[1;37m[IO][0m [93mWARN[0m No suitable input devices found
[1;37m[IO][0m [93mWARN[0m No suitable input devices found
[1;37m[DVR][0m [37mINFO[0m Checking Storage
[1;37m[IO][0m [93mWARN[0m No suitable input devices found
[1;37m[IO][0m [93mWARN[0m No suitable input devices found
[1;37m[IO][0m [93mWARN[0m No suitable input devices found
[1;37m[IO][0m [93mWARN[0m No suitable input devices found
[1;37m[IO][0m [93mWARN[0m No suitable input devices found
[1;37m[IO][0m [93mWARN[0m No suitable input devices found
[1;37m[IO][0m [93mWARN[0m No suitable input devices found
[1;37m[IO][0m [93mWARN[0m No suitable input devices found
[1;37m[DVR][0m [37mINFO[0m [95mStopping [EVENT]: /mnt/udisk/VideoFiles/Event/PUA/E_260606_090749_CH4_FR30_A.mp4[0m

[1;37m[DVR][0m [1;36m=== Recording Statistics ===[0m
[1;37m[DVR][0m [37mINFO[0m Mode: EVENT | Path: [48;5;58m/mnt/udisk/VideoFiles/Event/PUA/E_260606_090749_CH4_FR30_A.mp4[0m
[1;37m[DVR][0m [37mINFO[0m Resolution: 1920x1080 | Expected: 10s+20s @ 30fps = 300+600 = 900 frames/channel | Actual Duration: 20.1s
[1;36mChannel Statistics[0m
=============================================================================
Channel      FPS          Received     Processed    Dropped      Success     
-----------------------------------------------------------------------------
Ch0          30           890          890          0            100.0%      
Ch1          30           889          889          0            100.0%      
Ch2          30           889          889          0            100.0%      
Ch3          30           888          888          0            100.0%      
SUB          30           29           29           0            100.0%      
AUDIO        -            1293         1293         0            100.0%      
TOTAL        -            3585         3585         0            100.0%      

[1;37m[DVR][0m [37mINFO[0m stop() [EVENT] audio EOS sent (+100ms)
[1;37m[DVR][0m [37mINFO[0m stop() [EVENT] audio flush wait done (+150ms)
[1;37m[DVR][0m [37mINFO[0m stop() [EVENT] video EOS sent: yes (+150ms)
[1;37m[DVR][0m [37mINFO[0m stop() [EVENT] EOS received: type=EOS (+176ms)
[1;37m[DVR][0m [37mINFO[0m stop() NULL complete at 0ms (+178ms)
[1;37m[DVR][0m [37mINFO[0m stop() [EVENT] NULL complete (+178ms)
[1;37m[DVR][0m [37mINFO[0m [95mRecording stopped [EVENT] (total: 179ms)[0m
[1;37m[DVR][0m [1;32mOK[0m [95mEvent recording stopped[0m
[1;37m[IO][0m [93mWARN[0m No suitable input devices found
[1;37m[IO][0m [93mWARN[0m No suitable input devices found
[1;37m[IO][0m [93mWARN[0m No suitable input devices found
[1;37m[DVR][0m [37mINFO[0m Checking Storage
[1;37m[IO][0m [93mWARN[0m No suitable input devices found
[1;37m[IO][0m [93mWARN[0m No suitable input devices found
[1;37m[IO][0m [93mWARN[0m No suitable input devices found
[1;37m[IO][0m [93mWARN[0m No suitable input devices found
[1;37m[IO][0m [93mWARN[0m No suitable input devices found
[1;37m[IO][0m [93mWARN[0m No suitab[Detaching after vfork from child process 2259110]
[New Thread 0x7ed4f9eb60 (LWP 2259146)]
[New Thread 0x7ed57aeb60 (LWP 2259147)]
[New Thread 0x7ef5fbeb60 (LWP 2259148)]
[New Thread 0x7ef67ceb60 (LWP 2259149)]
[New Thread 0x7ef6fdeb60 (LWP 2259150)]
[New Thread 0x7ef57aeb60 (LWP 2259151)]
[New Thread 0x7ef4f9eb60 (LWP 2259152)]
[New Thread 0x7ed7ffeb60 (LWP 2259153)]
[New Thread 0x7ed77eeb60 (LWP 2259154)]
[New Thread 0x7ed6fdeb60 (LWP 2259155)]
[New Thread 0x7ed67ceb60 (LWP 2259156)]
[New Thread 0x7ed5fbeb60 (LWP 2259157)]
[New Thread 0x7ec77eeb60 (LWP 2259158)]

(SafeView_R2.1.0H9:2249683): GStreamer-WARNING **: 09:08:21.140: gst_mini_object_remove_parent: couldn't find parent 0x7f6c00c0f0 (object:0x7f7c00c540)

(SafeView_R2.1.0H9:2249683): GStreamer-WARNING **: 09:08:21.174: free_priv_data: object finalizing but still has 1 parents (object:0x7f6c00c0f0)
[New Thread 0x7ec6fdeb60 (LWP 2259208)]
[Detaching after vfork from child process 2259209]
[Detaching after vfork from child process 2259211]
[Thread 0x7ec6fdeb60 (LWP 2259208) exited]
[Detaching after vfork from child process 2259332]
[Detaching after vfork from child process 2259334]
[New Thread 0x7ec6fdeb60 (LWP 2259384)]
[Detaching after vfork from child process 2259385]
[Detaching after vfork from child process 2259387]
[Thread 0x7ec6fdeb60 (LWP 2259384) exited]
le input devices found
[1;37m[IO][0m [93mWARN[0m No suitable input devices found
[1;37m[IO][0m [93mWARN[0m No suitable input devices found
[1;37m[IO][0m [93mWARN[0m No suitable input devices found
[1;37m[DVR][0m [37mINFO[0m Dr.Safe PUA Activated

[1;37m[GST][0m [1;36m=== FileWriter Pipeline ===[0m
[32mmp4mux name=mux fragment-duration=1000 ! filesink name=fsink location=/mnt/udisk/VideoFiles/Event/PUA/E_260606_090820_CH4_FR30_A.mp4 
appsrc name=dvr_source0 is-live=true do-timestamp=false format=time ! queue max-size-buffers=120 max-size-time=0 max-size-bytes=0 ! mux.video_0 
appsrc name=dvr_source1 is-live=true do-timestamp=false format=time ! queue max-size-buffers=120 max-size-time=0 max-size-bytes=0 ! mux.video_1 
appsrc name=dvr_source2 is-live=true do-timestamp=false format=time ! queue max-size-buffers=120 max-size-time=0 max-size-bytes=0 ! mux.video_2 
appsrc name=dvr_source3 is-live=true do-timestamp=false format=time ! queue max-size-buffers=120 max-size-time=0 max-size-bytes=0 ! mux.video_3 
appsrc name=dvr_source2000 is-live=true do-timestamp=false format=time caps="text/x-raw,format=utf8" ! queue max-size-buffers=120 max-size-time=0 max-size-bytes=0 ! mux.subtitle_0 
appsrc name=dvr_audio_src is-live=true do-timestamp=false format=time caps=audio/mpeg,mpegversion=4,stream-format=adts ! queue max-size-buffers=200 max-size-time=0 max-size-bytes=0 flush-on-eos=true ! mux.audio_0 
[0m
[1;37m[DVR][0m [37mINFO[0m [TIMING][EVENT] gst_parse_launch: 1ms
[1;37m[DVR][0m [37mINFO[0m [TIMING] initialize: 1ms
[1;37m[DVR][0m [37mINFO[0m [TIMING][EVENT] parser wait: 0ms (ready=yes)
[1;37m[DVR][0m [37mINFO[0m [95mRecording started [EVENT]: /mnt/udisk/VideoFiles/Event/PUA/E_260606_090820_CH4_FR30_A.mp4[0m
[1;37m[DVR][0m [37mINFO[0m [95m  Duration: 10+20s | Channels: Ch0:30fps, Ch1:30fps, Ch2:30fps, Ch3:30fps | Audio: yes[0m
[1;37m[DVR][0m [37mINFO[0m [TIMING] start: 24ms
[1;37m[DVR][0m [36mDEBUG[0m Anchor set: ch2 srcPts=0:15:52.788719176
[1;37m[DVR][0m [36mDEBUG[0m Audio Anchor set: srcPts=0:15:52.795419500
[1;37m[DVR][0m [36mDEBUG[0m writeAudio #0: srcPts=0:15:52.795419500 anchor(video)=0:15:52.788719176 filePts=0:00:00.000000000
[1;37m[DVR][0m [36mDEBUG[0m writeAudio #1: srcPts=0:15:52.818639454 anchor(video)=0:15:52.788719176 filePts=0:00:00.023219954
[1;37m[DVR][0m [36mDEBUG[0m writeAudio #2: srcPts=0:15:52.841859409 anchor(video)=0:15:52.788719176 filePts=0:00:00.046439909
[1;37m[DVR][0m [36mDEBUG[0m writeAudio #3: srcPts=0:15:52.865079364 anchor(video)=0:15:52.788719176 filePts=0:00:00.069659864
[1;37m[DVR][0m [36mDEBUG[0m writeAudio #4: srcPts=0:15:52.888299318 anchor(video)=0:15:52.788719176 filePts=0:00:00.092879818
[1;37m[DVR][0m [36mDEBUG[0m Subtitle Anchor set: srcPts=0:15:54.322787806
[1;37m[DVR][0m [37mINFO[0m [TIMING] video/audio/subtitle flush (1648 frames): 36ms
[1;37m[DVR][0m [37mINFO[0m [TIMING] startEventRecording total: 62ms
[1;37m[IO][0m [93mWARN[0m No suitable input devices found
[1;37m[DVR][0m [37mINFO[0m Checking Storage
[1;37m[IO][0m [93mWARN[0m No suitable input devices found
[1;37m[IO][0m [93mWARN[0m No suitable input devices found
[1;37m[IO][0m [93mWARN[0m No suitable input devices found
[1;37m[IO][0m [93mWARN[0m No suitable input devices found
[1;37m[IO][0m [93mWARN[0m No suitable input devices found
[1;37m[IO][0m [93mWARN[0m No suitable input devices found
[1;37m[IO][0m [93mWARN[0m No suitable input devices found
[1;37m[IO][0m [93mWARN[0m No suitable input devices found
[1;37m[IO][0m [93mWARN[0m No suitable input devices found
[1;37m[IO][0m [93mWARN[0m No suitable input devices found
[1;37m[DVR][0m [37mINFO[0m Checking Storage
[1;37m[IO][0m [93mWARN[0m No suitable input devices found
[1;37m[IO][0m [93mWARN[0m No suitable input devices found
[1;37m[IO][0m [93mWARN[0m No suitable input devices found
[1;37m[DVR][0m [37mINFO[0m File rotation needed
[1;37m[DVR][0m [37mINFO[0m Rotating recording files
[1;37m[DVR][0m [37mINFO[0m Stopping [NORMAL]: /mnt/udisk/VideoFiles/Normal/N_260606_090733_#0_CH4_FR30_A.mp4

[1;37m[DVR][0m [1;36m=== Recording Statistics ===[0m
[1;37m[DVR][0m [37mINFO[0m Mode: NORMAL | Path: [48;5;58m/mnt/udisk/VideoFiles/Normal/N_260606_090733_#0_CH4_FR30_A.mp4[0m
[1;37m[DVR][0m [37mINFO[0m Resolution: 1920x1080 | Expected: 60s @ 30fps = 1800 frames/channel | Actual Duration: 60.8s
[1;36mChannel Statistics[0m
=============================================================================
Channel      FPS          Received     Processed    Dropped      Success     
-----------------------------------------------------------------------------
Ch0          30           1794         1794         0            100.0%      
Ch1          30           1796         1796         0            100.0%      
Ch2          30           1794         1794         0            100.0%      
Ch3          30           1794         1794         0            100.0%      
SUB          30           60           60           0            100.0%      
AUDIO        -            2615         2615         0            100.0%      
TOTAL        -            7238         7238         0            100.0%      

[1;37m[DVR][0m [37mINFO[0m stop() [NORMAL] audio EOS sent (+100ms)
[1;37m[DVR][0m [37mINFO[0m stop() [NORMAL] audio flush wait done (+151ms)
[1;37m[DVR][0m [37mINFO[0m stop() [NORMAL] video EOS sent: yes (+151ms)
[1;37m[DVR][0m [37mINFO[0m stop() [NORMAL] EOS received: type=EOS (+179ms)
[1;37m[DVR][0m [37mINFO[0m stop() NULL complete at 0ms (+184ms)
[1;37m[DVR][0m [37mINFO[0m stop() [NORMAL] NULL complete (+184ms)
[1;37m[DVR][0m [37mINFO[0m Recording stopped [NORMAL] (total: 184ms)
[1;37m[DVR][0m [37mINFO[0m Split mode: 1 files (4 channels per file)
[1;37m[DVR][0m [37mINFO[0m Starting NORMAL recording

[1;37m[GST][0m [1;36m=== FileWriter Pipeline ===[0m
[32mmp4mux name=mux fragment-duration=1000 ! filesink name=fsink location=/mnt/udisk/VideoFiles/Normal/N_260606_090834_#0_CH4_FR30_A.mp4 
appsrc name=dvr_source0 is-live=true do-timestamp=false format=time ! queue max-size-buffers=120 max-size-time=0 max-size-bytes=0 ! mux.video_0 
appsrc name=dvr_source1 is-live=true do-timestamp=false format=time ! queue max-size-buffers=120 max-size-time=0 max-size-bytes=0 ! mux.video_1 
appsrc name=dvr_source2 is-live=true do-timestamp=false format=time ! queue max-size-buffers=120 max-size-time=0 max-size-bytes=0 ! mux.video_2 
appsrc name=dvr_source3 is-live=true do-timestamp=false format=time ! queue max-size-buffers=120 max-size-time=0 max-size-bytes=0 ! mux.video_3 
appsrc name=dvr_source1000 is-live=true do-timestamp=false format=time caps="text/x-raw,format=utf8" ! queue max-size-buffers=120 max-size-time=0 max-size-bytes=0 ! mux.subtitle_0 
appsrc name=dvr_audio_src is-live=true do-timestamp=false format=time caps=audio/mpeg,mpegversion=4,stream-format=adts ! queue max-size-buffers=200 max-size-time=0 max-size-bytes=0 flush-on-eos=true ! mux.audio_0 
[0m
[1;37m[DVR][0m [37mINFO[0m [TIMING][NORMAL] gst_parse_launch: 1ms
[1;37m[DVR][0m [37mINFO[0m [TIMING][NORMAL] parser wait: 0ms (ready=yes)
[1;37m[DVR][0m [37mINFO[0m Recording started [NORMAL]: /mnt/udisk/VideoFiles/Normal/N_260606_090834_#0_CH4_FR30_A.mp4
[1;37m[DVR][0m [37mINFO[0m   Duration: 60s | Channels: Ch0:30fps, Ch1:30fps, Ch2:30fps, Ch3:30fps | Audio: yes
[1;37m[DVR][0m [36mDEBUG[0m Audio Anchor set: srcPts=0:16:15.643854874
[1;37m[DVR][0m [36mDEBUG[0m writeAudio #0: srcPts=0:16:15.643854874 anchor(audio)=0:16:15.643854874 filePts=0:00:00.000000000
[1;37m[DVR][0m [36mDEBUG[0m writeAudio #1: srcPts=0:16:15.667074829 anchor(audio)=0:16:15.643854874 filePts=0:00:00.023219955
[1;37m[DVR][0m [36mDEBUG[0m writeAudio #2: srcPts=0:16:15.690294783 anchor(audio)=0:16:15.643854874 filePts=0:00:00.046439909
[1;37m[DVR][0m [36mDEBUG[0m writeAudio #3: srcPts=0:16:15.713514738 anchor(audio)=0:16:15.643854874 filePts=0:00:00.069659864
[1;37m[DVR][0m [36mDEBUG[0m writeAudio #4: srcPts=0:16:15.736734693 anchor(audio)=0:16:15.64385487[Detaching after vfork from child process 2259510]
[Detaching after vfork from child process 2259511]
[Thread 0x7ed4f9eb60 (LWP 2259146) exited]
[Thread 0x7ed57aeb60 (LWP 2259147) exited]
[Thread 0x7ec7ffeb60 (LWP 2258618) exited]
[Thread 0x7ef5fbeb60 (LWP 2259148) exited]
[Thread 0x7ef57aeb60 (LWP 2259151) exited]
[Thread 0x7ef4f9eb60 (LWP 2259152) exited]
[Thread 0x7ed7ffeb60 (LWP 2259153) exited]
[Thread 0x7ed77eeb60 (LWP 2259154) exited]
[Thread 0x7ed6fdeb60 (LWP 2259155) exited]
[Thread 0x7ef6fdeb60 (LWP 2259150) exited]
[Thread 0x7ef67ceb60 (LWP 2259149) exited]
[Thread 0x7ed67ceb60 (LWP 2259156) exited]
[Thread 0x7ed5fbeb60 (LWP 2259157) exited]
[New Thread 0x7ed5fbeb60 (LWP 2259566)]
[Detaching after vfork from child process 2259567]
[Detaching after vfork from child process 2259569]
[Thread 0x7ed5fbeb60 (LWP 2259566) exited]
[Thread 0x7ec77eeb60 (LWP 2259158) exited]
[Detaching after vfork from child process 2259695]
[Detaching after vfork from child process 2259696]
[New Thread 0x7ec77eeb60 (LWP 2259747)]
[Detaching after vfork from child process 2259748]
[Detaching after vfork from child process 2259750]
[Thread 0x7ec77eeb60 (LWP 2259747) exited]
[Detaching after vfork from child process 2259875]
[Detaching after vfork from child process 2259876]
[New Thread 0x7ec77eeb60 (LWP 2259926)]
[Detaching after vfork from child process 2259927]
[Detaching after vfork from child process 2259929]
[Thread 0x7ec77eeb60 (LWP 2259926) exited]
4 filePts=0:00:00.092879819
[1;37m[DVR][0m [36mDEBUG[0m Anchor set: ch2 srcPts=0:16:15.688559824
[1;37m[DVR][0m [36mDEBUG[0m Subtitle Anchor set: srcPts=0:16:15.989461083
[1;37m[IO][0m [93mWARN[0m No suitable input devices found
[1;37m[IO][0m [93mWARN[0m No suitable input devices found
[1;37m[IO][0m [93mWARN[0m No suitable input devices found
[1;37m[IO][0m [93mWARN[0m No suitable input devices found
[1;37m[IO][0m [93mWARN[0m No suitable input devices found
[1;37m[IO][0m [93mWARN[0m No suitable input devices found
[1;37m[DVR][0m [37mINFO[0m [95mStopping [EVENT]: /mnt/udisk/VideoFiles/Event/PUA/E_260606_090820_CH4_FR30_A.mp4[0m

[1;37m[DVR][0m [1;36m=== Recording Statistics ===[0m
[1;37m[DVR][0m [37mINFO[0m Mode: EVENT | Path: [48;5;58m/mnt/udisk/VideoFiles/Event/PUA/E_260606_090820_CH4_FR30_A.mp4[0m
[1;37m[DVR][0m [37mINFO[0m Resolution: 1920x1080 | Expected: 10s+20s @ 30fps = 300+600 = 900 frames/channel | Actual Duration: 20.1s
[1;36mChannel Statistics[0m
=============================================================================
Channel      FPS          Received     Processed    Dropped      Success     
-----------------------------------------------------------------------------
Ch0          30           887          887          0            100.0%      
Ch1          30           890          890          0            100.0%      
Ch2          30           891          891          0            100.0%      
Ch3          30           888          888          0            100.0%      
SUB          30           29           29           0            100.0%      
AUDIO        -            1299         1299         0            100.0%      
TOTAL        -            3585         3585         0            100.0%      

[1;37m[DVR][0m [37mINFO[0m stop() [EVENT] audio EOS sent (+100ms)
[1;37m[DVR][0m [37mINFO[0m stop() [EVENT] audio flush wait done (+150ms)
[1;37m[DVR][0m [37mINFO[0m stop() [EVENT] video EOS sent: yes (+150ms)
[1;37m[DVR][0m [37mINFO[0m stop() [EVENT] EOS received: type=EOS (+172ms)
[1;37m[DVR][0m [37mINFO[0m stop() NULL complete at 0ms (+174ms)
[1;37m[DVR][0m [37mINFO[0m stop() [EVENT] NULL complete (+174ms)
[1;37m[IO][0m [93mWARN[0m No suitable input devices found
[1;37m[DVR][0m [37mINFO[0m [95mRecording stopped [EVENT] (total: 175ms)[0m
[1;37m[DVR][0m [1;32mOK[0m [95mEvent recording stopped[0m
[1;37m[IO][0m [93mWARN[0m No suitable input devices found
[1;37m[DVR][0m [37mINFO[0m Checking Storage
[1;37m[IO][0m [93mWARN[0m No suitable input devices found
[1;37m[IO][0m [93mWARN[0m No suitable input devices found
[1;37m[IO][0m [93mWARN[0m No suitable input devices found
[1;37m[IO][0m [93mWARN[0m No suitable input devices found
[1;37m[IO][0m [93mWARN[0m No suitable input devices found
[1;37m[IO][0m [93mWARN[0m No suitable input devices found
[1;37m[IO][0m [93mWARN[0m No suitable input devices found
[1;37m[IO][0m [93mWARN[0m No suitable input devices found
[1;37m[IO][0m [93mWARN[0m No suitable input devices found
[1;37m[IO][0m [93mWARN[0m No suitable input devices found
[1;37m[DVR][0m [37mINFO[0m Checking Storage
[1;37m[IO][0m [93mWARN[0m No suitable input devices found
[1;37m[IO][0m [93mWARN[0m No suitable input devices found
[1;37m[IO][0m [93mWARN[0m No suitable input devices found
[1;37m[IO][0m [93mWARN[0m No suitable input devices found
[1;37m[IO][0m [93mWARN[0m No suitable input devices found
[1;37m[IO][0m [93mWARN[0m No suitable input devices found
[1;37m[IO][0m [93mWARN[0m No suitable input devices found
[1;37m[IO][0m [93mWARN[0m No suitable input devices found
[1;37m[IO][0m [93mWARN[0m No suitable input devices found
[1;37m[IO][0m [93mWARN[0m No suitable input devices found
[1;37m[IO][0m [93mWARN[0m No suitable input devices found
[1;37m[DVR][0m [37mINFO[0m Checking Storage
[1;37m[IO][0m [93mWARN[0m No suitable input devices found
[1;37m[IO][0m [93mWARN[0m No suitable input devices found
[1;37m[IO][0[Detaching after vfork from child process 2260103]
[Detaching after vfork from child process 2260104]
[New Thread 0x7ec77eeb60 (LWP 2260105)]
[Detaching after vfork from child process 2260106]
[Detaching after vfork from child process 2260108]
[Thread 0x7ec77eeb60 (LWP 2260105) exited]
[New Thread 0x7ec77eeb60 (LWP 2260196)]
[New Thread 0x7ed5fbeb60 (LWP 2260197)]
[New Thread 0x7ed67ceb60 (LWP 2260198)]
[New Thread 0x7ed6fdeb60 (LWP 2260199)]
[New Thread 0x7ef6fdeb60 (LWP 2260200)]
[New Thread 0x7ef67ceb60 (LWP 2260201)]
[New Thread 0x7ef5fbeb60 (LWP 2260202)]
[New Thread 0x7ef57aeb60 (LWP 2260203)]
[New Thread 0x7ef4f9eb60 (LWP 2260204)]
[New Thread 0x7ed7ffeb60 (LWP 2260205)]
[New Thread 0x7ed77eeb60 (LWP 2260206)]
[New Thread 0x7ed57aeb60 (LWP 2260207)]
[New Thread 0x7ed4f9eb60 (LWP 2260208)]
[New Thread 0x7ec7ffeb60 (LWP 2260209)]
[New Thread 0x7ec6fdeb60 (LWP 2260289)]
[Detaching after vfork from child process 2260291]
[Detaching after vfork from child process 2260301]
[Thread 0x7ec6fdeb60 (LWP 2260289) exited]
[Detaching after vfork from child process 2260303]
[Detaching after vfork from child process 2260304]
m [93mWARN[0m No suitable input devices found
[1;37m[IO][0m [93mWARN[0m No suitable input devices found
[1;37m[IO][0m [93mWARN[0m No suitable input devices found
[1;37m[IO][0m [93mWARN[0m No suitable input devices found
[1;37m[IO][0m [93mWARN[0m No suitable input devices found
[1;37m[IO][0m [93mWARN[0m No suitable input devices found
[1;37m[IO][0m [93mWARN[0m No suitable input devices found
[1;37m[IO][0m [93mWARN[0m No suitable input devices found
[1;37m[DVR][0m [37mINFO[0m Checking Storage
[1;37m[IO][0m [93mWARN[0m No suitable input devices found
[1;37m[IO][0m [93mWARN[0m No suitable input devices found
[1;37m[IO][0m [93mWARN[0m No suitable input devices found
[1;37m[IO][0m [93mWARN[0m No suitable input devices found
[1;37m[IO][0m [93mWARN[0m No suitable input devices found
[1;37m[IO][0m [93mWARN[0m No suitable input devices found
[1;37m[IO][0m [93mWARN[0m No suitable input devices found
[1;37m[DVR][0m [37mINFO[0m Dr.Safe PUA Activated

[1;37m[GST][0m [1;36m=== FileWriter Pipeline ===[0m
[32mmp4mux name=mux fragment-duration=1000 ! filesink name=fsink location=/mnt/udisk/VideoFiles/Event/PUA/E_260606_090918_CH4_FR30_A.mp4 
appsrc name=dvr_source0 is-live=true do-timestamp=false format=time ! queue max-size-buffers=120 max-size-time=0 max-size-bytes=0 ! mux.video_0 
appsrc name=dvr_source1 is-live=true do-timestamp=false format=time ! queue max-size-buffers=120 max-size-time=0 max-size-bytes=0 ! mux.video_1 
appsrc name=dvr_source2 is-live=true do-timestamp=false format=time ! queue max-size-buffers=120 max-size-time=0 max-size-bytes=0 ! mux.video_2 
appsrc name=dvr_source3 is-live=true do-timestamp=false format=time ! queue max-size-buffers=120 max-size-time=0 max-size-bytes=0 ! mux.video_3 
appsrc name=dvr_source2000 is-live=true do-timestamp=false format=time caps="text/x-raw,format=utf8" ! queue max-size-buffers=120 max-size-time=0 max-size-bytes=0 ! mux.subtitle_0 
appsrc name=dvr_audio_src is-live=true do-timestamp=false format=time caps=audio/mpeg,mpegversion=4,stream-format=adts ! queue max-size-buffers=200 max-size-time=0 max-size-bytes=0 flush-on-eos=true ! mux.audio_0 
[0m
[1;37m[DVR][0m [37mINFO[0m [TIMING][EVENT] gst_parse_launch: 1ms
[1;37m[DVR][0m [37mINFO[0m [TIMING] initialize: 1ms
[1;37m[DVR][0m [37mINFO[0m [TIMING][EVENT] parser wait: 0ms (ready=yes)
[1;37m[DVR][0m [37mINFO[0m [95mRecording started [EVENT]: /mnt/udisk/VideoFiles/Event/PUA/E_260606_090918_CH4_FR30_A.mp4[0m
[1;37m[DVR][0m [37mINFO[0m [95m  Duration: 10+20s | Channels: Ch0:30fps, Ch1:30fps, Ch2:30fps, Ch3:30fps | Audio: yes[0m
[1;37m[DVR][0m [37mINFO[0m [TIMING] start: 26ms
[1;37m[DVR][0m [36mDEBUG[0m Anchor set: ch3 srcPts=0:16:50.932626984
[1;37m[DVR][0m [36mDEBUG[0m Audio Anchor set: srcPts=0:16:50.938185940
[1;37m[DVR][0m [36mDEBUG[0m writeAudio #0: srcPts=0:16:50.938185940 anchor(video)=0:16:50.932626984 filePts=0:00:00.000000000
[1;37m[DVR][0m [36mDEBUG[0m writeAudio #1: srcPts=0:16:50.961405894 anchor(video)=0:16:50.932626984 filePts=0:00:00.023219954
[1;37m[DVR][0m [36mDEBUG[0m writeAudio #2: srcPts=0:16:50.984625849 anchor(video)=0:16:50.932626984 filePts=0:00:00.046439909
[1;37m[DVR][0m [36mDEBUG[0m writeAudio #3: srcPts=0:16:51.007845804 anchor(video)=0:16:50.932626984 filePts=0:00:00.069659864
[1;37m[DVR][0m [36mDEBUG[0m writeAudio #4: srcPts=0:16:51.031065758 anchor(video)=0:16:50.932626984 filePts=0:00:00.092879818
[1;37m[DVR][0m [36mDEBUG[0m Subtitle Anchor set: srcPts=0:16:52.122104651
[1;37m[DVR][0m [37mINFO[0m [TIMING] video/audio/subtitle flush (1646 frames): 37ms
[1;37m[DVR][0m [37mINFO[0m [TIMING] startEventRecording total: 65ms
[1;37m[IO][0m [93mWARN[0m No suitable input devices found
[1;37m[IO][0m [93mWARN[0m No suitable input devices found
[1;37m[IO][0m [93mWARN[0m No suitable input devices found
[1;37m[IO][0m [93mWARN[0m No suitable input devices found
[1;37m[DVR][0m [37mINFO[0m Checking Storage
[1;37m[IO][0m [93mWARN[0m No suitable input devices found
[New Thread 0x7ec6fdeb60 (LWP 2260430)]
[Detaching after vfork from child process 2260431]
[Detaching after vfork from child process 2260433]
[Thread 0x7ec6fdeb60 (LWP 2260430) exited]
[Thread 0x7ec7ffeb60 (LWP 2260209) exited]
[Detaching after vfork from child process 2260523]
[Detaching after vfork from child process 2260524]
[1;37m[IO][0m [93mWARN[0m No suitable input devices found
[1;37m[IO][0m [93mWARN[0m No suitable input devices found
[1;37m[IO][0m [93mWARN[0m No suitable input devices found
[1;37m[IO][0m [93mWARN[0m No suitable input devices found
[1;37m[IO][0m [93mWARN[0m No suitable input devices found
[1;37m[IO][0m [93mWARN[0m No suitable input devices found
[1;37m[IO][0m [93mWARN[0m No suitable input devices found
[1;37m[IO][0m [93mWARN[0m No suitable input devices found
[1;37m[IO][0m [93mWARN[0m No suitable input devices found
[1;37m[DVR][0m [37mINFO[0m Checking Storage
[1;37m[IO][0m [93mWARN[0m No suitable input devices found
[1;37m[IO][0m [93mWARN[0m No suitable input devices found
[1;37m[DVR][0m [37mINFO[0m File rotation needed
[1;37m[DVR][0m [37mINFO[0m Rotating recording files
[1;37m[DVR][0m [37mINFO[0m Stopping [NORMAL]: /mnt/udisk/VideoFiles/Normal/N_260606_090834_#0_CH4_FR30_A.mp4

[1;37m[DVR][0m [1;36m=== Recording Statistics ===[0m
[1;37m[DVR][0m [37mINFO[0m Mode: NORMAL | Path: [48;5;58m/mnt/udisk/VideoFiles/Normal/N_260606_090834_#0_CH4_FR30_A.mp4[0m
[1;37m[DVR][0m [37mINFO[0m Resolution: 1920x1080 | Expected: 60s @ 30fps = 1800 frames/channel | Actual Duration: 60.8s
[1;36mChannel Statistics[0m
=============================================================================
Channel      FPS          Received     Processed    Dropped      Success     
-----------------------------------------------------------------------------
Ch0          30           1796         1796         0            100.0%      
Ch1          30           1794         1794         0            100.0%      
Ch2          30           1797         1797         0            100.0%      
Ch3          30           1796         1796         0            100.0%      
SUB          30           60           60           0            100.0%      
AUDIO        -            2615         2615         0            100.0%      
TOTAL        -            7243         7243         0            100.0%      

[1;37m[DVR][0m [37mINFO[0m stop() [NORMAL] audio EOS sent (+101ms)
[1;37m[DVR][0m [37mINFO[0m stop() [NORMAL] audio flush wait done (+151ms)
[1;37m[DVR][0m [37mINFO[0m stop() [NORMAL] video EOS sent: yes (+152ms)
[1;37m[IO][0m [93mWARN[0m No suitable input devices found
[1;37m[DVR][0m [37mINFO[0m stop() [NORMAL] EOS received: type=EOS (+176ms)
[1;37m[DVR][0m [37mINFO[0m stop() NULL complete at 0ms (+178ms)
[1;37m[DVR][0m [37mINFO[0m stop() [NORMAL] NULL complete (+178ms)
[1;37m[DVR][0m [37mINFO[0m Recording stopped [NORMAL] (total: 179ms)
[1;37m[DVR][0m [37mINFO[0m Split mode: 1 files (4 channels per file)
[1;37m[DVR][0m [37mINFO[0m Starting NORMAL recording

[1;37m[GST][0m [1;36m=== FileWriter Pipeline ===[0m
[32mmp4mux name=mux fragment-duration=1000 ! filesink name=fsink location=/mnt/udisk/VideoFiles/Normal/N_260606_090935_#0_CH4_FR30_A.mp4 
appsrc name=dvr_source0 is-live=true do-timestamp=false format=time ! queue max-size-buffers=120 max-size-time=0 max-size-bytes=0 ! mux.video_0 
appsrc name=dvr_source1 is-live=true do-timestamp=false format=time ! queue max-size-buffers=120 max-size-time=0 max-size-bytes=0 ! mux.video_1 
appsrc name=dvr_source2 is-live=true do-timestamp=false format=time ! queue max-size-buffers=120 max-size-time=0 max-size-bytes=0 ! mux.video_2 
appsrc name=dvr_source3 is-live=true do-timestamp=false format=time ! queue max-size-buffers=120 max-size-time=0 max-size-bytes=0 ! mux.video_3 
appsrc name=dvr_source1000 is-live=true do-timestamp=false format=time caps="text/x-raw,format=utf8" ! queue max-size-buffers=120 max-size-time=0 max-size-bytes=0 ! mux.subtitle_0 
appsrc name=dvr_audio_src is-live=true do-timestamp=false format=time caps=audio/mpeg,mpegversion=4,stream-format=adts ! queue max-size-buffers=200 max-size-time=0 max-size-bytes=0 flush-on-eos=true ! mux.audio_0 
[0m
[1;37m[DVR][0m [37mINFO[0m [TIMING][NORMAL] gst_parse_launch: 1ms
[1;37m[DVR][0m [37mINFO[0m [TIMING][NORMAL] parser wait: 0ms (read[New Thread 0x7ec7ffeb60 (LWP 2260525)]
[Thread 0x7ed67ceb60 (LWP 2260198) exited]
[Thread 0x7ed6fdeb60 (LWP 2260199) exited]
[Thread 0x7ed5fbeb60 (LWP 2260197) exited]
[Thread 0x7ef6fdeb60 (LWP 2260200) exited]
[Thread 0x7ec77eeb60 (LWP 2260196) exited]
[Thread 0x7ef57aeb60 (LWP 2260203) exited]
[Thread 0x7ed77eeb60 (LWP 2260206) exited]
[Thread 0x7ed7ffeb60 (LWP 2260205) exited]
[Thread 0x7ef4f9eb60 (LWP 2260204) exited]
[Thread 0x7ed57aeb60 (LWP 2260207) exited]
[Thread 0x7ef5fbeb60 (LWP 2260202) exited]
[Thread 0x7ef67ceb60 (LWP 2260201) exited]
[Thread 0x7ed4f9eb60 (LWP 2260208) exited]
[New Thread 0x7ed4f9eb60 (LWP 2260622)]
[Detaching after vfork from child process 2260623]
[Detaching after vfork from child process 2260625]
[Thread 0x7ed4f9eb60 (LWP 2260622) exited]
[Detaching after vfork from child process 2260717]
[Detaching after vfork from child process 2260718]
[Thread 0x7ec7ffeb60 (LWP 2260525) exited]
y=yes)
[1;37m[DVR][0m [37mINFO[0m Recording started [NORMAL]: /mnt/udisk/VideoFiles/Normal/N_260606_090935_#0_CH4_FR30_A.mp4
[1;37m[DVR][0m [37mINFO[0m   Duration: 60s | Channels: Ch0:30fps, Ch1:30fps, Ch2:30fps, Ch3:30fps | Audio: yes
[1;37m[DVR][0m [36mDEBUG[0m Audio Anchor set: srcPts=0:17:16.573015872
[1;37m[DVR][0m [36mDEBUG[0m writeAudio #0: srcPts=0:17:16.573015872 anchor(audio)=0:17:16.573015872 filePts=0:00:00.000000000
[1;37m[DVR][0m [36mDEBUG[0m writeAudio #1: srcPts=0:17:16.596235826 anchor(audio)=0:17:16.573015872 filePts=0:00:00.023219954
[1;37m[DVR][0m [36mDEBUG[0m writeAudio #2: srcPts=0:17:16.619455781 anchor(audio)=0:17:16.573015872 filePts=0:00:00.046439909
[1;37m[DVR][0m [36mDEBUG[0m writeAudio #3: srcPts=0:17:16.642675736 anchor(audio)=0:17:16.573015872 filePts=0:00:00.069659864
[1;37m[DVR][0m [36mDEBUG[0m writeAudio #4: srcPts=0:17:16.665895690 anchor(audio)=0:17:16.573015872 filePts=0:00:00.092879818
[1;37m[DVR][0m [36mDEBUG[0m Anchor set: ch1 srcPts=0:17:16.621087701
[1;37m[DVR][0m [36mDEBUG[0m Subtitle Anchor set: srcPts=0:17:16.755293191
[1;37m[IO][0m [93mWARN[0m No suitable input devices found
[1;37m[IO][0m [93mWARN[0m No suitable input devices found
[1;37m[IO][0m [93mWARN[0m No suitable input devices found
[1;37m[DVR][0m [37mINFO[0m [95mStopping [EVENT]: /mnt/udisk/VideoFiles/Event/PUA/E_260606_090918_CH4_FR30_A.mp4[0m

[1;37m[DVR][0m [1;36m=== Recording Statistics ===[0m
[1;37m[DVR][0m [37mINFO[0m Mode: EVENT | Path: [48;5;58m/mnt/udisk/VideoFiles/Event/PUA/E_260606_090918_CH4_FR30_A.mp4[0m
[1;37m[DVR][0m [37mINFO[0m Resolution: 1920x1080 | Expected: 10s+20s @ 30fps = 300+600 = 900 frames/channel | Actual Duration: 20.1s
[1;36mChannel Statistics[0m
=============================================================================
Channel      FPS          Received     Processed    Dropped      Success     
-----------------------------------------------------------------------------
Ch0          30           886          886          0            100.0%      
Ch1          30           885          885          0            100.0%      
Ch2          30           887          887          0            100.0%      
Ch3          30           887          887          0            100.0%      
SUB          30           29           29           0            100.0%      
AUDIO        -            1296         1296         0            100.0%      
TOTAL        -            3574         3574         0            100.0%      

[1;37m[DVR][0m [37mINFO[0m stop() [EVENT] audio EOS sent (+100ms)
[1;37m[DVR][0m [37mINFO[0m stop() [EVENT] audio flush wait done (+150ms)
[1;37m[DVR][0m [37mINFO[0m stop() [EVENT] video EOS sent: yes (+150ms)
[1;37m[DVR][0m [37mINFO[0m stop() [EVENT] EOS received: type=EOS (+171ms)
[1;37m[DVR][0m [37mINFO[0m stop() NULL complete at 0ms (+173ms)
[1;37m[DVR][0m [37mINFO[0m stop() [EVENT] NULL complete (+173ms)
[1;37m[DVR][0m [37mINFO[0m [95mRecording stopped [EVENT] (total: 174ms)[0m
[1;37m[DVR][0m [1;32mOK[0m [95mEvent recording stopped[0m
[1;37m[IO][0m [93mWARN[0m No suitable input devices found
[1;37m[IO][0m [93mWARN[0m No suitable input devices found
[1;37m[IO][0m [93mWARN[0m No suitable input devices found
[1;37m[IO][0m [93mWARN[0m No suitable input devices found
[1;37m[IO][0m [93mWARN[0m No suitable input devices found
[1;37m[DVR][0m [37mINFO[0m Checking Storage
[1;37m[IO][0m [93mWARN[0m No suitable input devices found
[1;37m[IO][0m [93mWARN[0m No suitable input devices found
[1;37m[IO][0m [93mWARN[0m No suitable input devices found
[1;37m[IO][0m [93mWARN[0m No suitable input devices found
[1;37m[IO][0m [93mWARN[0m No suitable input devices found
[1;37m[IO][0m [93mWARN[0m No suitable input devices found
[1;37m[IO][0m [93mWARN[0m No suitable input devices found
[1;37m[IO][0m [93mWARN[0m No suitable input devices found
[1;37m[IO][0m [93mWARN[0m No suitable input devices found
[1;37m[IO][0m [93mWARN[0m No suit[New Thread 0x7ec7ffeb60 (LWP 2260809)]
[Detaching after vfork from child process 2260810]
[Detaching after vfork from child process 2260812]
[Thread 0x7ec7ffeb60 (LWP 2260809) exited]
[Detaching after vfork from child process 2260904]
[Detaching after vfork from child process 2260905]
[New Thread 0x7ec7ffeb60 (LWP 2260996)]
[Detaching after vfork from child process 2260997]
[Detaching after vfork from child process 2260999]
[Thread 0x7ec7ffeb60 (LWP 2260996) exited]
[New Thread 0x7ec7ffeb60 (LWP 2261091)]
[New Thread 0x7ed4f9eb60 (LWP 2261092)]
[New Thread 0x7ed57aeb60 (LWP 2261094)]
[Detaching after vfork from child process 2261093]
[New Thread 0x7ed77eeb60 (LWP 2261095)]
[New Thread 0x7ef6fdeb60 (LWP 2261096)]
[New Thread 0x7ef67ceb60 (LWP 2261097)]
[New Thread 0x7ef5fbeb60 (LWP 2261098)]
[New Thread 0x7ef57aeb60 (LWP 2261099)]
[New Thread 0x7ef4f9eb60 (LWP 2261100)]
[New Thread 0x7ed7ffeb60 (LWP 2261101)]
[New Thread 0x7ed6fdeb60 (LWP 2261102)]
[New Thread 0x7ed67ceb60 (LWP 2261103)]
[New Thread 0x7ed5fbeb60 (LWP 2261104)]
[New Thread 0x7ec77eeb60 (LWP 2261105)]
[Detaching after vfork from child process 2261106]
able input devices found
[1;37m[DVR][0m [37mINFO[0m Checking Storage
[1;37m[IO][0m [93mWARN[0m No suitable input devices found
[1;37m[IO][0m [93mWARN[0m No suitable input devices found
[1;37m[IO][0m [93mWARN[0m No suitable input devices found
[1;37m[IO][0m [93mWARN[0m No suitable input devices found
[1;37m[IO][0m [93mWARN[0m No suitable input devices found
[1;37m[IO][0m [93mWARN[0m No suitable input devices found
[1;37m[IO][0m [93mWARN[0m No suitable input devices found
[1;37m[IO][0m [93mWARN[0m No suitable input devices found
[1;37m[IO][0m [93mWARN[0m No suitable input devices found
[1;37m[IO][0m [93mWARN[0m No suitable input devices found
[1;37m[IO][0m [93mWARN[0m No suitable input devices found
[1;37m[DVR][0m [37mINFO[0m Checking Storage
[1;37m[IO][0m [93mWARN[0m No suitable input devices found
[1;37m[IO][0m [93mWARN[0m No suitable input devices found
[1;37m[IO][0m [93mWARN[0m No suitable input devices found
[1;37m[IO][0m [93mWARN[0m No suitable input devices found
[1;37m[DVR][0m [37mINFO[0m Dr.Safe PUA Activated

[1;37m[GST][0m [1;36m=== FileWriter Pipeline ===[0m
[32mmp4mux name=mux fragment-duration=1000 ! filesink name=fsink location=/mnt/udisk/VideoFiles/Event/PUA/E_260606_091007_CH4_FR30_A.mp4 
appsrc name=dvr_source0 is-live=true do-timestamp=false format=time ! queue max-size-buffers=120 max-size-time=0 max-size-bytes=0 ! mux.video_0 
appsrc name=dvr_source1 is-live=true do-timestamp=false format=time ! queue max-size-buffers=120 max-size-time=0 max-size-bytes=0 ! mux.video_1 
appsrc name=dvr_source2 is-live=true do-timestamp=false format=time ! queue max-size-buffers=120 max-size-time=0 max-size-bytes=0 ! mux.video_2 
appsrc name=dvr_source3 is-live=true do-timestamp=false format=time ! queue max-size-buffers=120 max-size-time=0 max-size-bytes=0 ! mux.video_3 
appsrc name=dvr_source2000 is-live=true do-timestamp=false format=time caps="text/x-raw,format=utf8" ! queue max-size-buffers=120 max-size-time=0 max-size-bytes=0 ! mux.subtitle_0 
appsrc name=dvr_audio_src is-live=true do-timestamp=false format=time caps=audio/mpeg,mpegversion=4,stream-format=adts ! queue max-size-buffers=200 max-size-time=0 max-size-bytes=0 flush-on-eos=true ! mux.audio_0 
[0m
[1;37m[DVR][0m [37mINFO[0m [TIMING][EVENT] gst_parse_launch: 1ms
[1;37m[DVR][0m [37mINFO[0m [TIMING] initialize: 1ms
[1;37m[DVR][0m [37mINFO[0m [TIMING][EVENT] parser wait: 0ms (ready=yes)
[1;37m[DVR][0m [37mINFO[0m [95mRecording started [EVENT]: /mnt/udisk/VideoFiles/Event/PUA/E_260606_091007_CH4_FR30_A.mp4[0m
[1;37m[DVR][0m [37mINFO[0m [95m  Duration: 10+20s | Channels: Ch0:30fps, Ch1:30fps, Ch2:30fps, Ch3:30fps | Audio: yes[0m
[1;37m[DVR][0m [37mINFO[0m [TIMING] start: 73ms
[1;37m[DVR][0m [36mDEBUG[0m Anchor set: ch2 srcPts=0:17:40.120408031
[1;37m[DVR][0m [36mDEBUG[0m Audio Anchor set: srcPts=0:17:40.141269840
[1;37m[DVR][0m [36mDEBUG[0m writeAudio #0: srcPts=0:17:40.141269840 anchor(video)=0:17:40.120408031 filePts=0:00:00.000000000
[1;37m[DVR][0m [36mDEBUG[0m writeAudio #1: srcPts=0:17:40.164489795 anchor(video)=0:17:40.120408031 filePts=0:00:00.023219955
[1;37m[DVR][0m [36mDEBUG[0m writeAudio #2: srcPts=0:17:40.187709749 anchor(video)=0:17:40.120408031 filePts=0:00:00.046439909
[1;37m[DVR][0m [36mDEBUG[0m writeAudio #3: srcPts=0:17:40.210929704 anchor(video)=0:17:40.120408031 filePts=0:00:00.069659864
[1;37m[DVR][0m [36mDEBUG[0m writeAudio #4: srcPts=0:17:40.234149659 anchor(video)=0:17:40.120408031 filePts=0:00:00.092879819
[1;37m[DVR][0m [36mDEBUG[0m Subtitle Anchor set: srcPts=0:17:40.954984475
[1;37m[DVR][0m [37mINFO[0m [TIMING] video/audio/subtitle flush (1643 frames): 77ms
[1;37m[DVR][0m [37mINFO[0m [TIMING] startEventRecording total: 151ms
[1;37m[IO][0m [93mWARN[0m No suitable input devices found
[1;37m[IO][0m [93mWARN[0m No suitable input devices found
[1;37m[IO][0m [93mWARN[0m No suitable input devices found
[1;37m[IO][0m [93mWARN[0m No suitable input devices found
[1;37m[IO][0m [93mW[New Thread 0x7ec6fdeb60 (LWP 2261199)]
[Detaching after vfork from child process 2261200]
[Detaching after vfork from child process 2261202]
[Thread 0x7ec6fdeb60 (LWP 2261199) exited]
[Detaching after vfork from child process 2261296]
[Detaching after vfork from child process 2261297]
[Thread 0x7ec77eeb60 (LWP 2261105) exited]
[New Thread 0x7ec77eeb60 (LWP 2261390)]
[Detaching after vfork from child process 2261391]
[Detaching after vfork from child process 2261393]
[Thread 0x7ec77eeb60 (LWP 2261390) exited]
[Thread 0x7ed77eeb60 (LWP 2261095) exited]
[Thread 0x7ef6fdeb60 (LWP 2261096) exited]
[Thread 0x7ed4f9eb60 (LWP 2261092) exited]
[Thread 0x7ef67ceb60 (LWP 2261097) exited]
[Thread 0x7ef57aeb60 (LWP 2261099) exited]
[Thread 0x7ef4f9eb60 (LWP 2261100) exited]
[Thread 0x7ef5fbeb60 (LWP 2261098) exited]
[Thread 0x7ed7ffeb60 (LWP 2261101) exited]
[Thread 0x7ed6fdeb60 (LWP 2261102) exited]
[Thread 0x7ed57aeb60 (LWP 2261094) exited]
[Thread 0x7ed5fbeb60 (LWP 2261104) exited]
[Thread 0x7ed67ceb60 (LWP 2261103) exited]
[Detaching after vfork from child process 2261523]
[Detaching after vfork from child process 2261541]
[New Thread 0x7ed5fbeb60 (LWP 2261581)]
[Detaching after vfork from child process 2261582]
[Detaching after vfork from child process 2261584]
[Thread 0x7ed5fbeb60 (LWP 2261581) exited]
ARN[0m No suitable input devices found
[1;37m[IO][0m [93mWARN[0m No suitable input devices found
[1;37m[DVR][0m [37mINFO[0m Checking Storage
[1;37m[IO][0m [93mWARN[0m No suitable input devices found
[1;37m[IO][0m [93mWARN[0m No suitable input devices found
[1;37m[IO][0m [93mWARN[0m No suitable input devices found
[1;37m[IO][0m [93mWARN[0m No suitable input devices found
[1;37m[IO][0m [93mWARN[0m No suitable input devices found
[1;37m[IO][0m [93mWARN[0m No suitable input devices found
[1;37m[IO][0m [93mWARN[0m No suitable input devices found
[1;37m[IO][0m [93mWARN[0m No suitable input devices found
[1;37m[IO][0m [93mWARN[0m No suitable input devices found
[1;37m[IO][0m [93mWARN[0m No suitable input devices found
[1;37m[IO][0m [93mWARN[0m No suitable input devices found
[1;37m[DVR][0m [37mINFO[0m Checking Storage
[1;37m[IO][0m [93mWARN[0m No suitable input devices found
[1;37m[IO][0m [93mWARN[0m No suitable input devices found
[1;37m[IO][0m [93mWARN[0m No suitable input devices found
[1;37m[IO][0m [93mWARN[0m No suitable input devices found
[1;37m[DVR][0m [37mINFO[0m [95mStopping [EVENT]: /mnt/udisk/VideoFiles/Event/PUA/E_260606_091007_CH4_FR30_A.mp4[0m

[1;37m[DVR][0m [1;36m=== Recording Statistics ===[0m
[1;37m[DVR][0m [37mINFO[0m Mode: EVENT | Path: [48;5;58m/mnt/udisk/VideoFiles/Event/PUA/E_260606_091007_CH4_FR30_A.mp4[0m
[1;37m[DVR][0m [37mINFO[0m Resolution: 1920x1080 | Expected: 10s+20s @ 30fps = 300+600 = 900 frames/channel | Actual Duration: 20.1s
[1;36mChannel Statistics[0m
=============================================================================
Channel      FPS          Received     Processed    Dropped      Success     
-----------------------------------------------------------------------------
Ch0          30           888          888          0            100.0%      
Ch1          30           889          889          0            100.0%      
Ch2          30           890          890          0            100.0%      
Ch3          30           886          886          0            100.0%      
SUB          30           29           29           0            100.0%      
AUDIO        -            1292         1292         0            100.0%      
TOTAL        -            3582         3582         0            100.0%      

[1;37m[DVR][0m [37mINFO[0m stop() [EVENT] audio EOS sent (+100ms)
[1;37m[DVR][0m [37mINFO[0m stop() [EVENT] audio flush wait done (+150ms)
[1;37m[DVR][0m [37mINFO[0m stop() [EVENT] video EOS sent: yes (+150ms)
[1;37m[DVR][0m [37mINFO[0m stop() [EVENT] EOS received: type=EOS (+186ms)
[1;37m[DVR][0m [37mINFO[0m stop() NULL complete at 0ms (+188ms)
[1;37m[DVR][0m [37mINFO[0m stop() [EVENT] NULL complete (+188ms)
[1;37m[DVR][0m [37mINFO[0m [95mRecording stopped [EVENT] (total: 188ms)[0m
[1;37m[DVR][0m [1;32mOK[0m [95mEvent recording stopped[0m
[1;37m[IO][0m [93mWARN[0m No suitable input devices found
[1;37m[IO][0m [93mWARN[0m No suitable input devices found
[1;37m[IO][0m [93mWARN[0m No suitable input devices found
[1;37m[IO][0m [93mWARN[0m No suitable input devices found
[1;37m[IO][0m [93mWARN[0m No suitable input devices found
[1;37m[IO][0m [93mWARN[0m No suitable input devices found
[1;37m[DVR][0m [37mINFO[0m Checking Storage
[1;37m[IO][0m [93mWARN[0m No suitable input devices found
[1;37m[IO][0m [93mWARN[0m No suitable input devices found
[1;37m[DVR][0m [37mINFO[0m File rotation needed
[1;37m[DVR][0m [37mINFO[0m Rotating recording files
[1;37m[DVR][0m [37mINFO[0m Stopping [NORMAL]: /mnt/udisk/VideoFiles/Normal/N_260606_090935_#0_CH4_FR30_A.mp4

[1;37m[DVR][0m [1;36m=== Recording Statistics ===[0m
[1;37m[DVR][0m [37mINFO[0m Mode: NORMAL | Path: [48;5;58m/mnt/udisk/VideoFiles/Normal/N_260606_090935_#0_CH4_FR30_A.mp4[0m
[1;37m[DVR][0m [37mINFO[0m Resolution: 1920x1080 | Expected: 60s @ 30fps = 1800 frames/channel | Actual Duration: 60.8s
[1;36mChannel Statistics[0m
=============================================================================
Channel      FPS          Received     Processed    Dropped      Success     
-----------------------------------------------------------------------------
Ch0          30           1787         1787         0            100.0%      
Ch1          30           1789         1789         0            100.0%      
Ch2          30           1790         1790         0            100.0%      
Ch3          30           1783         1783         0            100.0%      
SUB          30           60           60           0            100.0%      
AUDIO        -            2616         2616         0            100.0%      
TOTAL        -            7209         7209         0            100.0%      

[1;37m[DVR][0m [37mINFO[0m stop() [NORMAL] audio EOS sent (+126ms)
[1;37m[DVR][0m [37mINFO[0m stop() [NORMAL] audio flush wait done (+176ms)
[1;37m[DVR][0m [37mINFO[0m stop() [NORMAL] video EOS sent: yes (+176ms)
[1;37m[DVR][0m [37mINFO[0m stop() [NORMAL] EOS received: type=EOS (+216ms)
[1;37m[DVR][0m [37mINFO[0m stop() NULL complete at 0ms (+219ms)
[1;37m[DVR][0m [37mINFO[0m stop() [NORMAL] NULL complete (+219ms)
[1;37m[DVR][0m [37mINFO[0m Recording stopped [NORMAL] (total: 219ms)
[1;37m[DVR][0m [37mINFO[0m Split mode: 1 files (4 channels per file)
[1;37m[DVR][0m [37mINFO[0m Starting NORMAL recording

[1;37m[GST][0m [1;36m=== FileWriter Pipeline ===[0m
[32mmp4mux name=mux fragment-duration=1000 ! filesink name=fsink location=/mnt/udisk/VideoFiles/Normal/N_260606_091036_#0_CH4_FR30_A.mp4 
appsrc name=dvr_source0 is-live=true do-timestamp=false format=time ! queue max-size-buffers=120 max-size-time=0 max-size-bytes=0 ! mux.video_0 
appsrc name=dvr_source1 is-live=true do-timestamp=false format=time ! queue max-size-buffers=120 max-size-time=0 max-size-bytes=0 ! mux.video_1 
appsrc name=dvr_source2 is-live=true do-timestamp=false format=time ! queue max-size-buffers=120 max-size-time=0 max-size-bytes=0 ! mux.video_2 
appsrc name=dvr_source3 is-live=true do-timestamp=false format=time ! queue max-size-buffers=120 max-size-time=0 max-size-bytes=0 ! mux.video_3 
appsrc name=dvr_source1000 is-live=true do-timestamp=false format=time caps="text/x-raw,format=utf8" ! queue max-size-buffers=120 max-size-time=0 max-size-bytes=0 ! mux.subtitle_0 
appsrc name=dvr_audio_src is-live=true do-timestamp=false format=time caps=audio/mpeg,mpegversion=4,stream-format=adts ! queue max-size-buffers=200 max-size-time=0 max-size-bytes=0 flush-on-eos=true ! mux.audio_0 
[0m
[1;37m[DVR][0m [37mINFO[0m [TIMING][NORMAL] gst_parse_launch: 1ms
[1;37m[DVR][0m [37mINFO[0m [TIMING][NORMAL] parser wait: 0ms (ready=yes)
[1;37m[DVR][0m [37mINFO[0m Recording started [NORMAL]: /mnt/udisk/VideoFiles/Normal/N_260606_091036_#0_CH4_FR30_A.mp4
[1;37m[DVR][0m [37mINFO[0m   Duration: 60s | Channels: Ch0:30fps, Ch1:30fps, Ch2:30fps, Ch3:30fps | Audio: yes
[1;37m[DVR][0m [36mDEBUG[0m Anchor set: ch0 srcPts=0:18:17.554466558
[1;37m[DVR][0m [36mDEBUG[0m Subtitle Anchor set: srcPts=0:18:17.787790691
[1;37m[DVR][0m [36mDEBUG[0m Audio Anchor set: srcPts=0:18:17.502176869
[1;37m[DVR][0m [36mDEBUG[0m writeAudio #0: srcPts=0:18:17.502176869 anchor(video)=0:18:17.554466558 filePts=0:00:00.000000000
[1;37m[DVR][0m [36mDEBUG[0m writeAudio #1: srcPts=0:18:17.525396824 anchor(video)=0:18:17.554466558 filePts=0:00:00.023219955
[1;37m[DVR][0m [36mDEBUG[0m writeAudio #2: srcPts=0:18:17.548616779 anchor(video)=0:18:17.554466558 filePts=0:00:00.046439910
[1;37m[DVR][0m [36mDEBUG[0m writeAudio #3: srcPts=0:18:17.571836733 anchor(video)=0:18:17.554466558 filePts=0:00:00.069659864
[1;37m[DVR][0m [36mDEBUG[0m writeAudio #4: srcPts=0:18:17.595056688 anchor(video)=0:18:17.554466558 filePts=0:00:00.092879819
[1;37m[IO][0m [93mWARN[0m No suitable input devices found
[1;37m[IO][0m [93mWARN[0m No suitable input devices found
[1;37m[IO][0m [93mWARN[0m No suitable input devices found
[1;37m[IO][0m [93mWARN[0m No suitable input devices found
[1;37m[IO][Detaching after vfork from child process 2261746]
[Detaching after vfork from child process 2261778]
[New Thread 0x7ed5fbeb60 (LWP 2261779)]
[Detaching after vfork from child process 2261780]
[Detaching after vfork from child process 2261782]
[Thread 0x7ed5fbeb60 (LWP 2261779) exited]
[New Thread 0x7ed5fbeb60 (LWP 2261931)]
[New Thread 0x7ed67ceb60 (LWP 2261932)]
[New Thread 0x7ed6fdeb60 (LWP 2261933)]
[New Thread 0x7ed7ffeb60 (LWP 2261934)]
[New Thread 0x7ef6fdeb60 (LWP 2261935)]
[New Thread 0x7ef67ceb60 (LWP 2261936)]
[New Thread 0x7ef5fbeb60 (LWP 2261937)]
[New Thread 0x7ef57aeb60 (LWP 2261938)]
[New Thread 0x7ef4f9eb60 (LWP 2261939)]
[New Thread 0x7ed77eeb60 (LWP 2261940)]
[New Thread 0x7ed57aeb60 (LWP 2261941)]
[New Thread 0x7ed4f9eb60 (LWP 2261942)]
[New Thread 0x7ec77eeb60 (LWP 2261943)]
[Detaching after vfork from child process 2261985]
[Detaching after vfork from child process 2261986]
[New Thread 0x7ec6fdeb60 (LWP 2261987)]
[Detaching after vfork from child process 2261988]
[Detaching after vfork from child process 2261990]
[Thread 0x7ec6fdeb60 (LWP 2261987) exited]
[0m [93mWARN[0m No suitable input devices found
[1;37m[IO][0m [93mWARN[0m No suitable input devices found
[1;37m[IO][0m [93mWARN[0m No suitable input devices found
[1;37m[IO][0m [93mWARN[0m No suitable input devices found
[1;37m[IO][0m [93mWARN[0m No suitable input devices found
[1;37m[DVR][0m [37mINFO[0m Checking Storage
[1;37m[IO][0m [93mWARN[0m No suitable input devices found
[1;37m[IO][0m [93mWARN[0m No suitable input devices found
[1;37m[IO][0m [93mWARN[0m No suitable input devices found
[1;37m[IO][0m [93mWARN[0m No suitable input devices found
[1;37m[IO][0m [93mWARN[0m No suitable input devices found
[1;37m[IO][0m [93mWARN[0m No suitable input devices found
[1;37m[IO][0m [93mWARN[0m No suitable input devices found
[1;37m[DVR][0m [37mINFO[0m Dr.Safe PUA Activated

[1;37m[GST][0m [1;36m=== FileWriter Pipeline ===[0m
[32mmp4mux name=mux fragment-duration=1000 ! filesink name=fsink location=/mnt/udisk/VideoFiles/Event/PUA/E_260606_091051_CH4_FR30_A.mp4 
appsrc name=dvr_source0 is-live=true do-timestamp=false format=time ! queue max-size-buffers=120 max-size-time=0 max-size-bytes=0 ! mux.video_0 
appsrc name=dvr_source1 is-live=true do-timestamp=false format=time ! queue max-size-buffers=120 max-size-time=0 max-size-bytes=0 ! mux.video_1 
appsrc name=dvr_source2 is-live=true do-timestamp=false format=time ! queue max-size-buffers=120 max-size-time=0 max-size-bytes=0 ! mux.video_2 
appsrc name=dvr_source3 is-live=true do-timestamp=false format=time ! queue max-size-buffers=120 max-size-time=0 max-size-bytes=0 ! mux.video_3 
appsrc name=dvr_source2000 is-live=true do-timestamp=false format=time caps="text/x-raw,format=utf8" ! queue max-size-buffers=120 max-size-time=0 max-size-bytes=0 ! mux.subtitle_0 
appsrc name=dvr_audio_src is-live=true do-timestamp=false format=time caps=audio/mpeg,mpegversion=4,stream-format=adts ! queue max-size-buffers=200 max-size-time=0 max-size-bytes=0 flush-on-eos=true ! mux.audio_0 
[0m
[1;37m[DVR][0m [37mINFO[0m [TIMING][EVENT] gst_parse_launch: 2ms
[1;37m[DVR][0m [37mINFO[0m [TIMING] initialize: 2ms
[1;37m[DVR][0m [37mINFO[0m [TIMING][EVENT] parser wait: 0ms (ready=yes)
[1;37m[DVR][0m [37mINFO[0m [95mRecording started [EVENT]: /mnt/udisk/VideoFiles/Event/PUA/E_260606_091051_CH4_FR30_A.mp4[0m
[1;37m[DVR][0m [37mINFO[0m [95m  Duration: 10+20s | Channels: Ch0:30fps, Ch1:30fps, Ch2:30fps, Ch3:30fps | Audio: yes[0m
[1;37m[DVR][0m [37mINFO[0m [TIMING] start: 28ms
[1;37m[DVR][0m [36mDEBUG[0m Anchor set: ch1 srcPts=0:18:23.153784633
[1;37m[DVR][0m [36mDEBUG[0m Audio Anchor set: srcPts=0:18:23.167845804
[1;37m[DVR][0m [36mDEBUG[0m writeAudio #0: srcPts=0:18:23.167845804 anchor(video)=0:18:23.153784633 filePts=0:00:00.000000000
[1;37m[DVR][0m [36mDEBUG[0m writeAudio #1: srcPts=0:18:23.191065758 anchor(video)=0:18:23.153784633 filePts=0:00:00.023219954
[1;37m[DVR][0m [36mDEBUG[0m writeAudio #2: srcPts=0:18:23.214285713 anchor(video)=0:18:23.153784633 filePts=0:00:00.046439909
[1;37m[DVR][0m [36mDEBUG[0m writeAudio #3: srcPts=0:18:23.237505668 anchor(video)=0:18:23.153784633 filePts=0:00:00.069659864
[1;37m[DVR][0m [36mDEBUG[0m writeAudio #4: srcPts=0:18:23.260725622 anchor(video)=0:18:23.153784633 filePts=0:00:00.092879818
[1;37m[DVR][0m [36mDEBUG[0m Subtitle Anchor set: srcPts=0:18:24.920993068
[1;37m[DVR][0m [37mINFO[0m [TIMING] video/audio/subtitle flush (1645 frames): 35ms
[1;37m[DVR][0m [37mINFO[0m [TIMING] startEventRecording total: 67ms
[1;37m[IO][0m [93mWARN[0m No suitable input devices found
[1;37m[IO][0m [93mWARN[0m No suitable input devices found
[1;37m[IO][0m [93mWARN[0m No suitable input devices found
[1;37m[DVR][0m [37mINFO[0m Checking Storage
[1;37m[IO][0m [93mWARN[0m No suitable input devices found
[1;37m[IO][0m [93mWARN[0m No suitable input devices found
[1;37m[IO][0m [93mWARN[0m No suitable input devices found
[1;37m[IO][0m [93mWARN[0m No suitable input devices found
[1;37m[IO][0m [93mWARN[0m No suitable input devices fou[Detaching after vfork from child process 2262184]
[Detaching after vfork from child process 2262185]
[New Thread 0x7ec6fdeb60 (LWP 2262186)]
[Detaching after vfork from child process 2262187]
[Detaching after vfork from child process 2262189]
[Thread 0x7ec6fdeb60 (LWP 2262186) exited]
[Thread 0x7ec77eeb60 (LWP 2261943) exited]
[Thread 0x7ed5fbeb60 (LWP 2261931) exited]
[Thread 0x7ed67ceb60 (LWP 2261932) exited]
[Thread 0x7ed6fdeb60 (LWP 2261933) exited]
[Thread 0x7ed7ffeb60 (LWP 2261934) exited]
[Thread 0x7ef6fdeb60 (LWP 2261935) exited]
[Thread 0x7ef67ceb60 (LWP 2261936) exited]
[Thread 0x7ef5fbeb60 (LWP 2261937) exited]
[Thread 0x7ef4f9eb60 (LWP 2261939) exited]
[Thread 0x7ef57aeb60 (LWP 2261938) exited]
[Thread 0x7ed77eeb60 (LWP 2261940) exited]
[Thread 0x7ed57aeb60 (LWP 2261941) exited]
[Thread 0x7ed4f9eb60 (LWP 2261942) exited]
[Detaching after vfork from child process 2262383]
[Detaching after vfork from child process 2262384]
[New Thread 0x7ed4f9eb60 (LWP 2262385)]
[Detaching after vfork from child process 2262386]
[Detaching after vfork from child process 2262388]
[Thread 0x7ed4f9eb60 (LWP 2262385) exited]
nd
[1;37m[IO][0m [93mWARN[0m No suitable input devices found
[1;37m[IO][0m [93mWARN[0m No suitable input devices found
[1;37m[IO][0m [93mWARN[0m No suitable input devices found
[1;37m[IO][0m [93mWARN[0m No suitable input devices found
[1;37m[IO][0m [93mWARN[0m No suitable input devices found
[1;37m[IO][0m [93mWARN[0m No suitable input devices found
[1;37m[DVR][0m [37mINFO[0m Checking Storage
[1;37m[IO][0m [93mWARN[0m No suitable input devices found
[1;37m[IO][0m [93mWARN[0m No suitable input devices found
[1;37m[IO][0m [93mWARN[0m No suitable input devices found
[1;37m[IO][0m [93mWARN[0m No suitable input devices found
[1;37m[IO][0m [93mWARN[0m No suitable input devices found
[1;37m[IO][0m [93mWARN[0m No suitable input devices found
[1;37m[DVR][0m [37mINFO[0m [95mStopping [EVENT]: /mnt/udisk/VideoFiles/Event/PUA/E_260606_091051_CH4_FR30_A.mp4[0m

[1;37m[DVR][0m [1;36m=== Recording Statistics ===[0m
[1;37m[DVR][0m [37mINFO[0m Mode: EVENT | Path: [48;5;58m/mnt/udisk/VideoFiles/Event/PUA/E_260606_091051_CH4_FR30_A.mp4[0m
[1;37m[DVR][0m [37mINFO[0m Resolution: 1920x1080 | Expected: 10s+20s @ 30fps = 300+600 = 900 frames/channel | Actual Duration: 20.1s
[1;36mChannel Statistics[0m
=============================================================================
Channel      FPS          Received     Processed    Dropped      Success     
-----------------------------------------------------------------------------
Ch0          30           887          887          0            100.0%      
Ch1          30           888          888          0            100.0%      
Ch2          30           888          888          0            100.0%      
Ch3          30           888          888          0            100.0%      
SUB          30           29           29           0            100.0%      
AUDIO        -            1296         1296         0            100.0%      
TOTAL        -            3580         3580         0            100.0%      

[1;37m[DVR][0m [37mINFO[0m stop() [EVENT] audio EOS sent (+100ms)
[1;37m[DVR][0m [37mINFO[0m stop() [EVENT] audio flush wait done (+150ms)
[1;37m[DVR][0m [37mINFO[0m stop() [EVENT] video EOS sent: yes (+150ms)
[1;37m[DVR][0m [37mINFO[0m stop() [EVENT] EOS received: type=EOS (+178ms)
[1;37m[DVR][0m [37mINFO[0m stop() NULL complete at 0ms (+184ms)
[1;37m[DVR][0m [37mINFO[0m stop() [EVENT] NULL complete (+184ms)
[1;37m[DVR][0m [37mINFO[0m [95mRecording stopped [EVENT] (total: 185ms)[0m
[1;37m[DVR][0m [1;32mOK[0m [95mEvent recording stopped[0m
[1;37m[IO][0m [93mWARN[0m No suitable input devices found
[1;37m[IO][0m [93mWARN[0m No suitable input devices found
[1;37m[IO][0m [93mWARN[0m No suitable input devices found
[1;37m[IO][0m [93mWARN[0m No suitable input devices found
[1;37m[DVR][0m [37mINFO[0m Checking Storage
[1;37m[IO][0m [93mWARN[0m No suitable input devices found
[1;37m[IO][0m [93mWARN[0m No suitable input devices found
[1;37m[IO][0m [93mWARN[0m No suitable input devices found
[1;37m[IO][0m [93mWARN[0m No suitable input devices found
[1;37m[IO][0m [93mWARN[0m No suitable input devices found
[1;37m[IO][0m [93mWARN[0m No suitable input devices found
[1;37m[IO][0m [93mWARN[0m No suitable input devices found
[1;37m[DVR][0m [37mINFO[0m Dr.Safe PUA Activated

[1;37m[GST][0m [1;36m=== FileWriter Pipeline ===[0m
[32mmp4mux name=mux fragment-duration=1000 ! filesink name=fsink location=/mnt/udisk/VideoFiles/Event/PUA/E_260606_091121_CH4_FR30_A.mp4 
appsrc name=dvr_source0 is-live=true do-timestamp=false format=time ! queue max-size-buffers=120 max-size-time=0 max-size-bytes=0 ! mux.video_0 
appsrc name=dvr_source1 is-live=true do-timestamp=false format=time ! queue max-size-buffers=120 max-size-time=0 max-size-bytes=0 ! mux.video_1 
appsrc name=dvr_source2 is-live=true do-timestamp=false format=time ! queue max-size-buffers=120 max-size-time=0 max-size-bytes=0 ! mux.video_2 
appsrc name=dvr_source3 is-live=true do-timestamp=[New Thread 0x7ed4f9eb60 (LWP 2262486)]
[New Thread 0x7ed57aeb60 (LWP 2262487)]
[New Thread 0x7ed77eeb60 (LWP 2262488)]
[New Thread 0x7ef4f9eb60 (LWP 2262489)]
[New Thread 0x7ef6fdeb60 (LWP 2262490)]
[New Thread 0x7ef67ceb60 (LWP 2262491)]
[New Thread 0x7ef5fbeb60 (LWP 2262492)]
[New Thread 0x7ef57aeb60 (LWP 2262493)]
[New Thread 0x7ed7ffeb60 (LWP 2262494)]
[New Thread 0x7ed6fdeb60 (LWP 2262495)]
[New Thread 0x7ed67ceb60 (LWP 2262496)]
[New Thread 0x7ed5fbeb60 (LWP 2262497)]
[New Thread 0x7ec77eeb60 (LWP 2262498)]
[New Thread 0x7ec6fdeb60 (LWP 2262597)]
[Detaching after vfork from child process 2262598]
[Detaching after vfork from child process 2262600]
[Thread 0x7ec6fdeb60 (LWP 2262597) exited]
[Detaching after vfork from child process 2262602]
[Detaching after vfork from child process 2262603]
[New Thread 0x7ec6fdeb60 (LWP 2262801)]
[Detaching after vfork from child process 2262802]
[Detaching after vfork from child process 2262804]
[Thread 0x7ec6fdeb60 (LWP 2262801) exited]
[Detaching after vfork from child process 2262806]
[Detaching after vfork from child process 2262807]
[Thread 0x7ec77eeb60 (LWP 2262498) exited]
false format=time ! queue max-size-buffers=120 max-size-time=0 max-size-bytes=0 ! mux.video_3 
appsrc name=dvr_source2000 is-live=true do-timestamp=false format=time caps="text/x-raw,format=utf8" ! queue max-size-buffers=120 max-size-time=0 max-size-bytes=0 ! mux.subtitle_0 
appsrc name=dvr_audio_src is-live=true do-timestamp=false format=time caps=audio/mpeg,mpegversion=4,stream-format=adts ! queue max-size-buffers=200 max-size-time=0 max-size-bytes=0 flush-on-eos=true ! mux.audio_0 
[0m
[1;37m[DVR][0m [37mINFO[0m [TIMING][EVENT] gst_parse_launch: 1ms
[1;37m[DVR][0m [37mINFO[0m [TIMING] initialize: 2ms
[1;37m[DVR][0m [37mINFO[0m [TIMING][EVENT] parser wait: 0ms (ready=yes)
[1;37m[DVR][0m [37mINFO[0m [95mRecording started [EVENT]: /mnt/udisk/VideoFiles/Event/PUA/E_260606_091121_CH4_FR30_A.mp4[0m
[1;37m[DVR][0m [37mINFO[0m [95m  Duration: 10+20s | Channels: Ch0:30fps, Ch1:30fps, Ch2:30fps, Ch3:30fps | Audio: yes[0m
[1;37m[DVR][0m [37mINFO[0m [TIMING] start: 22ms
[1;37m[DVR][0m [36mDEBUG[0m Anchor set: ch0 srcPts=0:18:53.120707977
[1;37m[DVR][0m [36mDEBUG[0m Audio Anchor set: srcPts=0:18:53.144807255
[1;37m[DVR][0m [36mDEBUG[0m writeAudio #0: srcPts=0:18:53.144807255 anchor(video)=0:18:53.120707977 filePts=0:00:00.000000000
[1;37m[DVR][0m [36mDEBUG[0m writeAudio #1: srcPts=0:18:53.168027210 anchor(video)=0:18:53.120707977 filePts=0:00:00.023219955
[1;37m[DVR][0m [36mDEBUG[0m writeAudio #2: srcPts=0:18:53.191247164 anchor(video)=0:18:53.120707977 filePts=0:00:00.046439909
[1;37m[DVR][0m [36mDEBUG[0m writeAudio #3: srcPts=0:18:53.214467119 anchor(video)=0:18:53.120707977 filePts=0:00:00.069659864
[1;37m[DVR][0m [36mDEBUG[0m writeAudio #4: srcPts=0:18:53.237687074 anchor(video)=0:18:53.120707977 filePts=0:00:00.092879819
[1;37m[DVR][0m [36mDEBUG[0m Subtitle Anchor set: srcPts=0:18:54.787100316
[1;37m[DVR][0m [37mINFO[0m [TIMING] video/audio/subtitle flush (1650 frames): 44ms
[1;37m[DVR][0m [37mINFO[0m [TIMING] startEventRecording total: 69ms
[1;37m[IO][0m [93mWARN[0m No suitable input devices found
[1;37m[IO][0m [93mWARN[0m No suitable input devices found
[1;37m[IO][0m [93mWARN[0m No suitable input devices found
[1;37m[DVR][0m [37mINFO[0m Checking Storage
[1;37m[IO][0m [93mWARN[0m No suitable input devices found
[1;37m[IO][0m [93mWARN[0m No suitable input devices found
[1;37m[IO][0m [93mWARN[0m No suitable input devices found
[1;37m[IO][0m [93mWARN[0m No suitable input devices found
[1;37m[IO][0m [93mWARN[0m No suitable input devices found
[1;37m[IO][0m [93mWARN[0m No suitable input devices found
[1;37m[IO][0m [93mWARN[0m No suitable input devices found
[1;37m[IO][0m [93mWARN[0m No suitable input devices found
[1;37m[IO][0m [93mWARN[0m No suitable input devices found
[1;37m[IO][0m [93mWARN[0m No suitable input devices found
[1;37m[IO][0m [93mWARN[0m No suitable input devices found
[1;37m[DVR][0m [37mINFO[0m Checking Storage
[1;37m[IO][0m [93mWARN[0m No suitable input devices found
[1;37m[IO][0m [93mWARN[0m No suitable input devices found
[1;37m[DVR][0m [37mINFO[0m File rotation needed
[1;37m[DVR][0m [37mINFO[0m Rotating recording files
[1;37m[DVR][0m [37mINFO[0m Stopping [NORMAL]: /mnt/udisk/VideoFiles/Normal/N_260606_091036_#0_CH4_FR30_A.mp4

[1;37m[DVR][0m [1;36m=== Recording Statistics ===[0m
[1;37m[DVR][0m [37mINFO[0m Mode: NORMAL | Path: [48;5;58m/mnt/udisk/VideoFiles/Normal/N_260606_091036_#0_CH4_FR30_A.mp4[0m
[1;37m[DVR][0m [37mINFO[0m Resolution: 1920x1080 | Expected: 60s @ 30fps = 1800 frames/channel | Actual Duration: 60.9s
[1;36mChannel Statistics[0m
=============================================================================
Channel      FPS          Received     Processed    Dropped      Success     
-----------------------------------------------------------------------------
Ch0          30           1790         1790         0            100.0%      
Ch1          30           1793         1793         0            100.0%      
Ch2          30 [New Thread 0x7ec77eeb60 (LWP 2262815)]

(SafeView_R2.1.0H9:2249683): GStreamer-WARNING **: 09:11:37.602: gst_mini_object_remove_parent: couldn't find parent 0x7f6000b930 (object:0x7f70013ff0)

(SafeView_R2.1.0H9:2249683): GStreamer-WARNING **: 09:11:37.633: free_priv_data: object finalizing but still has 1 parents (object:0x7f6000b930)
          1793         1793         0            100.0%      
Ch3          30           1795         1795         0            100.0%      
SUB          30           60           60           0            100.0%      
AUDIO        -            2615         2615         0            100.0%      
TOTAL        -            7231         7231         0            100.0%      

[1;37m[DVR][0m [37mINFO[0m stop() [NORMAL] audio EOS sent (+100ms)
[1;37m[DVR][0m [37mINFO[0m stop() [NORMAL] audio flush wait done (+150ms)
[1;37m[DVR][0m [37mINFO[0m stop() [NORMAL] video EOS sent: yes (+150ms)
[1;37m[DVR][0m [37mINFO[0m stop() [NORMAL] EOS received: type=EOS (+173ms)
[1;37m[DVR][0m [37mINFO[0m stop() NULL complete at 0ms (+175ms)
[1;37m[DVR][0m [37mINFO[0m stop() [NORMAL] NULL complete (+175ms)
[1;37m[DVR][0m [37mINFO[0m Recording stopped [NORMAL] (total: 175ms)
[1;37m[DVR][0m [37mINFO[0m Split mode: 1 files (4 channels per file)
[1;37m[DVR][0m [37mINFO[0m Starting NORMAL recording

[1;37m[GST][0m [1;36m=== FileWriter Pipeline ===[0m
[32mmp4mux name=mux fragment-duration=1000 ! filesink name=fsink location=/mnt/udisk/VideoFiles/Normal/N_260606_091137_#0_CH4_FR30_A.mp4 
appsrc name=dvr_source0 is-live=true do-timestamp=false format=time ! queue max-size-buffers=120 max-size-time=0 max-size-bytes=0 ! mux.video_0 
appsrc name=dvr_source1 is-live=true do-timestamp=false format=time ! queue max-size-buffers=120 max-size-time=0 max-size-bytes=0 ! mux.video_1 
appsrc name=dvr_source2 is-live=true do-timestamp=false format=time ! queue max-size-buffers=120 max-size-time=0 max-size-bytes=0 ! mux.video_2 
appsrc name=dvr_source3 is-live=true do-timestamp=false format=time ! queue max-size-buffers=120 max-size-time=0 max-size-bytes=0 ! mux.video_3 
appsrc name=dvr_source1000 is-live=true do-timestamp=false format=time caps="text/x-raw,format=utf8" ! queue max-size-buffers=120 max-size-time=0 max-size-bytes=0 ! mux.subtitle_0 
appsrc name=dvr_audio_src is-live=true do-timestamp=false format=time caps=audio/mpeg,mpegversion=4,stream-format=adts ! queue max-size-buffers=200 max-size-time=0 max-size-bytes=0 flush-on-eos=true ! mux.audio_0 
[0m
[1;37m[DVR][0m [37mINFO[0m [TIMING][NORMAL] gst_parse_launch: 1ms
[1;37m[DVR][0m [37mINFO[0m [TIMING][NORMAL] parser wait: 0ms (ready=yes)
[1;37m[DVR][0m [37mINFO[0m Recording started [NORMAL]: /mnt/udisk/VideoFiles/Normal/N_260606_091137_#0_CH4_FR30_A.mp4
[1;37m[DVR][0m [37mINFO[0m   Duration: 60s | Channels: Ch0:30fps, Ch1:30fps, Ch2:30fps, Ch3:30fps | Audio: yes
[1;37m[DVR][0m [36mDEBUG[0m Anchor set: ch0 srcPts=0:19:18.485758079
[1;37m[DVR][0m [36mDEBUG[0m Subtitle Anchor set: srcPts=0:19:18.886765778
[1;37m[DVR][0m [36mDEBUG[0m Audio Anchor set: srcPts=0:19:18.454557822
[1;37m[DVR][0m [36mDEBUG[0m writeAudio #0: srcPts=0:19:18.454557822 anchor(video)=0:19:18.485758079 filePts=0:00:00.000000000
[1;37m[DVR][0m [36mDEBUG[0m writeAudio #1: srcPts=0:19:18.477777776 anchor(video)=0:19:18.485758079 filePts=0:00:00.023219954
[1;37m[DVR][0m [36mDEBUG[0m writeAudio #2: srcPts=0:19:18.500997731 anchor(video)=0:19:18.485758079 filePts=0:00:00.046439909
[1;37m[DVR][0m [36mDEBUG[0m writeAudio #3: srcPts=0:19:18.524217686 anchor(video)=0:19:18.485758079 filePts=0:00:00.069659864
[1;37m[DVR][0m [36mDEBUG[0m writeAudio #4: srcPts=0:19:18.547437640 anchor(video)=0:19:18.485758079 filePts=0:00:00.092879818
[1;37m[IO][0m [93mWARN[0m No suitable input devices found
[1;37m[IO][0m [93mWARN[0m No suitable input devices found
[1;37m[IO][0m [93mWARN[0m No suitable input devices found
[1;37m[IO][0m [93mWARN[0m No suitable input devices found
[1;37m[DVR][0m [37mINFO[0m [95mStopping [EVENT]: /mnt/udisk/VideoFiles/Event/PUA/E_260606_091121_CH4_FR30_A.mp4[0m

[1;37m[DVR][0m [1;36m=== Recording Statistics ===[0m
[1;37m[DVR][0m [37mINFO[0m Mode: EVENT | Path: [48;5;58m/mnt/udisk/VideoFiles/Event/PUA/E_260606_091121_CH4_FR30_A.mp4[0m
[1;37m[DVR][0m [37mINFO[0m Resolution: 1920x1080 | Expected: 10s+20s @ 30fps = 30[Thread 0x7ec7ffeb60 (LWP 2261091) exited]
[Thread 0x7ed4f9eb60 (LWP 2262486) exited]
[Thread 0x7ef6fdeb60 (LWP 2262490) exited]
[Thread 0x7ef67ceb60 (LWP 2262491) exited]
[Thread 0x7ef4f9eb60 (LWP 2262489) exited]
[Thread 0x7ef5fbeb60 (LWP 2262492) exited]
[Thread 0x7ef57aeb60 (LWP 2262493) exited]
[Thread 0x7ed77eeb60 (LWP 2262488) exited]
[Thread 0x7ed57aeb60 (LWP 2262487) exited]
[Thread 0x7ed7ffeb60 (LWP 2262494) exited]
[Thread 0x7ed5fbeb60 (LWP 2262497) exited]
[Thread 0x7ed67ceb60 (LWP 2262496) exited]
[Thread 0x7ed6fdeb60 (LWP 2262495) exited]
[New Thread 0x7ed5fbeb60 (LWP 2263014)]
[Detaching after vfork from child process 2263015]
[Detaching after vfork from child process 2263017]
[Thread 0x7ed5fbeb60 (LWP 2263014) exited]
[Detaching after vfork from child process 2263019]
[Detaching after vfork from child process 2263020]
[Thread 0x7ec77eeb60 (LWP 2262815) exited]
[New Thread 0x7ec77eeb60 (LWP 2263221)]
[Detaching after vfork from child process 2263222]
[Detaching after vfork from child process 2263224]
[Thread 0x7ec77eeb60 (LWP 2263221) exited]
[Detaching after vfork from child process 2263326]
[Detaching after vfork from child process 2263327]
[New Thread 0x7ec77eeb60 (LWP 2263428)]
[Detaching after vfork from child process 2263429]
[Detaching after vfork from child process 2263431]
[Thread 0x7ec77eeb60 (LWP 2263428) exited]
[Detaching after vfork from child process 2263533]
[Detaching after vfork from child process 2263534]
[New Thread 0x7ec77eeb60 (LWP 2263635)]
[Detaching after vfork from child process 2263636]
[Detaching after vfork from child process 2263638]
[Thread 0x7ec77eeb60 (LWP 2263635) exited]
0+600 = 900 frames/channel | Actual Duration: 20.1s
[1;36mChannel Statistics[0m
=============================================================================
Channel      FPS          Received     Processed    Dropped      Success     
-----------------------------------------------------------------------------
Ch0          30           888          888          0            100.0%      
Ch1          30           888          888          0            100.0%      
Ch2          30           888          888          0            100.0%      
Ch3          30           889          889          0            100.0%      
SUB          30           29           29           0            100.0%      
AUDIO        -            1299         1299         0            100.0%      
TOTAL        -            3582         3582         0            100.0%      

[1;37m[DVR][0m [37mINFO[0m stop() [EVENT] audio EOS sent (+100ms)
[1;37m[DVR][0m [37mINFO[0m stop() [EVENT] audio flush wait done (+150ms)
[1;37m[DVR][0m [37mINFO[0m stop() [EVENT] video EOS sent: yes (+150ms)
[1;37m[DVR][0m [37mINFO[0m stop() [EVENT] EOS received: type=EOS (+173ms)
[1;37m[DVR][0m [37mINFO[0m stop() NULL complete at 0ms (+176ms)
[1;37m[DVR][0m [37mINFO[0m stop() [EVENT] NULL complete (+176ms)
[1;37m[DVR][0m [37mINFO[0m [95mRecording stopped [EVENT] (total: 177ms)[0m
[1;37m[DVR][0m [1;32mOK[0m [95mEvent recording stopped[0m
[1;37m[IO][0m [93mWARN[0m No suitable input devices found
[1;37m[IO][0m [93mWARN[0m No suitable input devices found
[1;37m[IO][0m [93mWARN[0m No suitable input devices found
[1;37m[IO][0m [93mWARN[0m No suitable input devices found
[1;37m[DVR][0m [37mINFO[0m Checking Storage
[1;37m[IO][0m [93mWARN[0m No suitable input devices found
[1;37m[IO][0m [93mWARN[0m No suitable input devices found
[1;37m[IO][0m [93mWARN[0m No suitable input devices found
[1;37m[IO][0m [93mWARN[0m No suitable input devices found
[1;37m[IO][0m [93mWARN[0m No suitable input devices found
[1;37m[IO][0m [93mWARN[0m No suitable input devices found
[1;37m[IO][0m [93mWARN[0m No suitable input devices found
[1;37m[IO][0m [93mWARN[0m No suitable input devices found
[1;37m[IO][0m [93mWARN[0m No suitable input devices found
[1;37m[IO][0m [93mWARN[0m No suitable input devices found
[1;37m[IO][0m [93mWARN[0m No suitable input devices found
[1;37m[DVR][0m [37mINFO[0m Checking Storage
[1;37m[IO][0m [93mWARN[0m No suitable input devices found
[1;37m[IO][0m [93mWARN[0m No suitable input devices found
[1;37m[IO][0m [93mWARN[0m No suitable input devices found
[1;37m[IO][0m [93mWARN[0m No suitable input devices found
[1;37m[IO][0m [93mWARN[0m No suitable input devices found
[1;37m[IO][0m [93mWARN[0m No suitable input devices found
[1;37m[IO][0m [93mWARN[0m No suitable input devices found
[1;37m[IO][0m [93mWARN[0m No suitable input devices found
[1;37m[IO][0m [93mWARN[0m No suitable input devices found
[1;37m[IO][0m [93mWARN[0m No suitable input devices found
[1;37m[DVR][0m [37mINFO[0m Checking Storage
[1;37m[IO][0m [93mWARN[0m No suitable input devices found
[1;37m[IO][0m [93mWARN[0m No suitable input devices found
[1;37m[IO][0m [93mWARN[0m No suitable input devices found
[1;37m[IO][0m [93mWARN[0m No suitable input devices found
[1;37m[IO][0m [93mWARN[0m No suitable input devices found
[1;37m[IO][0m [93mWARN[0m No suitable input devices found
[1;37m[IO][0m [93mWARN[0m No suitable input devices found
[1;37m[IO][0m [93mWARN[0m No suitable input devices found
[1;37m[IO][0m [93mWARN[0m No suitable input devices found
[1;37m[IO][0m [93mWARN[0m No suitable input devices found
[1;37m[IO][0m [93mWARN[0m No suitable input devices found
[1;37m[DVR][0m [37mINFO[0m Checking Storage
[1;37m[IO][0m [93mWARN[0m No suitable input devices found
[1;37m[IO][0m [93mWARN[0m No suitable input devices found
[1;37m[DVR][0m [37mINFO[0m Dr.Safe PUA Activated

[1;37m[GST][0m [1;36m=== FileWriter Pipeline =[New Thread 0x7ec77eeb60 (LWP 2263640)]
[New Thread 0x7ed5fbeb60 (LWP 2263641)]
[New Thread 0x7ed67ceb60 (LWP 2263642)]
[New Thread 0x7ed6fdeb60 (LWP 2263643)]
[New Thread 0x7ef6fdeb60 (LWP 2263644)]
[New Thread 0x7ef67ceb60 (LWP 2263645)]
[New Thread 0x7ef5fbeb60 (LWP 2263646)]
[New Thread 0x7ef57aeb60 (LWP 2263647)]
[New Thread 0x7ef4f9eb60 (LWP 2263648)]
[New Thread 0x7ed7ffeb60 (LWP 2263649)]
[New Thread 0x7ed77eeb60 (LWP 2263650)]
[New Thread 0x7ed57aeb60 (LWP 2263651)]
[New Thread 0x7ed4f9eb60 (LWP 2263652)]
[New Thread 0x7ec7ffeb60 (LWP 2263653)]
[Detaching after vfork from child process 2263756]
[Detaching after vfork from child process 2263757]
[New Thread 0x7ec6fdeb60 (LWP 2263860)]
[Detaching after vfork from child process 2263861]
[Detaching after vfork from child process 2263863]
[Thread 0x7ec6fdeb60 (LWP 2263860) exited]
[Detaching after vfork from child process 2263967]
[Detaching after vfork from child process 2263968]
[Thread 0x7ec7ffeb60 (LWP 2263653) exited]
[New Thread 0x7ec7ffeb60 (LWP 2264071)]
[Detaching after vfork from child process 2264072]
[Detaching after vfork from child process 2264074]
[Thread 0x7ec7ffeb60 (LWP 2264071) exited]
==[0m
[32mmp4mux name=mux fragment-duration=1000 ! filesink name=fsink location=/mnt/udisk/VideoFiles/Event/PUA/E_260606_091218_CH4_FR30_A.mp4 
appsrc name=dvr_source0 is-live=true do-timestamp=false format=time ! queue max-size-buffers=120 max-size-time=0 max-size-bytes=0 ! mux.video_0 
appsrc name=dvr_source1 is-live=true do-timestamp=false format=time ! queue max-size-buffers=120 max-size-time=0 max-size-bytes=0 ! mux.video_1 
appsrc name=dvr_source2 is-live=true do-timestamp=false format=time ! queue max-size-buffers=120 max-size-time=0 max-size-bytes=0 ! mux.video_2 
appsrc name=dvr_source3 is-live=true do-timestamp=false format=time ! queue max-size-buffers=120 max-size-time=0 max-size-bytes=0 ! mux.video_3 
appsrc name=dvr_source2000 is-live=true do-timestamp=false format=time caps="text/x-raw,format=utf8" ! queue max-size-buffers=120 max-size-time=0 max-size-bytes=0 ! mux.subtitle_0 
appsrc name=dvr_audio_src is-live=true do-timestamp=false format=time caps=audio/mpeg,mpegversion=4,stream-format=adts ! queue max-size-buffers=200 max-size-time=0 max-size-bytes=0 flush-on-eos=true ! mux.audio_0 
[0m
[1;37m[DVR][0m [37mINFO[0m [TIMING][EVENT] gst_parse_launch: 4ms
[1;37m[DVR][0m [37mINFO[0m [TIMING] initialize: 5ms
[1;37m[DVR][0m [37mINFO[0m [TIMING][EVENT] parser wait: 0ms (ready=yes)
[1;37m[DVR][0m [37mINFO[0m [95mRecording started [EVENT]: /mnt/udisk/VideoFiles/Event/PUA/E_260606_091218_CH4_FR30_A.mp4[0m
[1;37m[DVR][0m [37mINFO[0m [95m  Duration: 10+20s | Channels: Ch0:30fps, Ch1:30fps, Ch2:30fps, Ch3:30fps | Audio: yes[0m
[1;37m[DVR][0m [37mINFO[0m [TIMING] start: 24ms
[1;37m[DVR][0m [36mDEBUG[0m Anchor set: ch3 srcPts=0:19:50.296230728
[1;37m[DVR][0m [36mDEBUG[0m Audio Anchor set: srcPts=0:19:50.312335600
[1;37m[DVR][0m [36mDEBUG[0m writeAudio #0: srcPts=0:19:50.312335600 anchor(video)=0:19:50.296230728 filePts=0:00:00.000000000
[1;37m[DVR][0m [36mDEBUG[0m writeAudio #1: srcPts=0:19:50.335555554 anchor(video)=0:19:50.296230728 filePts=0:00:00.023219954
[1;37m[DVR][0m [36mDEBUG[0m writeAudio #2: srcPts=0:19:50.358775509 anchor(video)=0:19:50.296230728 filePts=0:00:00.046439909
[1;37m[DVR][0m [36mDEBUG[0m writeAudio #3: srcPts=0:19:50.381995464 anchor(video)=0:19:50.296230728 filePts=0:00:00.069659864
[1;37m[DVR][0m [36mDEBUG[0m writeAudio #4: srcPts=0:19:50.405215418 anchor(video)=0:19:50.296230728 filePts=0:00:00.092879818
[1;37m[DVR][0m [36mDEBUG[0m Subtitle Anchor set: srcPts=0:19:51.419795922
[1;37m[DVR][0m [37mINFO[0m [TIMING] video/audio/subtitle flush (1645 frames): 42ms
[1;37m[DVR][0m [37mINFO[0m [TIMING] startEventRecording total: 72ms
[1;37m[IO][0m [93mWARN[0m No suitable input devices found
[1;37m[IO][0m [93mWARN[0m No suitable input devices found
[1;37m[IO][0m [93mWARN[0m No suitable input devices found
[1;37m[IO][0m [93mWARN[0m No suitable input devices found
[1;37m[IO][0m [93mWARN[0m No suitable input devices found
[1;37m[IO][0m [93mWARN[0m No suitable input devices found
[1;37m[IO][0m [93mWARN[0m No suitable input devices found
[1;37m[IO][0m [93mWARN[0m No suitable input devices found
[1;37m[DVR][0m [37mINFO[0m Checking Storage
[1;37m[IO][0m [93mWARN[0m No suitable input devices found
[1;37m[IO][0m [93mWARN[0m No suitable input devices found
[1;37m[IO][0m [93mWARN[0m No suitable input devices found
[1;37m[IO][0m [93mWARN[0m No suitable input devices found
[1;37m[IO][0m [93mWARN[0m No suitable input devices found
[1;37m[IO][0m [93mWARN[0m No suitable input devices found
[1;37m[IO][0m [93mWARN[0m No suitable input devices found
[1;37m[IO][0m [93mWARN[0m No suitable input devices found
[1;37m[IO][0m [93mWARN[0m No suitable input devices found
[1;37m[IO][0m [93mWARN[0m No suitable input devices found
[1;37m[IO][0m [93mWARN[0m No suitable input devices found
[1;37m[DVR][0m [37mINFO[0m Checking Storage
[1;37m[IO][0m [93mWARN[0m No suitable input devices found
[1;37m[IO][0m [93mWARN[0m No suitable input devices found
[1;37m[DVR][0m [37mINFO[0m File rotation needed
[1;37m[DVR][0m [37mINFO[0m Rotating recording files
[1;37m[DVR][0m [37mINFO[0m Stopping [NORMAL]: /mnt/udisk/VideoFiles/Normal/N_260606_091137_#0_CH4_FR30_A.mp4

[1;37m[DVR][0m [1;36m=== Recording Statistics ===[0m
[1;37m[DVR][0m [37mINFO[0m Mode: NORMAL | Path: [48;5;58m/mnt/udisk/VideoFiles/Normal/N_260606_091137_#0_CH4_FR30_A.mp4[0m
[1;37m[DVR][0m [37mINFO[0m Resolution: 1920x1080 | Expected: 60s @ 30fps = 1800 frames/channel | Actual Duration: 60.8s
[1;36mChannel Statistics[0m
=============================================================================
Channel      FPS          Received     Processed    Dropped      Success     
-----------------------------------------------------------------------------
Ch0          30           1792         1792         0            100.0%      
Ch1          30           1794         1794         0            100.0%      
Ch2          30           1794         1794         0            100.0%      
Ch3          30           1792         1792         0            100.0%      
SUB          30           60           60           0            100.0%      
AUDIO        -            2617         2617         0            100.0%      
TOTAL        -            7232         7232         0            100.0%      

[1;37m[DVR][0m [37mINFO[0m stop() [NORMAL] audio EOS sent (+100ms)
[1;37m[DVR][0m [37mINFO[0m stop() [NORMAL] audio flush wait done (+150ms)
[1;37m[DVR][0m [37mINFO[0m stop() [NORMAL] video EOS sent: yes (+150ms)
[1;37m[DVR][0m [37mINFO[0m stop() [NORMAL] EOS received: type=EOS (+174ms)
[1;37m[DVR][0m [37mINFO[0m stop() NULL complete at 0ms (+176ms)
[1;37m[DVR][0m [37mINFO[0m stop() [NORMAL] NULL complete (+176ms)
[1;37m[DVR][0m [37mINFO[0m Recording stopped [NORMAL] (total: 177ms)
[1;37m[DVR][0m [37mINFO[0m Split mode: 1 files (4 channels per file)
[1;37m[DVR][0m [37mINFO[0m Starting NORMAL recording

[1;37m[GST][0m [1;36m=== FileWriter Pipeline ===[0m
[32mmp4mux name=mux fragment-duration=1000 ! filesink name=fsink location=/mnt/udisk/VideoFiles/Normal/N_260606_091238_#0_CH4_FR30_A.mp4 
appsrc name=dvr_source0 is-live=true do-timestamp=false format=time ! queue max-size-buffers=120 max-size-time=0 max-size-bytes=0 ! mux.video_0 
appsrc name=dvr_source1 is-live=true do-timestamp=false format=time ! queue max-size-buffers=120 max-size-time=0 max-size-bytes=0 ! mux.video_1 
appsrc name=dvr_source2 is-live=true do-timestamp=false format=time ! queue max-size-buffers=120 max-size-time=0 max-size-bytes=0 ! mux.video_2 
appsrc name=dvr_source3 is-live=true do-timestamp=false format=time ! queue max-size-buffers=120 max-size-time=0 max-size-bytes=0 ! mux.video_3 
appsrc name=dvr_source1000 is-live=true do-timestamp=false format=time caps="text/x-raw,format=utf8" ! queue max-size-buffers=120 max-size-time=0 max-size-bytes=0 ! mux.subtitle_0 
appsrc name=dvr_audio_src is-live=true do-timestamp=false format=time caps=audio/mpeg,mpegversion=4,stream-format=adts ! queue max-size-buffers=200 max-size-time=0 max-size-bytes=0 flush-on-eos=true ! mux.audio_0 
[0m
[1;37m[DVR][0m [37mINFO[0m [TIMING][NORMAL] gst_parse_launch: 1ms
[1;37m[DVR][0m [37mINFO[0m [TIMING][NORMAL] parser wait: 0ms (ready=yes)
[1;37m[DVR][0m [37mINFO[0m Recording started [NORMAL]: /mnt/udisk/VideoFiles/Normal/N_260606_091238_#0_CH4_FR30_A.mp4
[1;37m[DVR][0m [37mINFO[0m   Duration: 60s | Channels: Ch0:30fps, Ch1:30fps, Ch2:30fps, Ch3:30fps | Audio: yes
[1;37m[DVR][0m [36mDEBUG[0m Anchor set: ch2 srcPts=0:20:19.451263324
[1;37m[DVR][0m [36mDEBUG[0m Subtitle Anchor set: srcPts=0:20:19.652812724
[1;37m[DVR][0m [36mDEBUG[0m Audio Anchor set: srcPts=0:20:19.383718820
[1;37m[DVR][0m [36mDEBUG[0m writeAudio #0: srcPts=0:20:19.383718820 anchor(video)=0:20:19.451263324 filePts=0:00:00.000000000
[1;37m[DVR][0m [36mDEBUG[0m writeAudio #1: srcPts=0:20:19.406938774 anchor(video)=0:20:19.451263324 filePts=0:00:00.023219954
[1;37m[DVR][0m [36mDEBUG[0m writeAudio #2: srcPts=0:20:19.430158729 anchor(video)=0:2[New Thread 0x7ec7ffeb60 (LWP 2264076)]
[Thread 0x7ec77eeb60 (LWP 2263640) exited]
[Thread 0x7ed5fbeb60 (LWP 2263641) exited]
[Thread 0x7ed67ceb60 (LWP 2263642) exited]
[Thread 0x7ed6fdeb60 (LWP 2263643) exited]
[Thread 0x7ef6fdeb60 (LWP 2263644) exited]
[Thread 0x7ef67ceb60 (LWP 2263645) exited]
[Thread 0x7ef5fbeb60 (LWP 2263646) exited]
[Thread 0x7ed7ffeb60 (LWP 2263649) exited]
[Thread 0x7ef4f9eb60 (LWP 2263648) exited]
[Thread 0x7ed77eeb60 (LWP 2263650) exited]
[Thread 0x7ed57aeb60 (LWP 2263651) exited]
[Thread 0x7ef57aeb60 (LWP 2263647) exited]
[Thread 0x7ed4f9eb60 (LWP 2263652) exited]
[Detaching after vfork from child process 2264186]
[Detaching after vfork from child process 2264187]
[New Thread 0x7ed4f9eb60 (LWP 2264292)]
[Detaching after vfork from child process 2264293]
[Detaching after vfork from child process 2264295]
[Thread 0x7ed4f9eb60 (LWP 2264292) exited]
[Detaching after vfork from child process 2264404]
[Thread 0x7ec7ffeb60 (LWP 2264076) exited]
[Detaching after vfork from child process 2264405]
[New Thread 0x7ec7ffeb60 (LWP 2264510)]
[Detaching after vfork from child process 2264511]
[Detaching after vfork from child process 2264513]
[Thread 0x7ec7ffeb60 (LWP 2264510) exited]
0:19.451263324 filePts=0:00:00.046439909
[1;37m[DVR][0m [36mDEBUG[0m writeAudio #3: srcPts=0:20:19.453378683 anchor(video)=0:20:19.451263324 filePts=0:00:00.069659863
[1;37m[DVR][0m [36mDEBUG[0m writeAudio #4: srcPts=0:20:19.476598638 anchor(video)=0:20:19.451263324 filePts=0:00:00.092879818
[1;37m[DVR][0m [37mINFO[0m [95mStopping [EVENT]: /mnt/udisk/VideoFiles/Event/PUA/E_260606_091218_CH4_FR30_A.mp4[0m

[1;37m[DVR][0m [1;36m=== Recording Statistics ===[0m
[1;37m[DVR][0m [37mINFO[0m Mode: EVENT | Path: [48;5;58m/mnt/udisk/VideoFiles/Event/PUA/E_260606_091218_CH4_FR30_A.mp4[0m
[1;37m[DVR][0m [37mINFO[0m Resolution: 1920x1080 | Expected: 10s+20s @ 30fps = 300+600 = 900 frames/channel | Actual Duration: 20.1s
[1;36mChannel Statistics[0m
=============================================================================
Channel      FPS          Received     Processed    Dropped      Success     
-----------------------------------------------------------------------------
Ch0          30           888          888          0            100.0%      
Ch1          30           889          889          0            100.0%      
Ch2          30           889          889          0            100.0%      
Ch3          30           887          887          0            100.0%      
SUB          30           29           29           0            100.0%      
AUDIO        -            1296         1296         0            100.0%      
TOTAL        -            3582         3582         0            100.0%      

[1;37m[DVR][0m [37mINFO[0m stop() [EVENT] audio EOS sent (+100ms)
[1;37m[DVR][0m [37mINFO[0m stop() [EVENT] audio flush wait done (+150ms)
[1;37m[DVR][0m [37mINFO[0m stop() [EVENT] video EOS sent: yes (+150ms)
[1;37m[DVR][0m [37mINFO[0m stop() [EVENT] EOS received: type=EOS (+184ms)
[1;37m[DVR][0m [37mINFO[0m stop() NULL complete at 0ms (+187ms)
[1;37m[DVR][0m [37mINFO[0m stop() [EVENT] NULL complete (+187ms)
[1;37m[DVR][0m [37mINFO[0m [95mRecording stopped [EVENT] (total: 188ms)[0m
[1;37m[DVR][0m [1;32mOK[0m [95mEvent recording stopped[0m
[1;37m[IO][0m [93mWARN[0m No suitable input devices found
[1;37m[IO][0m [93mWARN[0m No suitable input devices found
[1;37m[IO][0m [93mWARN[0m No suitable input devices found
[1;37m[IO][0m [93mWARN[0m No suitable input devices found
[1;37m[IO][0m [93mWARN[0m No suitable input devices found
[1;37m[IO][0m [93mWARN[0m No suitable input devices found
[1;37m[IO][0m [93mWARN[0m No suitable input devices found
[1;37m[IO][0m [93mWARN[0m No suitable input devices found
[1;37m[DVR][0m [37mINFO[0m Checking Storage
[1;37m[IO][0m [93mWARN[0m No suitable input devices found
[1;37m[IO][0m [93mWARN[0m No suitable input devices found
[1;37m[IO][0m [93mWARN[0m No suitable input devices found
[1;37m[IO][0m [93mWARN[0m No suitable input devices found
[1;37m[IO][0m [93mWARN[0m No suitable input devices found
[1;37m[IO][0m [93mWARN[0m No suitable input devices found
[1;37m[IO][0m [93mWARN[0m No suitable input devices found
[1;37m[IO][0m [93mWARN[0m No suitable input devices found
[1;37m[IO][0m [93mWARN[0m No suitable input devices found
[1;37m[IO][0m [93mWARN[0m No suitable input devices found
[1;37m[IO][0m [93mWARN[0m No suitable input devices found
[1;37m[DVR][0m [37mINFO[0m Checking Storage
[1;37m[IO][0m [93mWARN[0m No suitable input devices found
[1;37m[IO][0m [93mWARN[0m No suitable input devices found
[1;37m[IO][0m [93mWARN[0m No suitable input devices found
[1;37m[IO][0m [93mWARN[0m No suitable input devices found
[1;37m[IO][0m [93mWARN[0m No suitable input devices found
[1;37m[IO][0m [93mWARN[0m No suitable input devices found
[1;37m[IO][0m [93mWARN[0m No suitable input devices found
[1;37m[DVR][0m [37mINFO[0m Dr.Safe PUA Activated

[1;37m[GST][0m [1;36m=== FileWriter Pipeline ===[0m
[32mmp4mux name=mux fragment-duration=1000 ! filesink name=fsink location=/mnt/udisk/VideoFiles/Event/PUA/E_260606_091303_CH4_FR30_A.mp4 
a[New Thread 0x7ec7ffeb60 (LWP 2264619)]
[New Thread 0x7ed4f9eb60 (LWP 2264620)]
[New Thread 0x7ef57aeb60 (LWP 2264621)]
[New Thread 0x7ed57aeb60 (LWP 2264622)]
[New Thread 0x7ef6fdeb60 (LWP 2264623)]
[New Thread 0x7ef67ceb60 (LWP 2264624)]
[New Thread 0x7ef5fbeb60 (LWP 2264625)]
[New Thread 0x7ef4f9eb60 (LWP 2264626)]
[New Thread 0x7ed7ffeb60 (LWP 2264627)]
[New Thread 0x7ed77eeb60 (LWP 2264628)]
[New Thread 0x7ed6fdeb60 (LWP 2264629)]
[New Thread 0x7ed67ceb60 (LWP 2264630)]
[New Thread 0x7ed5fbeb60 (LWP 2264631)]
[New Thread 0x7ec77eeb60 (LWP 2264632)]
[Detaching after vfork from child process 2264633]
[Detaching after vfork from child process 2264652]
[New Thread 0x7ec6fdeb60 (LWP 2264741)]
[Detaching after vfork from child process 2264742]
[Detaching after vfork from child process 2264744]
[Thread 0x7ec6fdeb60 (LWP 2264741) exited]
[Detaching after vfork from child process 2264899]
[Detaching after vfork from child process 2264934]
[New Thread 0x7ec6fdeb60 (LWP 2264960)]
[Detaching after vfork from child process 2264961]
[Detaching after vfork from child process 2264963]
[Thread 0x7ec6fdeb60 (LWP 2264960) exited]
[Thread 0x7ec77eeb60 (LWP 2264632) exited]
ppsrc name=dvr_source0 is-live=true do-timestamp=false format=time ! queue max-size-buffers=120 max-size-time=0 max-size-bytes=0 ! mux.video_0 
appsrc name=dvr_source1 is-live=true do-timestamp=false format=time ! queue max-size-buffers=120 max-size-time=0 max-size-bytes=0 ! mux.video_1 
appsrc name=dvr_source2 is-live=true do-timestamp=false format=time ! queue max-size-buffers=120 max-size-time=0 max-size-bytes=0 ! mux.video_2 
appsrc name=dvr_source3 is-live=true do-timestamp=false format=time ! queue max-size-buffers=120 max-size-time=0 max-size-bytes=0 ! mux.video_3 
appsrc name=dvr_source2000 is-live=true do-timestamp=false format=time caps="text/x-raw,format=utf8" ! queue max-size-buffers=120 max-size-time=0 max-size-bytes=0 ! mux.subtitle_0 
appsrc name=dvr_audio_src is-live=true do-timestamp=false format=time caps=audio/mpeg,mpegversion=4,stream-format=adts ! queue max-size-buffers=200 max-size-time=0 max-size-bytes=0 flush-on-eos=true ! mux.audio_0 
[0m
[1;37m[DVR][0m [37mINFO[0m [TIMING][EVENT] gst_parse_launch: 2ms
[1;37m[DVR][0m [37mINFO[0m [TIMING] initialize: 3ms
[1;37m[DVR][0m [37mINFO[0m [TIMING][EVENT] parser wait: 0ms (ready=yes)
[1;37m[DVR][0m [37mINFO[0m [95mRecording started [EVENT]: /mnt/udisk/VideoFiles/Event/PUA/E_260606_091303_CH4_FR30_A.mp4[0m
[1;37m[DVR][0m [37mINFO[0m [95m  Duration: 10+20s | Channels: Ch0:30fps, Ch1:30fps, Ch2:30fps, Ch3:30fps | Audio: yes[0m
[1;37m[DVR][0m [37mINFO[0m [TIMING] start: 27ms
[1;37m[DVR][0m [36mDEBUG[0m Anchor set: ch3 srcPts=0:20:35.395280759
[1;37m[DVR][0m [36mDEBUG[0m Audio Anchor set: srcPts=0:20:35.405487527
[1;37m[DVR][0m [36mDEBUG[0m writeAudio #0: srcPts=0:20:35.405487527 anchor(video)=0:20:35.395280759 filePts=0:00:00.000000000
[1;37m[DVR][0m [36mDEBUG[0m writeAudio #1: srcPts=0:20:35.428707482 anchor(video)=0:20:35.395280759 filePts=0:00:00.023219955
[1;37m[DVR][0m [36mDEBUG[0m writeAudio #2: srcPts=0:20:35.451927436 anchor(video)=0:20:35.395280759 filePts=0:00:00.046439909
[1;37m[DVR][0m [36mDEBUG[0m writeAudio #3: srcPts=0:20:35.475147391 anchor(video)=0:20:35.395280759 filePts=0:00:00.069659864
[1;37m[DVR][0m [36mDEBUG[0m writeAudio #4: srcPts=0:20:35.498367346 anchor(video)=0:20:35.395280759 filePts=0:00:00.092879819
[1;37m[DVR][0m [36mDEBUG[0m Subtitle Anchor set: srcPts=0:20:37.086016118
[1;37m[DVR][0m [37mINFO[0m [TIMING] video/audio/subtitle flush (1646 frames): 63ms
[1;37m[DVR][0m [37mINFO[0m [TIMING] startEventRecording total: 94ms
[1;37m[IO][0m [93mWARN[0m No suitable input devices found
[1;37m[IO][0m [93mWARN[0m No suitable input devices found
[1;37m[IO][0m [93mWARN[0m No suitable input devices found
[1;37m[DVR][0m [37mINFO[0m Checking Storage
[1;37m[IO][0m [93mWARN[0m No suitable input devices found
[1;37m[IO][0m [93mWARN[0m No suitable input devices found
[1;37m[IO][0m [93mWARN[0m No suitable input devices found
[1;37m[IO][0m [93mWARN[0m No suitable input devices found
[1;37m[IO][0m [93mWARN[0m No suitable input devices found
[1;37m[IO][0m [93mWARN[0m No suitable input devices found
[1;37m[IO][0m [93mWARN[0m No suitable input devices found
[1;37m[IO][0m [93mWARN[0m No suitable input devices found
[1;37m[IO][0m [93mWARN[0m No suitable input devices found
[1;37m[IO][0m [93mWARN[0m No suitable input devices found
[1;37m[IO][0m [93mWARN[0m No suitable input devices found
[1;37m[DVR][0m [37mINFO[0m Checking Storage
[1;37m[IO][0m [93mWARN[0m No suitable input devices found
[1;37m[IO][0m [93mWARN[0m No suitable input devices found
[1;37m[IO][0m [93mWARN[0m No suitable input devices found
[1;37m[IO][0m [93mWARN[0m No suitable input devices found
[1;37m[IO][0m [93mWARN[0m No suitable input devices found
[1;37m[IO][0m [93mWARN[0m No suitable input devices found
[1;37m[DVR][0m [37mINFO[0m [95mStopping [EVENT]: /mnt/udisk/VideoFiles/Event/PUA/E_260606_091303_CH4_FR30_A.mp4[0m
[1;37m[IO][0m [93mWARN[0m No suitable input devices found

[1;37m[DVR][0m [1;36m=== Recording Statistics ===[Thread 0x7ef57aeb60 (LWP 2264621) exited]
[Thread 0x7ef6fdeb60 (LWP 2264623) exited]
[Thread 0x7ed57aeb60 (LWP 2264622) exited]
[Thread 0x7ed4f9eb60 (LWP 2264620) exited]
[Thread 0x7ef5fbeb60 (LWP 2264625) exited]
[Thread 0x7ef67ceb60 (LWP 2264624) exited]
[Thread 0x7ed7ffeb60 (LWP 2264627) exited]
[Thread 0x7ef4f9eb60 (LWP 2264626) exited]
[Thread 0x7ed5fbeb60 (LWP 2264631) exited]
[Thread 0x7ed6fdeb60 (LWP 2264629) exited]
[Thread 0x7ed67ceb60 (LWP 2264630) exited]
[Thread 0x7ed77eeb60 (LWP 2264628) exited]
[New Thread 0x7ed67ceb60 (LWP 2265177)]
[Detaching after vfork from child process 2265178]
[Detaching after vfork from child process 2265180]
[Thread 0x7ed67ceb60 (LWP 2265177) exited]
[Detaching after vfork from child process 2265182]
[Detaching after vfork from child process 2265183]
[New Thread 0x7ed67ceb60 (LWP 2265396)]
[Detaching after vfork from child process 2265397]
[Detaching after vfork from child process 2265399]
[Thread 0x7ed67ceb60 (LWP 2265396) exited]
[Detaching after vfork from child process 2265401]
[Detaching after vfork from child process 2265403]
[0m
[1;37m[DVR][0m [37mINFO[0m Mode: EVENT | Path: [48;5;58m/mnt/udisk/VideoFiles/Event/PUA/E_260606_091303_CH4_FR30_A.mp4[0m
[1;37m[DVR][0m [37mINFO[0m Resolution: 1920x1080 | Expected: 10s+20s @ 30fps = 300+600 = 900 frames/channel | Actual Duration: 20.1s
[1;36mChannel Statistics[0m
=============================================================================
Channel      FPS          Received     Processed    Dropped      Success     
-----------------------------------------------------------------------------
Ch0          30           888          888          0            100.0%      
Ch1          30           887          887          0            100.0%      
Ch2          30           888          888          0            100.0%      
Ch3          30           887          887          0            100.0%      
SUB          30           29           29           0            100.0%      
AUDIO        -            1296         1296         0            100.0%      
TOTAL        -            3579         3579         0            100.0%      

[1;37m[DVR][0m [37mINFO[0m stop() [EVENT] audio EOS sent (+100ms)
[1;37m[DVR][0m [37mINFO[0m stop() [EVENT] audio flush wait done (+150ms)
[1;37m[DVR][0m [37mINFO[0m stop() [EVENT] video EOS sent: yes (+150ms)
[1;37m[DVR][0m [37mINFO[0m stop() [EVENT] EOS received: type=EOS (+192ms)
[1;37m[DVR][0m [37mINFO[0m stop() NULL complete at 0ms (+194ms)
[1;37m[DVR][0m [37mINFO[0m stop() [EVENT] NULL complete (+194ms)
[1;37m[DVR][0m [37mINFO[0m [95mRecording stopped [EVENT] (total: 195ms)[0m
[1;37m[DVR][0m [1;32mOK[0m [95mEvent recording stopped[0m
[1;37m[IO][0m [93mWARN[0m No suitable input devices found
[1;37m[IO][0m [93mWARN[0m No suitable input devices found
[1;37m[IO][0m [93mWARN[0m No suitable input devices found
[1;37m[DVR][0m [37mINFO[0m Checking Storage
[1;37m[IO][0m [93mWARN[0m No suitable input devices found
[1;37m[IO][0m [93mWARN[0m No suitable input devices found
[1;37m[IO][0m [93mWARN[0m No suitable input devices found
[1;37m[IO][0m [93mWARN[0m No suitable input devices found
[1;37m[IO][0m [93mWARN[0m No suitable input devices found
[1;37m[IO][0m [93mWARN[0m No suitable input devices found
[1;37m[IO][0m [93mWARN[0m No suitable input devices found
[1;37m[IO][0m [93mWARN[0m No suitable input devices found
[1;37m[IO][0m [93mWARN[0m No suitable input devices found
[1;37m[IO][0m [93mWARN[0m No suitable input devices found
[1;37m[DVR][0m [37mINFO[0m Checking Storage
[1;37m[IO][0m [93mWARN[0m No suitable input devices found
[1;37m[IO][0m [93mWARN[0m No suitable input devices found
[1;37m[IO][0m [93mWARN[0m No suitable input devices found
[1;37m[DVR][0m [37mINFO[0m File rotation needed
[1;37m[DVR][0m [37mINFO[0m Rotating recording files
[1;37m[DVR][0m [37mINFO[0m Stopping [NORMAL]: /mnt/udisk/VideoFiles/Normal/N_260606_091238_#0_CH4_FR30_A.mp4

[1;37m[DVR][0m [1;36m=== Recording Statistics ===[0m
[1;37m[DVR][0m [37mINFO[0m Mode: NORMAL | Path: [48;5;58m/mnt/udisk/VideoFiles/Normal/N_260606_091238_#0_CH4_FR30_A.mp4[0m
[1;37m[DVR][0m [37mINFO[0m Resolution: 1920x1080 | Expected: 60s @ 30fps = 1800 frames/channel | Actual Duration: 60.8s
[1;36mChannel Statistics[0m
=============================================================================
Channel      FPS          Received     Processed    Dropped      Success     
-----------------------------------------------------------------------------
Ch0          30           1794         1794         0            100.0%      
Ch1          30           1791         1791         0            100.0%      
Ch2          30           1791         1791         0            100.0%      
Ch3          30           1790         1790         0            100.0%      
SUB          30           60           60           0            100.0%      
AUDIO        -            2615         2615         0            100.0%      
TOTAL        -            7226         7226         0            100.0%      

[[Thread 0x7ec7ffeb60 (LWP 2264619) exited]
[New Thread 0x7ec7ffeb60 (LWP 2265404)]
[New Thread 0x7ed67ceb60 (LWP 2265626)]
[Detaching after vfork from child process 2265627]
[Detaching after vfork from child process 2265629]
[Thread 0x7ed67ceb60 (LWP 2265626) exited]
[Detaching after vfork from child process 2265631]
[Detaching after vfork from child process 2265633]
1;37m[DVR][0m [37mINFO[0m stop() [NORMAL] audio EOS sent (+100ms)
[1;37m[DVR][0m [37mINFO[0m stop() [NORMAL] audio flush wait done (+150ms)
[1;37m[DVR][0m [37mINFO[0m stop() [NORMAL] video EOS sent: yes (+150ms)
[1;37m[DVR][0m [37mINFO[0m stop() [NORMAL] EOS received: type=EOS (+173ms)
[1;37m[DVR][0m [37mINFO[0m stop() NULL complete at 0ms (+177ms)
[1;37m[DVR][0m [37mINFO[0m stop() [NORMAL] NULL complete (+177ms)
[1;37m[DVR][0m [37mINFO[0m Recording stopped [NORMAL] (total: 179ms)
[1;37m[DVR][0m [37mINFO[0m Split mode: 1 files (4 channels per file)
[1;37m[DVR][0m [37mINFO[0m Starting NORMAL recording

[1;37m[GST][0m [1;36m=== FileWriter Pipeline ===[0m
[32mmp4mux name=mux fragment-duration=1000 ! filesink name=fsink location=/mnt/udisk/VideoFiles/Normal/N_260606_091339_#0_CH4_FR30_A.mp4 
appsrc name=dvr_source0 is-live=true do-timestamp=false format=time ! queue max-size-buffers=120 max-size-time=0 max-size-bytes=0 ! mux.video_0 
appsrc name=dvr_source1 is-live=true do-timestamp=false format=time ! queue max-size-buffers=120 max-size-time=0 max-size-bytes=0 ! mux.video_1 
appsrc name=dvr_source2 is-live=true do-timestamp=false format=time ! queue max-size-buffers=120 max-size-time=0 max-size-bytes=0 ! mux.video_2 
appsrc name=dvr_source3 is-live=true do-timestamp=false format=time ! queue max-size-buffers=120 max-size-time=0 max-size-bytes=0 ! mux.video_3 
appsrc name=dvr_source1000 is-live=true do-timestamp=false format=time caps="text/x-raw,format=utf8" ! queue max-size-buffers=120 max-size-time=0 max-size-bytes=0 ! mux.subtitle_0 
appsrc name=dvr_audio_src is-live=true do-timestamp=false format=time caps=audio/mpeg,mpegversion=4,stream-format=adts ! queue max-size-buffers=200 max-size-time=0 max-size-bytes=0 flush-on-eos=true ! mux.audio_0 
[0m
[1;37m[DVR][0m [37mINFO[0m [TIMING][NORMAL] gst_parse_launch: 5ms
[1;37m[DVR][0m [37mINFO[0m [TIMING][NORMAL] parser wait: 0ms (ready=yes)
[1;37m[DVR][0m [37mINFO[0m Recording started [NORMAL]: /mnt/udisk/VideoFiles/Normal/N_260606_091339_#0_CH4_FR30_A.mp4
[1;37m[DVR][0m [37mINFO[0m   Duration: 60s | Channels: Ch0:30fps, Ch1:30fps, Ch2:30fps, Ch3:30fps | Audio: yes
[1;37m[DVR][0m [36mDEBUG[0m Audio Anchor set: srcPts=0:21:20.289659863
[1;37m[DVR][0m [36mDEBUG[0m writeAudio #0: srcPts=0:21:20.289659863 anchor(audio)=0:21:20.289659863 filePts=0:00:00.000000000
[1;37m[DVR][0m [36mDEBUG[0m writeAudio #1: srcPts=0:21:20.312879817 anchor(audio)=0:21:20.289659863 filePts=0:00:00.023219954
[1;37m[DVR][0m [36mDEBUG[0m writeAudio #2: srcPts=0:21:20.336099772 anchor(audio)=0:21:20.289659863 filePts=0:00:00.046439909
[1;37m[DVR][0m [36mDEBUG[0m writeAudio #3: srcPts=0:21:20.359319727 anchor(audio)=0:21:20.289659863 filePts=0:00:00.069659864
[1;37m[DVR][0m [36mDEBUG[0m writeAudio #4: srcPts=0:21:20.382539681 anchor(audio)=0:21:20.289659863 filePts=0:00:00.092879818
[1;37m[DVR][0m [36mDEBUG[0m Anchor set: ch0 srcPts=0:21:20.352050985
[1;37m[DVR][0m [36mDEBUG[0m Subtitle Anchor set: srcPts=0:21:20.585508048
[1;37m[IO][0m [93mWARN[0m No suitable input devices found
[1;37m[IO][0m [93mWARN[0m No suitable input devices found
[1;37m[IO][0m [93mWARN[0m No suitable input devices found
[1;37m[IO][0m [93mWARN[0m No suitable input devices found
[1;37m[IO][0m [93mWARN[0m No suitable input devices found
[1;37m[IO][0m [93mWARN[0m No suitable input devices found
[1;37m[IO][0m [93mWARN[0m No suitable input devices found
[1;37m[IO][0m [93mWARN[0m No suitable input devices found
[1;37m[DVR][0m [37mINFO[0m Checking Storage
[1;37m[IO][0m [93mWARN[0m No suitable input devices found
[1;37m[IO][0m [93mWARN[0m No suitable input devices found
[1;37m[IO][0m [93mWARN[0m No suitable input devices found
[1;37m[IO][0m [93mWARN[0m No suitable input devices found
[1;37m[IO][0m [93mWARN[0m No suitable input devices found
[1;37m[IO][0m [93mWARN[0m No suitable input devices found
[1;37m[DVR][0m [37mINFO[0m Dr.Safe PUA Activated

[1;37m[GST][0m [1;36m=== FileWriter Pipeline[New Thread 0x7ed67ceb60 (LWP 2265742)]
[New Thread 0x7ed5fbeb60 (LWP 2265743)]
[New Thread 0x7ed6fdeb60 (LWP 2265744)]
[New Thread 0x7ef6fdeb60 (LWP 2265745)]
[New Thread 0x7ef67ceb60 (LWP 2265746)]
[New Thread 0x7ef5fbeb60 (LWP 2265747)]
[New Thread 0x7ef57aeb60 (LWP 2265748)]
[New Thread 0x7ef4f9eb60 (LWP 2265749)]
[New Thread 0x7ed7ffeb60 (LWP 2265750)]
[New Thread 0x7ed77eeb60 (LWP 2265751)]
[New Thread 0x7ed57aeb60 (LWP 2265752)]
[New Thread 0x7ed4f9eb60 (LWP 2265753)]
[New Thread 0x7ec77eeb60 (LWP 2265754)]
[New Thread 0x7ec6fdeb60 (LWP 2265802)]
[Detaching after vfork from child process 2265803]
[Detaching after vfork from child process 2265805]
[Thread 0x7ec6fdeb60 (LWP 2265802) exited]
[Detaching after vfork from child process 2265871]
[Detaching after vfork from child process 2265872]
[New Thread 0x7ec6fdeb60 (LWP 2266030)]
[Detaching after vfork from child process 2266031]
[Detaching after vfork from child process 2266033]
[Thread 0x7ec6fdeb60 (LWP 2266030) exited]
[Thread 0x7ec77eeb60 (LWP 2265754) exited]
[Detaching after vfork from child process 2266098]
[Detaching after vfork from child process 2266099]
 ===[0m
[32mmp4mux name=mux fragment-duration=1000 ! filesink name=fsink location=/mnt/udisk/VideoFiles/Event/PUA/E_260606_091353_CH4_FR30_A.mp4 
appsrc name=dvr_source0 is-live=true do-timestamp=false format=time ! queue max-size-buffers=120 max-size-time=0 max-size-bytes=0 ! mux.video_0 
appsrc name=dvr_source1 is-live=true do-timestamp=false format=time ! queue max-size-buffers=120 max-size-time=0 max-size-bytes=0 ! mux.video_1 
appsrc name=dvr_source2 is-live=true do-timestamp=false format=time ! queue max-size-buffers=120 max-size-time=0 max-size-bytes=0 ! mux.video_2 
appsrc name=dvr_source3 is-live=true do-timestamp=false format=time ! queue max-size-buffers=120 max-size-time=0 max-size-bytes=0 ! mux.video_3 
appsrc name=dvr_source2000 is-live=true do-timestamp=false format=time caps="text/x-raw,format=utf8" ! queue max-size-buffers=120 max-size-time=0 max-size-bytes=0 ! mux.subtitle_0 
appsrc name=dvr_audio_src is-live=true do-timestamp=false format=time caps=audio/mpeg,mpegversion=4,stream-format=adts ! queue max-size-buffers=200 max-size-time=0 max-size-bytes=0 flush-on-eos=true ! mux.audio_0 
[0m
[1;37m[IO][0m [93mWARN[0m No suitable input devices found
[1;37m[DVR][0m [37mINFO[0m [TIMING][EVENT] gst_parse_launch: 1ms
[1;37m[DVR][0m [37mINFO[0m [TIMING] initialize: 2ms
[1;37m[DVR][0m [37mINFO[0m [TIMING][EVENT] parser wait: 0ms (ready=yes)
[1;37m[DVR][0m [37mINFO[0m [95mRecording started [EVENT]: /mnt/udisk/VideoFiles/Event/PUA/E_260606_091353_CH4_FR30_A.mp4[0m
[1;37m[DVR][0m [37mINFO[0m [95m  Duration: 10+20s | Channels: Ch0:30fps, Ch1:30fps, Ch2:30fps, Ch3:30fps | Audio: yes[0m
[1;37m[DVR][0m [37mINFO[0m [TIMING] start: 37ms
[1;37m[DVR][0m [36mDEBUG[0m Anchor set: ch1 srcPts=0:21:25.418383965
[1;37m[DVR][0m [36mDEBUG[0m Audio Anchor set: srcPts=0:21:25.421269840
[1;37m[DVR][0m [36mDEBUG[0m writeAudio #0: srcPts=0:21:25.421269840 anchor(video)=0:21:25.418383965 filePts=0:00:00.000000000
[1;37m[DVR][0m [36mDEBUG[0m writeAudio #1: srcPts=0:21:25.444489795 anchor(video)=0:21:25.418383965 filePts=0:00:00.023219955
[1;37m[DVR][0m [36mDEBUG[0m writeAudio #2: srcPts=0:21:25.467709749 anchor(video)=0:21:25.418383965 filePts=0:00:00.046439909
[1;37m[DVR][0m [36mDEBUG[0m writeAudio #3: srcPts=0:21:25.490929704 anchor(video)=0:21:25.418383965 filePts=0:00:00.069659864
[1;37m[DVR][0m [36mDEBUG[0m writeAudio #4: srcPts=0:21:25.514149659 anchor(video)=0:21:25.418383965 filePts=0:00:00.092879819
[1;37m[DVR][0m [36mDEBUG[0m Subtitle Anchor set: srcPts=0:21:27.318669157
[1;37m[DVR][0m [37mINFO[0m [TIMING] video/audio/subtitle flush (1649 frames): 39ms
[1;37m[DVR][0m [37mINFO[0m [TIMING] startEventRecording total: 79ms
[1;37m[IO][0m [93mWARN[0m No suitable input devices found
[1;37m[IO][0m [93mWARN[0m No suitable input devices found
[1;37m[IO][0m [93mWARN[0m No suitable input devices found
[1;37m[DVR][0m [37mINFO[0m Checking Storage
[1;37m[IO][0m [93mWARN[0m No suitable input devices found
[1;37m[IO][0m [93mWARN[0m No suitable input devices found
[1;37m[IO][0m [93mWARN[0m No suitable input devices found
[1;37m[IO][0m [93mWARN[0m No suitable input devices found
[1;37m[IO][0m [93mWARN[0m No suitable input devices found
[1;37m[IO][0m [93mWARN[0m No suitable input devices found
[1;37m[IO][0m [93mWARN[0m No suitable input devices found
[1;37m[IO][0m [93mWARN[0m No suitable input devices found
[1;37m[IO][0m [93mWARN[0m No suitable input devices found
[1;37m[IO][0m [93mWARN[0m No suitable input devices found
[1;37m[IO][0m [93mWARN[0m No suitable input devices found
[1;37m[DVR][0m [37mINFO[0m Checking Storage
[1;37m[IO][0m [93mWARN[0m No suitable input devices found
[1;37m[IO][0m [93mWARN[0m No suitable input devices found
[1;37m[IO][0m [93mWARN[0m No suitable input devices found
[1;37m[IO][0m [93mWARN[0m No suitable input devices found
[1;37m[IO][0m [93mWARN[0m No suitable input devices found
[1;37m[IO][0m [93mWARN[0m No suitable input devices found
[1;37m[DVR][0m [37mINF[Thread 0x7ed6fdeb60 (LWP 2265744) exited]
[Thread 0x7ed5fbeb60 (LWP 2265743) exited]
[Thread 0x7ed67ceb60 (LWP 2265742) exited]
[Thread 0x7ed57aeb60 (LWP 2265752) exited]
[Thread 0x7ed77eeb60 (LWP 2265751) exited]
[Thread 0x7ed7ffeb60 (LWP 2265750) exited]
[Thread 0x7ef4f9eb60 (LWP 2265749) exited]
[Thread 0x7ed4f9eb60 (LWP 2265753) exited]
[Thread 0x7ef57aeb60 (LWP 2265748) exited]
[Thread 0x7ef5fbeb60 (LWP 2265747) exited]
[Thread 0x7ef67ceb60 (LWP 2265746) exited]
[Thread 0x7ef6fdeb60 (LWP 2265745) exited]
[New Thread 0x7ed4f9eb60 (LWP 2266257)]
[Detaching after vfork from child process 2266258]
[Detaching after vfork from child process 2266260]
[Thread 0x7ed4f9eb60 (LWP 2266257) exited]
[Detaching after vfork from child process 2266372]
[Detaching after vfork from child process 2266373]
[New Thread 0x7ed4f9eb60 (LWP 2266484)]
[Detaching after vfork from child process 2266485]
[Detaching after vfork from child process 2266487]
[Thread 0x7ed4f9eb60 (LWP 2266484) exited]
[Thread 0x7ec7ffeb60 (LWP 2265404) exited]
[Detaching after vfork from child process 2266599]
[Detaching after vfork from child process 2266600]
[New Thread 0x7ec7ffeb60 (LWP 2266711)]
[Detaching after vfork from child process 2266712]
[Detaching after vfork from child process 2266714]
[Thread 0x7ec7ffeb60 (LWP 2266711) exited]
O[0m [95mStopping [EVENT]: /mnt/udisk/VideoFiles/Event/PUA/E_260606_091353_CH4_FR30_A.mp4[0m

[1;37m[DVR][0m [1;36m=== Recording Statistics ===[0m
[1;37m[DVR][0m [37mINFO[0m Mode: EVENT | Path: [48;5;58m/mnt/udisk/VideoFiles/Event/PUA/E_260606_091353_CH4_FR30_A.mp4[0m
[1;37m[DVR][0m [37mINFO[0m Resolution: 1920x1080 | Expected: 10s+20s @ 30fps = 300+600 = 900 frames/channel | Actual Duration: 20.1s
[1;36mChannel Statistics[0m
=============================================================================
Channel      FPS          Received     Processed    Dropped      Success     
-----------------------------------------------------------------------------
Ch0          30           886          886          0            100.0%      
Ch1          30           889          889          0            100.0%      
Ch2          30           888          888          0            100.0%      
Ch3          30           885          885          0            100.0%      
SUB          30           29           29           0            100.0%      
AUDIO        -            1300         1300         0            100.0%      
TOTAL        -            3577         3577         0            100.0%      

[1;37m[DVR][0m [37mINFO[0m stop() [EVENT] audio EOS sent (+100ms)
[1;37m[DVR][0m [37mINFO[0m stop() [EVENT] audio flush wait done (+150ms)
[1;37m[DVR][0m [37mINFO[0m stop() [EVENT] video EOS sent: yes (+150ms)
[1;37m[DVR][0m [37mINFO[0m stop() [EVENT] EOS received: type=EOS (+191ms)
[1;37m[DVR][0m [37mINFO[0m stop() NULL complete at 0ms (+194ms)
[1;37m[DVR][0m [37mINFO[0m stop() [EVENT] NULL complete (+194ms)
[1;37m[DVR][0m [37mINFO[0m [95mRecording stopped [EVENT] (total: 195ms)[0m
[1;37m[DVR][0m [1;32mOK[0m [95mEvent recording stopped[0m
[1;37m[IO][0m [93mWARN[0m No suitable input devices found
[1;37m[IO][0m [93mWARN[0m No suitable input devices found
[1;37m[IO][0m [93mWARN[0m No suitable input devices found
[1;37m[IO][0m [93mWARN[0m No suitable input devices found
[1;37m[DVR][0m [37mINFO[0m Checking Storage
[1;37m[IO][0m [93mWARN[0m No suitable input devices found
[1;37m[IO][0m [93mWARN[0m No suitable input devices found
[1;37m[IO][0m [93mWARN[0m No suitable input devices found
[1;37m[IO][0m [93mWARN[0m No suitable input devices found
[1;37m[IO][0m [93mWARN[0m No suitable input devices found
[1;37m[IO][0m [93mWARN[0m No suitable input devices found
[1;37m[IO][0m [93mWARN[0m No suitable input devices found
[1;37m[IO][0m [93mWARN[0m No suitable input devices found
[1;37m[IO][0m [93mWARN[0m No suitable input devices found
[1;37m[IO][0m [93mWARN[0m No suitable input devices found
[1;37m[IO][0m [93mWARN[0m No suitable input devices found
[1;37m[DVR][0m [37mINFO[0m Checking Storage
[1;37m[IO][0m [93mWARN[0m No suitable input devices found
[1;37m[IO][0m [93mWARN[0m No suitable input devices found
[1;37m[IO][0m [93mWARN[0m No suitable input devices found
[1;37m[IO][0m [93mWARN[0m No suitable input devices found
[1;37m[IO][0m [93mWARN[0m No suitable input devices found
[1;37m[IO][0m [93mWARN[0m No suitable input devices found
[1;37m[IO][0m [93mWARN[0m No suitable input devices found
[1;37m[IO][0m [93mWARN[0m No suitable input devices found
[1;37m[IO][0m [93mWARN[0m No suitable input devices found
[1;37m[IO][0m [93mWARN[0m No suitable input devices found
[1;37m[DVR][0m [37mINFO[0m Checking Storage
[1;37m[IO][0m [93mWARN[0m No suitable input devices found
[1;37m[IO][0m [93mWARN[0m No suitable input devices found
[1;37m[DVR][0m [37mINFO[0m File rotation needed
[1;37m[DVR][0m [37mINFO[0m Rotating recording files
[1;37m[DVR][0m [37mINFO[0m Stopping [NORMAL]: /mnt/udisk/VideoFiles/Normal/N_260606_091339_#0_CH4_FR30_A.mp4

[1;37m[DVR][0m [1;36m=== Recording Statistics ===[0m
[1;37m[DVR][0m [37mINFO[0m Mode: NORMAL | Path: [48;5;58m/mnt/udisk/VideoFiles/Normal/N_260606_091339_#0_CH4_FR30_A.mp4[0m
[1;37m[DVR][0m [37mINFO[0m Resolution: 1920x1080 | Exp[New Thread 0x7ec7ffeb60 (LWP 2266779)]
ected: 60s @ 30fps = 1800 frames/channel | Actual Duration: 60.8s
[1;36mChannel Statistics[0m
=============================================================================
Channel      FPS          Received     Processed    Dropped      Success     
-----------------------------------------------------------------------------
Ch0          30           1789         1789         0            100.0%      
Ch1          30           1792         1792         0            100.0%      
Ch2          30           1794         1794         0            100.0%      
Ch3          30           1793         1793         0            100.0%      
SUB          30           60           60           0            100.0%      
AUDIO        -            2616         2616         0            100.0%      
TOTAL        -            7228         7228         0            100.0%      

[1;37m[DVR][0m [37mINFO[0m stop() [NORMAL] audio EOS sent (+100ms)
[1;37m[DVR][0m [37mINFO[0m stop() [NORMAL] audio flush wait done (+150ms)
[1;37m[DVR][0m [37mINFO[0m stop() [NORMAL] video EOS sent: yes (+150ms)
[1;37m[DVR][0m [37mINFO[0m stop() [NORMAL] EOS received: type=EOS (+181ms)
[1;37m[DVR][0m [37mINFO[0m stop() NULL complete at 0ms (+183ms)
[1;37m[DVR][0m [37mINFO[0m stop() [NORMAL] NULL complete (+183ms)
[1;37m[IO][0m [93mWARN[0m No suitable input devices found
[1;37m[DVR][0m [37mINFO[0m Recording stopped [NORMAL] (total: 183ms)
[1;37m[DVR][0m [37mINFO[0m Split mode: 1 files (4 channels per file)
[1;37m[DVR][0m [37mINFO[0m Starting NORMAL recording

[1;37m[GST][0m [1;36m=== FileWriter Pipeline ===[0m
[32mmp4mux name=mux fragment-duration=1000 ! filesink name=fsink location=/mnt/udisk/VideoFiles/Normal/N_260606_091440_#0_CH4_FR30_A.mp4 
appsrc name=dvr_source0 is-live=true do-timestamp=false format=time ! queue max-size-buffers=120 max-size-time=0 max-size-bytes=0 ! mux.video_0 
appsrc name=dvr_source1 is-live=true do-timestamp=false format=time ! queue max-size-buffers=120 max-size-time=0 max-size-bytes=0 ! mux.video_1 
appsrc name=dvr_source2 is-live=true do-timestamp=false format=time ! queue max-size-buffers=120 max-size-time=0 max-size-bytes=0 ! mux.video_2 
appsrc name=dvr_source3 is-live=true do-timestamp=false format=time ! queue max-size-buffers=120 max-size-time=0 max-size-bytes=0 ! mux.video_3 
appsrc name=dvr_source1000 is-live=true do-timestamp=false format=time caps="text/x-raw,format=utf8" ! queue max-size-buffers=120 max-size-time=0 max-size-bytes=0 ! mux.subtitle_0 
appsrc name=dvr_audio_src is-live=true do-timestamp=false format=time caps=audio/mpeg,mpegversion=4,stream-format=adts ! queue max-size-buffers=200 max-size-time=0 max-size-bytes=0 flush-on-eos=true ! mux.audio_0 
[0m
[1;37m[DVR][0m [37mINFO[0m [TIMING][NORMAL] gst_parse_launch: 1ms
[1;37m[DVR][0m [37mINFO[0m [TIMING][NORMAL] parser wait: 0ms (ready=yes)
[1;37m[DVR][0m [37mINFO[0m Recording started [NORMAL]: /mnt/udisk/VideoFiles/Normal/N_260606_091440_#0_CH4_FR30_A.mp4
[1;37m[DVR][0m [37mINFO[0m   Duration: 60s | Channels: Ch0:30fps, Ch1:30fps, Ch2:30fps, Ch3:30fps | Audio: yes
[1;37m[DVR][0m [36mDEBUG[0m Audio Anchor set: srcPts=0:22:21.218820860
[1;37m[DVR][0m [36mDEBUG[0m writeAudio #0: srcPts=0:22:21.218820860 anchor(audio)=0:22:21.218820860 filePts=0:00:00.000000000
[1;37m[DVR][0m [36mDEBUG[0m writeAudio #1: srcPts=0:22:21.242040815 anchor(audio)=0:22:21.218820860 filePts=0:00:00.023219955
[1;37m[DVR][0m [36mDEBUG[0m writeAudio #2: srcPts=0:22:21.265260770 anchor(audio)=0:22:21.218820860 filePts=0:00:00.046439910
[1;37m[DVR][0m [36mDEBUG[0m writeAudio #3: srcPts=0:22:21.288480724 anchor(audio)=0:22:21.218820860 filePts=0:00:00.069659864
[1;37m[DVR][0m [36mDEBUG[0m writeAudio #4: srcPts=0:22:21.311700679 anchor(audio)=0:22:21.218820860 filePts=0:00:00.092879819
[1;37m[DVR][0m [36mDEBUG[0m Anchor set: ch2 srcPts=0:22:21.249529400
[1;37m[DVR][0m [36mDEBUG[0m Subtitle Anchor set: srcPts=0:22:21.551284392
[1;37m[IO][0m [93mWARN[0m No suitable input devices found
[1;37m[IO][0[Detaching after vfork from child process 2266853]
[Detaching after vfork from child process 2266883]
[New Thread 0x7ed4f9eb60 (LWP 2266948)]
[Detaching after vfork from child process 2266949]
[Detaching after vfork from child process 2266951]
[Thread 0x7ed4f9eb60 (LWP 2266948) exited]
[New Thread 0x7ed4f9eb60 (LWP 2267016)]
[New Thread 0x7ed7ffeb60 (LWP 2267017)]
[New Thread 0x7ef4f9eb60 (LWP 2267018)]
[New Thread 0x7ef6fdeb60 (LWP 2267019)]
[New Thread 0x7ef67ceb60 (LWP 2267020)]
[New Thread 0x7ef5fbeb60 (LWP 2267021)]
[New Thread 0x7ef57aeb60 (LWP 2267022)]
[New Thread 0x7ed77eeb60 (LWP 2267023)]
[New Thread 0x7ed6fdeb60 (LWP 2267024)]
[New Thread 0x7ed67ceb60 (LWP 2267025)]
[New Thread 0x7ed5fbeb60 (LWP 2267026)]
[New Thread 0x7ed57aeb60 (LWP 2267027)]
[New Thread 0x7ec77eeb60 (LWP 2267028)]
[Detaching after vfork from child process 2267143]
[Detaching after vfork from child process 2267144]
[New Thread 0x7ec6fdeb60 (LWP 2267194)]
[Detaching after vfork from child process 2267195]
[Detaching after vfork from child process 2267197]
[Thread 0x7ec6fdeb60 (LWP 2267194) exited]
m [93mWARN[0m No suitable input devices found
[1;37m[IO][0m [93mWARN[0m No suitable input devices found
[1;37m[IO][0m [93mWARN[0m No suitable input devices found
[1;37m[IO][0m [93mWARN[0m No suitable input devices found
[1;37m[IO][0m [93mWARN[0m No suitable input devices found
[1;37m[IO][0m [93mWARN[0m No suitable input devices found
[1;37m[IO][0m [93mWARN[0m No suitable input devices found
[1;37m[DVR][0m [37mINFO[0m Checking Storage
[1;37m[IO][0m [93mWARN[0m No suitable input devices found
[1;37m[IO][0m [93mWARN[0m No suitable input devices found
[1;37m[IO][0m [93mWARN[0m No suitable input devices found
[1;37m[DVR][0m [37mINFO[0m Dr.Safe PUA Activated

[1;37m[GST][0m [1;36m=== FileWriter Pipeline ===[0m
[32mmp4mux name=mux fragment-duration=1000 ! filesink name=fsink location=/mnt/udisk/VideoFiles/Event/PUA/E_260606_091451_CH4_FR30_A.mp4 
appsrc name=dvr_source0 is-live=true do-timestamp=false format=time ! queue max-size-buffers=120 max-size-time=0 max-size-bytes=0 ! mux.video_0 
appsrc name=dvr_source1 is-live=true do-timestamp=false format=time ! queue max-size-buffers=120 max-size-time=0 max-size-bytes=0 ! mux.video_1 
appsrc name=dvr_source2 is-live=true do-timestamp=false format=time ! queue max-size-buffers=120 max-size-time=0 max-size-bytes=0 ! mux.video_2 
appsrc name=dvr_source3 is-live=true do-timestamp=false format=time ! queue max-size-buffers=120 max-size-time=0 max-size-bytes=0 ! mux.video_3 
appsrc name=dvr_source2000 is-live=true do-timestamp=false format=time caps="text/x-raw,format=utf8" ! queue max-size-buffers=120 max-size-time=0 max-size-bytes=0 ! mux.subtitle_0 
appsrc name=dvr_audio_src is-live=true do-timestamp=false format=time caps=audio/mpeg,mpegversion=4,stream-format=adts ! queue max-size-buffers=200 max-size-time=0 max-size-bytes=0 flush-on-eos=true ! mux.audio_0 
[0m
[1;37m[DVR][0m [37mINFO[0m [TIMING][EVENT] gst_parse_launch: 2ms
[1;37m[DVR][0m [37mINFO[0m [TIMING] initialize: 2ms
[1;37m[DVR][0m [37mINFO[0m [TIMING][EVENT] parser wait: 0ms (ready=yes)
[1;37m[DVR][0m [37mINFO[0m [95mRecording started [EVENT]: /mnt/udisk/VideoFiles/Event/PUA/E_260606_091451_CH4_FR30_A.mp4[0m
[1;37m[DVR][0m [37mINFO[0m [95m  Duration: 10+20s | Channels: Ch0:30fps, Ch1:30fps, Ch2:30fps, Ch3:30fps | Audio: yes[0m
[1;37m[DVR][0m [37mINFO[0m [TIMING] start: 17ms
[1;37m[DVR][0m [36mDEBUG[0m Anchor set: ch3 srcPts=0:22:23.527397963
[1;37m[DVR][0m [36mDEBUG[0m Audio Anchor set: srcPts=0:22:23.540816325
[1;37m[DVR][0m [36mDEBUG[0m writeAudio #0: srcPts=0:22:23.540816325 anchor(video)=0:22:23.527397963 filePts=0:00:00.000000000
[1;37m[DVR][0m [36mDEBUG[0m writeAudio #1: srcPts=0:22:23.564036280 anchor(video)=0:22:23.527397963 filePts=0:00:00.023219955
[1;37m[DVR][0m [36mDEBUG[0m writeAudio #2: srcPts=0:22:23.587256235 anchor(video)=0:22:23.527397963 filePts=0:00:00.046439910
[1;37m[DVR][0m [36mDEBUG[0m writeAudio #3: srcPts=0:22:23.610476189 anchor(video)=0:22:23.527397963 filePts=0:00:00.069659864
[1;37m[DVR][0m [36mDEBUG[0m writeAudio #4: srcPts=0:22:23.633696144 anchor(video)=0:22:23.527397963 filePts=0:00:00.092879819
[1;37m[DVR][0m [36mDEBUG[0m Subtitle Anchor set: srcPts=0:22:24.617910836
[1;37m[DVR][0m [37mINFO[0m [TIMING] video/audio/subtitle flush (1647 frames): 41ms
[1;37m[DVR][0m [37mINFO[0m [TIMING] startEventRecording total: 61ms
[1;37m[IO][0m [93mWARN[0m No suitable input devices found
[1;37m[IO][0m [93mWARN[0m No suitable input devices found
[1;37m[IO][0m [93mWARN[0m No suitable input devices found
[1;37m[IO][0m [93mWARN[0m No suitable input devices found
[1;37m[IO][0m [93mWARN[0m No suitable input devices found
[1;37m[IO][0m [93mWARN[0m No suitable input devices found
[1;37m[IO][0m [93mWARN[0m No suitable input devices found
[1;37m[DVR][0m [37mINFO[0m Checking Storage
[1;37m[IO][0m [93mWARN[0m No suitable input devices found
[1;37m[IO][0m [93mWARN[0m No suitable input devices found
[1;37m[IO][0m [93mWARN[0m No suitable input devices found
[Detaching after vfork from child process 2267378]
[Detaching after vfork from child process 2267380]
[Thread 0x7ec77eeb60 (LWP 2267028) exited]
[New Thread 0x7ec77eeb60 (LWP 2267428)]
[Detaching after vfork from child process 2267429]
[Detaching after vfork from child process 2267433]
[Thread 0x7ec77eeb60 (LWP 2267428) exited]
[Thread 0x7ef4f9eb60 (LWP 2267018) exited]
[Thread 0x7ed7ffeb60 (LWP 2267017) exited]
[Thread 0x7ed4f9eb60 (LWP 2267016) exited]
[Thread 0x7ef6fdeb60 (LWP 2267019) exited]
[Thread 0x7ef57aeb60 (LWP 2267022) exited]
[Thread 0x7ed57aeb60 (LWP 2267027) exited]
[Thread 0x7ed5fbeb60 (LWP 2267026) exited]
[Thread 0x7ed67ceb60 (LWP 2267025) exited]
[Thread 0x7ed77eeb60 (LWP 2267023) exited]
[Thread 0x7ef5fbeb60 (LWP 2267021) exited]
[Thread 0x7ef67ceb60 (LWP 2267020) exited]
[Thread 0x7ed6fdeb60 (LWP 2267024) exited]
[Detaching after vfork from child process 2267614]
[Detaching after vfork from child process 2267615]
[New Thread 0x7ed6fdeb60 (LWP 2267616)]
[Detaching after vfork from child process 2267617]
[Detaching after vfork from child process 2267619]
[Thread 0x7ed6fdeb60 (LWP 2267616) exited]
[Thread 0x7ec7ffeb60 (LWP 2266779) exited]
[Detaching after vfork from child process 2267849]
[Detaching after vfork from child process 2267850]
[New Thread 0x7ec7ffeb60 (LWP 2267851)]
[Detaching after vfork from child process 2267852]
[Detaching after vfork from child process 2267854]
[Thread 0x7ec7ffeb60 (LWP 2267851) exited]
[1;37m[IO][0m [93mWARN[0m No suitable input devices found
[1;37m[IO][0m [93mWARN[0m No suitable input devices found
[1;37m[IO][0m [93mWARN[0m No suitable input devices found
[1;37m[IO][0m [93mWARN[0m No suitable input devices found
[1;37m[IO][0m [93mWARN[0m No suitable input devices found
[1;37m[IO][0m [93mWARN[0m No suitable input devices found
[1;37m[IO][0m [93mWARN[0m No suitable input devices found
[1;37m[IO][0m [93mWARN[0m No suitable input devices found
[1;37m[DVR][0m [37mINFO[0m Checking Storage
[1;37m[IO][0m [93mWARN[0m No suitable input devices found
[1;37m[IO][0m [93mWARN[0m No suitable input devices found
[1;37m[IO][0m [93mWARN[0m No suitable input devices found
[1;37m[DVR][0m [37mINFO[0m [95mStopping [EVENT]: /mnt/udisk/VideoFiles/Event/PUA/E_260606_091451_CH4_FR30_A.mp4[0m

[1;37m[DVR][0m [1;36m=== Recording Statistics ===[0m
[1;37m[DVR][0m [37mINFO[0m Mode: EVENT | Path: [48;5;58m/mnt/udisk/VideoFiles/Event/PUA/E_260606_091451_CH4_FR30_A.mp4[0m
[1;37m[DVR][0m [37mINFO[0m Resolution: 1920x1080 | Expected: 10s+20s @ 30fps = 300+600 = 900 frames/channel | Actual Duration: 20.1s
[1;36mChannel Statistics[0m
=============================================================================
Channel      FPS          Received     Processed    Dropped      Success     
-----------------------------------------------------------------------------
Ch0          30           887          887          0            100.0%      
Ch1          30           888          888          0            100.0%      
Ch2          30           887          887          0            100.0%      
Ch3          30           888          888          0            100.0%      
SUB          30           29           29           0            100.0%      
AUDIO        -            1297         1297         0            100.0%      
TOTAL        -            3579         3579         0            100.0%      

[1;37m[DVR][0m [37mINFO[0m stop() [EVENT] audio EOS sent (+100ms)
[1;37m[DVR][0m [37mINFO[0m stop() [EVENT] audio flush wait done (+150ms)
[1;37m[DVR][0m [37mINFO[0m stop() [EVENT] video EOS sent: yes (+150ms)
[1;37m[DVR][0m [37mINFO[0m stop() [EVENT] EOS received: type=EOS (+171ms)
[1;37m[DVR][0m [37mINFO[0m stop() NULL complete at 0ms (+173ms)
[1;37m[DVR][0m [37mINFO[0m stop() [EVENT] NULL complete (+173ms)
[1;37m[DVR][0m [37mINFO[0m [95mRecording stopped [EVENT] (total: 174ms)[0m
[1;37m[DVR][0m [1;32mOK[0m [95mEvent recording stopped[0m
[1;37m[IO][0m [93mWARN[0m No suitable input devices found
[1;37m[IO][0m [93mWARN[0m No suitable input devices found
[1;37m[IO][0m [93mWARN[0m No suitable input devices found
[1;37m[IO][0m [93mWARN[0m No suitable input devices found
[1;37m[IO][0m [93mWARN[0m No suitable input devices found
[1;37m[IO][0m [93mWARN[0m No suitable input devices found
[1;37m[IO][0m [93mWARN[0m No suitable input devices found
[1;37m[DVR][0m [37mINFO[0m Checking Storage
[1;37m[IO][0m [93mWARN[0m No suitable input devices found
[1;37m[IO][0m [93mWARN[0m No suitable input devices found
[1;37m[IO][0m [93mWARN[0m No suitable input devices found
[1;37m[IO][0m [93mWARN[0m No suitable input devices found
[1;37m[IO][0m [93mWARN[0m No suitable input devices found
[1;37m[IO][0m [93mWARN[0m No suitable input devices found
[1;37m[IO][0m [93mWARN[0m No suitable input devices found
[1;37m[IO][0m [93mWARN[0m No suitable input devices found
[1;37m[IO][0m [93mWARN[0m No suitable input devices found
[1;37m[IO][0m [93mWARN[0m No suitable input devices found
[1;37m[IO][0m [93mWARN[0m No suitable input devices found
[1;37m[DVR][0m [37mINFO[0m Checking Storage
[1;37m[IO][0m [93mWARN[0m No suitable input devices found
[1;37m[IO][0m [93mWARN[0m No suitable input devices found
[1;37m[DVR][0m [37mINFO[0m Dr.Safe PUA Activated

[1;37m[GST][0m [1;36m=== FileWriter Pipeline ===[0m
[32mmp4mux name=mux fragment-duration=1000 ! filesink name=fsink location=/mnt/udi[New Thread 0x7ec7ffeb60 (LWP 2267905)]
[New Thread 0x7ed6fdeb60 (LWP 2267906)]
[New Thread 0x7ef67ceb60 (LWP 2267907)]
[New Thread 0x7ed67ceb60 (LWP 2267908)]
[New Thread 0x7ef6fdeb60 (LWP 2267909)]
[New Thread 0x7ef5fbeb60 (LWP 2267910)]
[New Thread 0x7ef57aeb60 (LWP 2267911)]
[New Thread 0x7ef4f9eb60 (LWP 2267912)]
[New Thread 0x7ed7ffeb60 (LWP 2267913)]
[New Thread 0x7ed77eeb60 (LWP 2267914)]
[New Thread 0x7ed5fbeb60 (LWP 2267915)]
[New Thread 0x7ed57aeb60 (LWP 2267916)]
[New Thread 0x7ed4f9eb60 (LWP 2267917)]
[New Thread 0x7ec77eeb60 (LWP 2267918)]
[New Thread 0x7ec6fdeb60 (LWP 2268102)]
[Detaching after vfork from child process 2268103]
[Detaching after vfork from child process 2268105]
[Thread 0x7ec6fdeb60 (LWP 2268102) exited]
[Detaching after vfork from child process 2268156]
[Detaching after vfork from child process 2268157]
sk/VideoFiles/Event/PUA/E_260606_091530_CH4_FR30_A.mp4 
appsrc name=dvr_source0 is-live=true do-timestamp=false format=time ! queue max-size-buffers=120 max-size-time=0 max-size-bytes=0 ! mux.video_0 
appsrc name=dvr_source1 is-live=true do-timestamp=false format=time ! queue max-size-buffers=120 max-size-time=0 max-size-bytes=0 ! mux.video_1 
appsrc name=dvr_source2 is-live=true do-timestamp=false format=time ! queue max-size-buffers=120 max-size-time=0 max-size-bytes=0 ! mux.video_2 
appsrc name=dvr_source3 is-live=true do-timestamp=false format=time ! queue max-size-buffers=120 max-size-time=0 max-size-bytes=0 ! mux.video_3 
appsrc name=dvr_source2000 is-live=true do-timestamp=false format=time caps="text/x-raw,format=utf8" ! queue max-size-buffers=120 max-size-time=0 max-size-bytes=0 ! mux.subtitle_0 
appsrc name=dvr_audio_src is-live=true do-timestamp=false format=time caps=audio/mpeg,mpegversion=4,stream-format=adts ! queue max-size-buffers=200 max-size-time=0 max-size-bytes=0 flush-on-eos=true ! mux.audio_0 
[0m
[1;37m[DVR][0m [37mINFO[0m [TIMING][EVENT] gst_parse_launch: 1ms
[1;37m[DVR][0m [37mINFO[0m [TIMING] initialize: 1ms
[1;37m[DVR][0m [37mINFO[0m [TIMING][EVENT] parser wait: 0ms (ready=yes)
[1;37m[DVR][0m [37mINFO[0m [95mRecording started [EVENT]: /mnt/udisk/VideoFiles/Event/PUA/E_260606_091530_CH4_FR30_A.mp4[0m
[1;37m[DVR][0m [37mINFO[0m [95m  Duration: 10+20s | Channels: Ch0:30fps, Ch1:30fps, Ch2:30fps, Ch3:30fps | Audio: yes[0m
[1;37m[DVR][0m [37mINFO[0m [TIMING] start: 19ms
[1;37m[DVR][0m [36mDEBUG[0m Anchor set: ch1 srcPts=0:23:02.650333877
[1;37m[DVR][0m [36mDEBUG[0m Audio Anchor set: srcPts=0:23:02.666439908
[1;37m[DVR][0m [36mDEBUG[0m writeAudio #0: srcPts=0:23:02.666439908 anchor(video)=0:23:02.650333877 filePts=0:00:00.000000000
[1;37m[DVR][0m [36mDEBUG[0m writeAudio #1: srcPts=0:23:02.689659863 anchor(video)=0:23:02.650333877 filePts=0:00:00.023219955
[1;37m[DVR][0m [36mDEBUG[0m writeAudio #2: srcPts=0:23:02.712879817 anchor(video)=0:23:02.650333877 filePts=0:00:00.046439909
[1;37m[DVR][0m [36mDEBUG[0m writeAudio #3: srcPts=0:23:02.736099772 anchor(video)=0:23:02.650333877 filePts=0:00:00.069659864
[1;37m[DVR][0m [36mDEBUG[0m writeAudio #4: srcPts=0:23:02.759319727 anchor(video)=0:23:02.650333877 filePts=0:00:00.092879819
[1;37m[DVR][0m [36mDEBUG[0m Subtitle Anchor set: srcPts=0:23:04.284042848
[1;37m[DVR][0m [37mINFO[0m [TIMING] video/audio/subtitle flush (1645 frames): 48ms
[1;37m[DVR][0m [37mINFO[0m [TIMING] startEventRecording total: 70ms
[1;37m[IO][0m [93mWARN[0m No suitable input devices found
[1;37m[IO][0m [93mWARN[0m No suitable input devices found
[1;37m[IO][0m [93mWARN[0m No suitable input devices found
[1;37m[IO][0m [93mWARN[0m No suitable input devices found
[1;37m[IO][0m [93mWARN[0m No suitable input devices found
[1;37m[IO][0m [93mWARN[0m No suitable input devices found
[1;37m[IO][0m [93mWARN[0m No suitable input devices found
[1;37m[IO][0m [93mWARN[0m No suitable input devices found
[1;37m[DVR][0m [37mINFO[0m Checking Storage
[1;37m[IO][0m [93mWARN[0m No suitable input devices found
[1;37m[IO][0m [93mWARN[0m No suitable input devices found
[1;37m[DVR][0m [37mINFO[0m File rotation needed
[1;37m[DVR][0m [37mINFO[0m Rotating recording files
[1;37m[DVR][0m [37mINFO[0m Stopping [NORMAL]: /mnt/udisk/VideoFiles/Normal/N_260606_091440_#0_CH4_FR30_A.mp4

[1;37m[DVR][0m [1;36m=== Recording Statistics ===[0m
[1;37m[DVR][0m [37mINFO[0m Mode: NORMAL | Path: [48;5;58m/mnt/udisk/VideoFiles/Normal/N_260606_091440_#0_CH4_FR30_A.mp4[0m
[1;37m[DVR][0m [37mINFO[0m Resolution: 1920x1080 | Expected: 60s @ 30fps = 1800 frames/channel | Actual Duration: 60.8s
[1;36mChannel Statistics[0m
=============================================================================
Channel      FPS          Received     Processed    Dropped      Success     
-----------------------------------------------------------------------------
Ch0          30           1788         1788         0            100.0%      
Ch1          30           1793         1793         0            100.0%      
Ch2          30           1789         1789         0            100.0%      
Ch3          30           1789         1789         0            100.0%      
SUB          30           60           60           0            100.0%      
AUDIO        -            2615         2615         0            100.0%      
TOTAL        -            7219         7219         0            100.0%      

[1;37m[DVR][0m [37mINFO[0m stop() [NORMAL] audio EOS sent (+100ms)
[1;37m[DVR][0m [37mINFO[0m stop() [NORMAL] audio flush wait done (+150ms)
[1;37m[DVR][0m [37mINFO[0m stop() [NORMAL] video EOS sent: yes (+150ms)
[1;37m[DVR][0m [37mINFO[0m stop() [NORMAL] EOS received: type=EOS (+192ms)
[1;37m[DVR][0m [37mINFO[0m stop() NULL complete at 0ms (+195ms)
[1;37m[DVR][0m [37mINFO[0m stop() [NORMAL] NULL complete (+195ms)
[1;37m[DVR][0m [37mINFO[0m Recording stopped [NORMAL] (total: 196ms)
[1;37m[DVR][0m [37mINFO[0m Split mode: 1 files (4 channels per file)
[1;37m[DVR][0m [37mINFO[0m Starting NORMAL recording

[1;37m[GST][0m [1;36m=== FileWriter Pipeline ===[0m
[32mmp4mux name=mux fragment-duration=1000 ! filesink name=fsink location=/mnt/udisk/VideoFiles/Normal/N_260606_091540_#0_CH4_FR30_A.mp4 
appsrc name=dvr_source0 is-live=true do-timestamp=false format=time ! queue max-size-buffers=120 max-size-time=0 max-size-bytes=0 ! mux.video_0 
appsrc name=dvr_source1 is-live=true do-timestamp=false format=time ! queue max-size-buffers=120 max-size-time=0 max-size-bytes=0 ! mux.video_1 
appsrc name=dvr_source2 is-live=true do-timestamp=false format=time ! queue max-size-buffers=120 max-size-time=0 max-size-bytes=0 ! mux.video_2 
appsrc name=dvr_source3 is-live=true do-timestamp=false format=time ! queue max-size-buffers=120 max-size-time=0 max-size-bytes=0 ! mux.video_3 
appsrc name=dvr_source1000 is-live=true do-timestamp=false format=time caps="text/x-raw,format=utf8" ! queue max-size-buffers=120 max-size-time=0 max-size-bytes=0 ! mux.subtitle_0 
appsrc name=dvr_audio_src is-live=true do-timestamp=false format=time caps=audio/mpeg,mpegversion=4,stream-format=adts ! queue max-size-buffers=200 max-size-time=0 max-size-bytes=0 flush-on-eos=true ! mux.audio_0 
[0m
[1;37m[DVR][0m [37mINFO[0m [TIMING][NORMAL] gst_parse_launch: 1ms
[1;37m[DVR][0m [37mINFO[0m [TIMING][NORMAL] parser wait: 0ms (ready=yes)
[1;37m[DVR][0m [37mINFO[0m Recording started [NORMAL]: /mnt/udisk/VideoFiles/Normal/N_260606_091540_#0_CH4_FR30_A.mp4
[1;37m[DVR][0m [37mINFO[0m   Duration: 60s | Channels: Ch0:30fps, Ch1:30fps, Ch2:30fps, Ch3:30fps | Audio: yes
[1;37m[DVR][0m [36mDEBUG[0m Anchor set: ch1 srcPts=0:23:22.183585365
[1;37m[DVR][0m [36mDEBUG[0m Audio Anchor set: srcPts=0:23:22.147981858
[1;37m[DVR][0m [36mDEBUG[0m writeAudio #0: srcPts=0:23:22.147981858 anchor(video)=0:23:22.183585365 filePts=0:00:00.000000000
[1;37m[DVR][0m [36mDEBUG[0m writeAudio #1: srcPts=0:23:22.171201813 anchor(video)=0:23:22.183585365 filePts=0:00:00.023219955
[1;37m[DVR][0m [36mDEBUG[0m writeAudio #2: srcPts=0:23:22.194421767 anchor(video)=0:23:22.183585365 filePts=0:00:00.046439909
[1;37m[DVR][0m [36mDEBUG[0m writeAudio #3: srcPts=0:23:22.217641722 anchor(video)=0:23:22.183585365 filePts=0:00:00.069659864
[1;37m[DVR][0m [36mDEBUG[0m writeAudio #4: srcPts=0:23:22.240861677 anchor(video)=0:23:22.183585365 filePts=0:00:00.092879819
[1;37m[DVR][0m [36mDEBUG[0m Subtitle Anchor set: srcPts=0:23:22.350410482
[1;37m[IO][0m [93mWARN[0m No suitable input devices found
[1;37m[IO][0m [93mWARN[0m No suitable input devices found
[1;37m[IO][0m [93mWARN[0m No suitable input devices found
[1;37m[IO][0m [93mWARN[0m No suitable input devices found
[1;37m[IO][0m [93mWARN[0m No suitable input devices found
[1;37m[IO][0m [93mWARN[0m No suitable input devices found
[1;37m[IO][0m [93mWARN[0m No suitable input devices found
[1;37m[IO][0m [93mWARN[0m No suitable input devices found
[1;37m[IO][0m [93mWA[New Thread 0x7ec6fdeb60 (LWP 2268348)]
[Detaching after vfork from child process 2268349]
[Detaching after vfork from child process 2268351]
[Thread 0x7ec6fdeb60 (LWP 2268348) exited]
[Detaching after vfork from child process 2268404]
[Detaching after vfork from child process 2268405]
[Thread 0x7ec7ffeb60 (LWP 2267905) exited]
[Thread 0x7ed6fdeb60 (LWP 2267906) exited]
[Thread 0x7ed67ceb60 (LWP 2267908) exited]
[Thread 0x7ef6fdeb60 (LWP 2267909) exited]
[Thread 0x7ef67ceb60 (LWP 2267907) exited]
[Thread 0x7ef5fbeb60 (LWP 2267910) exited]
[Thread 0x7ef57aeb60 (LWP 2267911) exited]
[Thread 0x7ef4f9eb60 (LWP 2267912) exited]
[Thread 0x7ed7ffeb60 (LWP 2267913) exited]
[Thread 0x7ed77eeb60 (LWP 2267914) exited]
[Thread 0x7ed57aeb60 (LWP 2267916) exited]
[Thread 0x7ed5fbeb60 (LWP 2267915) exited]
[Thread 0x7ed4f9eb60 (LWP 2267917) exited]
[Thread 0x7ec77eeb60 (LWP 2267918) exited]
[New Thread 0x7ec77eeb60 (LWP 2268591)]
[Detaching after vfork from child process 2268592]
[Detaching after vfork from child process 2268594]
[Thread 0x7ec77eeb60 (LWP 2268591) exited]
[Detaching after vfork from child process 2268647]
[Detaching after vfork from child process 2268648]
[New Thread 0x7ec77eeb60 (LWP 2268834)]
[Detaching after vfork from child process 2268835]
[Detaching after vfork from child process 2268837]
[Thread 0x7ec77eeb60 (LWP 2268834) exited]
[Detaching after vfork from child process 2268890]
[Detaching after vfork from child process 2268905]

(SafeView_R2.1.0H9:2249683): GStreamer-WARNING **: 09:16:17.946: gst_mini_object_remove_parent: couldn't find parent 0x7f78003b80 (object:0x7f68019fe0)

(SafeView_R2.1.0H9:2249683): GStreamer-WARNING **: 09:16:17.975: free_priv_data: object finalizing but still has 1 parents (object:0x7f78003b80)
[New Thread 0x7ec77eeb60 (LWP 2269077)]
[Detaching after vfork from child process 2269078]
[Detaching after vfork from child process 2269080]
[Thread 0x7ec77eeb60 (LWP 2269077) exited]
RN[0m No suitable input devices found
[1;37m[DVR][0m [37mINFO[0m Checking Storage
[1;37m[IO][0m [93mWARN[0m No suitable input devices found
[1;37m[DVR][0m [37mINFO[0m [95mStopping [EVENT]: /mnt/udisk/VideoFiles/Event/PUA/E_260606_091530_CH4_FR30_A.mp4[0m

[1;37m[DVR][0m [1;36m=== Recording Statistics ===[0m
[1;37m[DVR][0m [37mINFO[0m Mode: EVENT | Path: [48;5;58m/mnt/udisk/VideoFiles/Event/PUA/E_260606_091530_CH4_FR30_A.mp4[0m
[1;37m[DVR][0m [37mINFO[0m Resolution: 1920x1080 | Expected: 10s+20s @ 30fps = 300+600 = 900 frames/channel | Actual Duration: 20.1s
[1;36mChannel Statistics[0m
=============================================================================
Channel      FPS          Received     Processed    Dropped      Success     
-----------------------------------------------------------------------------
Ch0          30           887          887          0            100.0%      
Ch1          30           889          889          0            100.0%      
Ch2          30           887          887          0            100.0%      
Ch3          30           887          887          0            100.0%      
SUB          30           29           29           0            100.0%      
AUDIO        -            1295         1295         0            100.0%      
TOTAL        -            3579         3579         0            100.0%      

[1;37m[DVR][0m [37mINFO[0m stop() [EVENT] audio EOS sent (+100ms)
[1;37m[DVR][0m [37mINFO[0m stop() [EVENT] audio flush wait done (+150ms)
[1;37m[DVR][0m [37mINFO[0m stop() [EVENT] video EOS sent: yes (+150ms)
[1;37m[DVR][0m [37mINFO[0m stop() [EVENT] EOS received: type=EOS (+183ms)
[1;37m[DVR][0m [37mINFO[0m stop() NULL complete at 0ms (+185ms)
[1;37m[DVR][0m [37mINFO[0m stop() [EVENT] NULL complete (+185ms)
[1;37m[DVR][0m [37mINFO[0m [95mRecording stopped [EVENT] (total: 186ms)[0m
[1;37m[DVR][0m [1;32mOK[0m [95mEvent recording stopped[0m
[1;37m[IO][0m [93mWARN[0m No suitable input devices found
[1;37m[IO][0m [93mWARN[0m No suitable input devices found
[1;37m[IO][0m [93mWARN[0m No suitable input devices found
[1;37m[IO][0m [93mWARN[0m No suitable input devices found
[1;37m[IO][0m [93mWARN[0m No suitable input devices found
[1;37m[IO][0m [93mWARN[0m No suitable input devices found
[1;37m[IO][0m [93mWARN[0m No suitable input devices found
[1;37m[IO][0m [93mWARN[0m No suitable input devices found
[1;37m[IO][0m [93mWARN[0m No suitable input devices found
[1;37m[DVR][0m [37mINFO[0m Checking Storage
[1;37m[IO][0m [93mWARN[0m No suitable input devices found
[1;37m[IO][0m [93mWARN[0m No suitable input devices found
[1;37m[IO][0m [93mWARN[0m No suitable input devices found
[1;37m[IO][0m [93mWARN[0m No suitable input devices found
[1;37m[IO][0m [93mWARN[0m No suitable input devices found
[1;37m[IO][0m [93mWARN[0m No suitable input devices found
[1;37m[IO][0m [93mWARN[0m No suitable input devices found
[1;37m[IO][0m [93mWARN[0m No suitable input devices found
[1;37m[IO][0m [93mWARN[0m No suitable input devices found
[1;37m[IO][0m [93mWARN[0m No suitable input devices found
[1;37m[IO][0m [93mWARN[0m No suitable input devices found
[1;37m[DVR][0m [37mINFO[0m Checking Storage
[1;37m[IO][0m [93mWARN[0m No suitable input devices found
[1;37m[IO][0m [93mWARN[0m No suitable input devices found
[1;37m[IO][0m [93mWARN[0m No suitable input devices found
[1;37m[IO][0m [93mWARN[0m No suitable input devices found
[1;37m[IO][0m [93mWARN[0m No suitable input devices found
[1;37m[IO][0m [93mWARN[0m No suitable input devices found
[1;37m[IO][0m [93mWARN[0m No suitable input devices found
[1;37m[IO][0m [93mWARN[0m No suitable input devices found
[1;37m[IO][0m [93mWARN[0m No suitable input devices found
[1;37m[IO][0m [93mWARN[0m No suitable input devices found
[1;37m[DVR][0m [37mINFO[0m Checking Storage
[1;37m[IO][0m [93mWARN[0m No suitable input devices found
[1;37m[IO][0m [93mWARN[0m No suitable in[Detaching after vfork from child process 2269200]
[Detaching after vfork from child process 2269201]
[New Thread 0x7ec77eeb60 (LWP 2269202)]
[New Thread 0x7ed4f9eb60 (LWP 2269203)]
[New Thread 0x7ed5fbeb60 (LWP 2269204)]
[New Thread 0x7ed57aeb60 (LWP 2269205)]
[New Thread 0x7ef6fdeb60 (LWP 2269206)]
[New Thread 0x7ef67ceb60 (LWP 2269207)]
[New Thread 0x7ef5fbeb60 (LWP 2269208)]
[New Thread 0x7ef57aeb60 (LWP 2269209)]
[New Thread 0x7ef4f9eb60 (LWP 2269210)]
[New Thread 0x7ed7ffeb60 (LWP 2269211)]
[New Thread 0x7ed77eeb60 (LWP 2269212)]
[New Thread 0x7ed6fdeb60 (LWP 2269213)]
[New Thread 0x7ed67ceb60 (LWP 2269214)]
[New Thread 0x7ec7ffeb60 (LWP 2269215)]
[New Thread 0x7ec6fdeb60 (LWP 2269336)]
[Detaching after vfork from child process 2269337]
[Detaching after vfork from child process 2269339]
[Thread 0x7ec6fdeb60 (LWP 2269336) exited]
[Detaching after vfork from child process 2269461]
[Detaching after vfork from child process 2269462]
[Thread 0x7ec7ffeb60 (LWP 2269215) exited]
[New Thread 0x7ec7ffeb60 (LWP 2269583)]
[Detaching after vfork from child process 2269584]
[Detaching after vfork from child process 2269586]
[Thread 0x7ec7ffeb60 (LWP 2269583) exited]
put devices found
[1;37m[IO][0m [93mWARN[0m No suitable input devices found
[1;37m[IO][0m [93mWARN[0m No suitable input devices found
[1;37m[DVR][0m [37mINFO[0m Dr.Safe PUA Activated

[1;37m[GST][0m [1;36m=== FileWriter Pipeline ===[0m
[32mmp4mux name=mux fragment-duration=1000 ! filesink name=fsink location=/mnt/udisk/VideoFiles/Event/PUA/E_260606_091623_CH4_FR30_A.mp4 
appsrc name=dvr_source0 is-live=true do-timestamp=false format=time ! queue max-size-buffers=120 max-size-time=0 max-size-bytes=0 ! mux.video_0 
appsrc name=dvr_source1 is-live=true do-timestamp=false format=time ! queue max-size-buffers=120 max-size-time=0 max-size-bytes=0 ! mux.video_1 
appsrc name=dvr_source2 is-live=true do-timestamp=false format=time ! queue max-size-buffers=120 max-size-time=0 max-size-bytes=0 ! mux.video_2 
appsrc name=dvr_source3 is-live=true do-timestamp=false format=time ! queue max-size-buffers=120 max-size-time=0 max-size-bytes=0 ! mux.video_3 
appsrc name=dvr_source2000 is-live=true do-timestamp=false format=time caps="text/x-raw,format=utf8" ! queue max-size-buffers=120 max-size-time=0 max-size-bytes=0 ! mux.subtitle_0 
appsrc name=dvr_audio_src is-live=true do-timestamp=false format=time caps=audio/mpeg,mpegversion=4,stream-format=adts ! queue max-size-buffers=200 max-size-time=0 max-size-bytes=0 flush-on-eos=true ! mux.audio_0 
[0m
[1;37m[DVR][0m [37mINFO[0m [TIMING][EVENT] gst_parse_launch: 1ms
[1;37m[DVR][0m [37mINFO[0m [TIMING] initialize: 2ms
[1;37m[DVR][0m [37mINFO[0m [TIMING][EVENT] parser wait: 0ms (ready=yes)
[1;37m[DVR][0m [37mINFO[0m [95mRecording started [EVENT]: /mnt/udisk/VideoFiles/Event/PUA/E_260606_091623_CH4_FR30_A.mp4[0m
[1;37m[DVR][0m [37mINFO[0m [95m  Duration: 10+20s | Channels: Ch0:30fps, Ch1:30fps, Ch2:30fps, Ch3:30fps | Audio: yes[0m
[1;37m[DVR][0m [37mINFO[0m [TIMING] start: 27ms
[1;37m[DVR][0m [36mDEBUG[0m Anchor set: ch0 srcPts=0:23:52.849941504
[1;37m[DVR][0m [36mDEBUG[0m Subtitle Anchor set: srcPts=0:23:53.649841978
[1;37m[DVR][0m [36mDEBUG[0m Audio Anchor set: srcPts=0:23:55.607936507
[1;37m[DVR][0m [36mDEBUG[0m writeAudio #0: srcPts=0:23:55.607936507 anchor(video)=0:23:52.849941504 filePts=0:00:00.000000000
[1;37m[DVR][0m [36mDEBUG[0m writeAudio #1: srcPts=0:23:55.631156461 anchor(video)=0:23:52.849941504 filePts=0:00:00.023219954
[1;37m[DVR][0m [36mDEBUG[0m writeAudio #2: srcPts=0:23:55.654376416 anchor(video)=0:23:52.849941504 filePts=0:00:00.046439909
[1;37m[DVR][0m [36mDEBUG[0m writeAudio #3: srcPts=0:23:55.677596371 anchor(video)=0:23:52.849941504 filePts=0:00:00.069659864
[1;37m[DVR][0m [36mDEBUG[0m writeAudio #4: srcPts=0:23:55.700816325 anchor(video)=0:23:52.849941504 filePts=0:00:00.092879818
[1;37m[DVR][0m [37mINFO[0m [TIMING] video/audio/subtitle flush (1650 frames): 23ms
[1;37m[DVR][0m [37mINFO[0m [TIMING] startEventRecording total: 52ms
[1;37m[IO][0m [93mWARN[0m No suitable input devices found
[1;37m[IO][0m [93mWARN[0m No suitable input devices found
[1;37m[IO][0m [93mWARN[0m No suitable input devices found
[1;37m[IO][0m [93mWARN[0m No suitable input devices found
[1;37m[IO][0m [93mWARN[0m No suitable input devices found
[1;37m[IO][0m [93mWARN[0m No suitable input devices found
[1;37m[DVR][0m [37mINFO[0m Checking Storage
[1;37m[IO][0m [93mWARN[0m No suitable input devices found
[1;37m[IO][0m [93mWARN[0m No suitable input devices found
[1;37m[IO][0m [93mWARN[0m No suitable input devices found
[1;37m[IO][0m [93mWARN[0m No suitable input devices found
[1;37m[IO][0m [93mWARN[0m No suitable input devices found
[1;37m[IO][0m [93mWARN[0m No suitable input devices found
[1;37m[IO][0m [93mWARN[0m No suitable input devices found
[1;37m[IO][0m [93mWARN[0m No suitable input devices found
[1;37m[IO][0m [93mWARN[0m No suitable input devices found
[1;37m[IO][0m [93mWARN[0m No suitable input devices found
[1;37m[IO][0m [93mWARN[0m No suitable input devices found
[1;37m[DVR][0m [37mINFO[0m Checking Storage
[1;37m[IO][0m [93mWARN[0m No suitable input devices found
[1;37m[IO][0m [93mWARN[0m No suitable input devices found
[1;37m[DVR][0m [37mINFO[0m File rotation needed
[1;37m[DVR][0m [37mINFO[0m Rotating recording files
[1;37m[DVR][0m [37mINFO[0m Stopping [NORMAL]: /mnt/udisk/VideoFiles/Normal/N_260606_091540_#0_CH4_FR30_A.mp4

[1;37m[DVR][0m [1;36m=== Recording Statistics ===[0m
[1;37m[DVR][0m [37mINFO[0m Mode: NORMAL | Path: [48;5;58m/mnt/udisk/VideoFiles/Normal/N_260606_091540_#0_CH4_FR30_A.mp4[0m
[1;37m[DVR][0m [37mINFO[0m Resolution: 1920x1080 | Expected: 60s @ 30fps = 1800 frames/channel | Actual Duration: 60.7s
[1;36mChannel Statistics[0m
=============================================================================
Channel      FPS          Received     Processed    Dropped      Success     
-----------------------------------------------------------------------------
Ch0          30           1203         1203         0            100.0%      
Ch1          30           1800         1800         0            100.0%      
Ch2          30           1799         1799         0            100.0%      
Ch3          30           1800         1800         0            100.0%      
SUB          30           41           41           0            100.0%      
AUDIO        -            2614         2614         0            100.0%      
TOTAL        -            6643         6643         0            100.0%      

[1;37m[DVR][0m [37mINFO[0m stop() [NORMAL] audio EOS sent (+100ms)
[1;37m[DVR][0m [37mINFO[0m stop() [NORMAL] audio flush wait done (+150ms)
[1;37m[DVR][0m [37mINFO[0m stop() [NORMAL] video EOS sent: yes (+150ms)
[1;37m[DVR][0m [37mINFO[0m stop() [NORMAL] EOS received: type=EOS (+423ms)
[1;37m[DVR][0m [37mINFO[0m stop() NULL complete at 0ms (+425ms)
[1;37m[DVR][0m [37mINFO[0m stop() [NORMAL] NULL complete (+425ms)
[1;37m[DVR][0m [37mINFO[0m Recording stopped [NORMAL] (total: 425ms)
[1;37m[DVR][0m [37mINFO[0m Split mode: 1 files (4 channels per file)
[1;37m[DVR][0m [37mINFO[0m Starting NORMAL recording

[1;37m[GST][0m [1;36m=== FileWriter Pipeline ===[0m
[32mmp4mux name=mux fragment-duration=1000 ! filesink name=fsink location=/mnt/udisk/VideoFiles/Normal/N_260606_091642_#0_CH4_FR30_A.mp4 
appsrc name=dvr_source0 is-live=true do-timestamp=false format=time ! queue max-size-buffers=120 max-size-time=0 max-size-bytes=0 ! mux.video_0 
appsrc name=dvr_source1 is-live=true do-timestamp=false format=time ! queue max-size-buffers=120 max-size-time=0 max-size-bytes=0 ! mux.video_1 
appsrc name=dvr_source2 is-live=true do-timestamp=false format=time ! queue max-size-buffers=120 max-size-time=0 max-size-bytes=0 ! mux.video_2 
appsrc name=dvr_source3 is-live=true do-timestamp=false format=time ! queue max-size-buffers=120 max-size-time=0 max-size-bytes=0 ! mux.video_3 
appsrc name=dvr_source1000 is-live=true do-timestamp=false format=time caps="text/x-raw,format=utf8" ! queue max-size-buffers=120 max-size-time=0 max-size-bytes=0 ! mux.subtitle_0 
appsrc name=dvr_audio_src is-live=true do-timestamp=false format=time caps=audio/mpeg,mpegversion=4,stream-format=adts ! queue max-size-buffers=200 max-size-time=0 max-size-bytes=0 flush-on-eos=true ! mux.audio_0 
[0m
[1;37m[DVR][0m [37mINFO[0m [TIMING][NORMAL] gst_parse_launch: 1ms
[1;37m[DVR][0m [37mINFO[0m [TIMING][NORMAL] parser wait: 0ms (ready=yes)
[1;37m[DVR][0m [37mINFO[0m Recording started [NORMAL]: /mnt/udisk/VideoFiles/Normal/N_260606_091642_#0_CH4_FR30_A.mp4
[1;37m[DVR][0m [37mINFO[0m   Duration: 60s | Channels: Ch0:30fps, Ch1:30fps, Ch2:30fps, Ch3:30fps | Audio: yes
[1;37m[DVR][0m [36mDEBUG[0m Anchor set: ch3 srcPts=0:24:22.991633358
[1;37m[DVR][0m [36mDEBUG[0m Audio Anchor set: srcPts=0:24:23.053922901
[1;37m[DVR][0m [36mDEBUG[0m writeAudio #0: srcPts=0:24:23.053922901 anchor(video)=0:24:22.991633358 filePts=0:00:00.000000000
[1;37m[DVR][0m [36mDEBUG[0m writeAudio #1: srcPts=0:24:23.077142856 anchor(video)=0:24:22.991633358 filePts=0:00:00.023219955
[1;37m[DVR][0m [36mDEBUG[0m writeAudio #2:[Thread 0x7ef6fdeb60 (LWP 2269206) exited]
[Thread 0x7ef5fbeb60 (LWP 2269208) exited]
[Thread 0x7ed57aeb60 (LWP 2269205) exited]
[Thread 0x7ed5fbeb60 (LWP 2269204) exited]
[Thread 0x7ed4f9eb60 (LWP 2269203) exited]
[Thread 0x7ed67ceb60 (LWP 2269214) exited]
[Thread 0x7ed6fdeb60 (LWP 2269213) exited]
[Thread 0x7ed77eeb60 (LWP 2269212) exited]
[Thread 0x7ed7ffeb60 (LWP 2269211) exited]
[Thread 0x7ef4f9eb60 (LWP 2269210) exited]
[Thread 0x7ef67ceb60 (LWP 2269207) exited]
[Thread 0x7ef57aeb60 (LWP 2269209) exited]
[Detaching after vfork from child process 2269716]
[Detaching after vfork from child process 2269727]
[New Thread 0x7ef57aeb60 (LWP 2269841)]
[Detaching after vfork from child process 2269842]
[Detaching after vfork from child process 2269844]
[Thread 0x7ef57aeb60 (LWP 2269841) exited]
[Detaching after vfork from child process 2270021]
[Detaching after vfork from child process 2270022]
[Thread 0x7ec77eeb60 (LWP 2269202) exited]
[New Thread 0x7ec77eeb60 (LWP 2270093)]
[Detaching after vfork from child process 2270094]
[Detaching after vfork from child process 2270096]
[Thread 0x7ec77eeb60 (LWP 2270093) exited]
[Detaching after vfork from child process 2270273]
[Detaching after vfork from child process 2270274]
 srcPts=0:24:23.100362810 anchor(video)=0:24:22.991633358 filePts=0:00:00.046439909
[1;37m[DVR][0m [36mDEBUG[0m writeAudio #3: srcPts=0:24:23.123582765 anchor(video)=0:24:22.991633358 filePts=0:00:00.069659864
[1;37m[DVR][0m [36mDEBUG[0m writeAudio #4: srcPts=0:24:23.146802720 anchor(video)=0:24:22.991633358 filePts=0:00:00.092879819
[1;37m[IO][0m [93mWARN[0m No suitable input devices found
[1;37m[IO][0m [93mWARN[0m No suitable input devices found
[1;37m[DVR][0m [37mINFO[0m [95mStopping [EVENT]: /mnt/udisk/VideoFiles/Event/PUA/E_260606_091623_CH4_FR30_A.mp4[0m

[1;37m[DVR][0m [1;36m=== Recording Statistics ===[0m
[1;37m[DVR][0m [37mINFO[0m Mode: EVENT | Path: [48;5;58m/mnt/udisk/VideoFiles/Event/PUA/E_260606_091623_CH4_FR30_A.mp4[0m
[1;37m[DVR][0m [37mINFO[0m Resolution: 1920x1080 | Expected: 10s+20s @ 30fps = 300+600 = 900 frames/channel | Actual Duration: 20.1s
[1;36mChannel Statistics[0m
=============================================================================
Channel      FPS          Received     Processed    Dropped      Success     
-----------------------------------------------------------------------------
Ch0          30           300          300          0            100.0%      
Ch1          30           894          894          0            100.0%      
Ch2          30           894          894          0            100.0%      
Ch3          30           898          898          0            100.0%      
SUB          30           10           10           0            100.0%      
AUDIO        -            1301         1301         0            100.0%      
TOTAL        -            2996         2996         0            100.0%      

[1;37m[DVR][0m [37mINFO[0m stop() [EVENT] audio EOS sent (+100ms)
[1;37m[DVR][0m [37mINFO[0m stop() [EVENT] audio flush wait done (+150ms)
[1;37m[DVR][0m [37mINFO[0m stop() [EVENT] video EOS sent: yes (+150ms)
[1;37m[IO][0m [93mWARN[0m No suitable input devices found
[1;37m[DVR][0m [37mINFO[0m stop() [EVENT] EOS received: type=EOS (+386ms)
[1;37m[DVR][0m [37mINFO[0m stop() NULL complete at 0ms (+388ms)
[1;37m[DVR][0m [37mINFO[0m stop() [EVENT] NULL complete (+388ms)
[1;37m[DVR][0m [37mINFO[0m [95mRecording stopped [EVENT] (total: 389ms)[0m
[1;37m[DVR][0m [1;32mOK[0m [95mEvent recording stopped[0m
[1;37m[IO][0m [93mWARN[0m No suitable input devices found
[1;37m[IO][0m [93mWARN[0m No suitable input devices found
[1;37m[IO][0m [93mWARN[0m No suitable input devices found
[1;37m[IO][0m [93mWARN[0m No suitable input devices found
[1;37m[IO][0m [93mWARN[0m No suitable input devices found
[1;37m[IO][0m [93mWARN[0m No suitable input devices found
[1;37m[DVR][0m [37mINFO[0m Checking Storage
[1;37m[IO][0m [93mWARN[0m No suitable input devices found
[1;37m[IO][0m [93mWARN[0m No suitable input devices found
[1;37m[IO][0m [93mWARN[0m No suitable input devices found
[1;37m[IO][0m [93mWARN[0m No suitable input devices found
[1;37m[IO][0m [93mWARN[0m No suitable input devices found
[1;37m[IO][0m [93mWARN[0m No suitable input devices found
[1;37m[IO][0m [93mWARN[0m No suitable input devices found
[1;37m[IO][0m [93mWARN[0m No suitable input devices found
[1;37m[IO][0m [93mWARN[0m No suitable input devices found
[1;37m[IO][0m [93mWARN[0m No suitable input devices found
[1;37m[DVR][0m [37mINFO[0m Checking Storage
[1;37m[IO][0m [93mWARN[0m No suitable input devices found
[1;37m[IO][0m [93mWARN[0m No suitable input devices found
[1;37m[IO][0m [93mWARN[0m No suitable input devices found
[1;37m[IO][0m [93mWARN[0m No suitable input devices found
[1;37m[IO][0m [93mWARN[0m No suitable input devices found
[1;37m[IO][0m [93mWARN[0m No suitable input devices found
[1;37m[IO][0m [93mWARN[0m No suitable input devices found
[1;37m[IO][0m [93mWARN[0m No suitable input devices found
[1;37m[IO][0m [93mWARN[0m No suitable input devices found
[1;37m[IO][0m [93mWARN[0m No suitable input devices found
[1;37m[IO][0m [93m[New Thread 0x7ec77eeb60 (LWP 2270344)]
[Detaching after vfork from child process 2270345]
[Detaching after vfork from child process 2270347]
[Thread 0x7ec77eeb60 (LWP 2270344) exited]
[New Thread 0x7ec77eeb60 (LWP 2270524)]
[New Thread 0x7ef57aeb60 (LWP 2270525)]
[New Thread 0x7ef4f9eb60 (LWP 2270526)]
[New Thread 0x7ed77eeb60 (LWP 2270527)]
[New Thread 0x7ef6fdeb60 (LWP 2270528)]
[New Thread 0x7ef67ceb60 (LWP 2270529)]
[New Thread 0x7ef5fbeb60 (LWP 2270530)]
[New Thread 0x7ed7ffeb60 (LWP 2270531)]
[New Thread 0x7ed6fdeb60 (LWP 2270532)]
[New Thread 0x7ed67ceb60 (LWP 2270533)]
[New Thread 0x7ed5fbeb60 (LWP 2270534)]
[New Thread 0x7ed57aeb60 (LWP 2270535)]
[New Thread 0x7ed4f9eb60 (LWP 2270537)]
[Detaching after vfork from child process 2270536]
[New Thread 0x7ec7ffeb60 (LWP 2270538)]
[Detaching after vfork from child process 2270539]
[New Thread 0x7ec6fdeb60 (LWP 2270611)]
[Detaching after vfork from child process 2270612]
[Detaching after vfork from child process 2270614]
[Thread 0x7ec6fdeb60 (LWP 2270611) exited]
WARN[0m No suitable input devices found
[1;37m[DVR][0m [37mINFO[0m Checking Storage
[1;37m[IO][0m [93mWARN[0m No suitable input devices found
[1;37m[IO][0m [93mWARN[0m No suitable input devices found
[1;37m[IO][0m [93mWARN[0m No suitable input devices found
[1;37m[IO][0m [93mWARN[0m No suitable input devices found
[1;37m[IO][0m [93mWARN[0m No suitable input devices found
[1;37m[IO][0m [93mWARN[0m No suitable input devices found
[1;37m[IO][0m [93mWARN[0m No suitable input devices found
[1;37m[IO][0m [93mWARN[0m No suitable input devices found
[1;37m[DVR][0m [37mINFO[0m Dr.Safe PUA Activated

[1;37m[GST][0m [1;36m=== FileWriter Pipeline ===[0m
[32mmp4mux name=mux fragment-duration=1000 ! filesink name=fsink location=/mnt/udisk/VideoFiles/Event/PUA/E_260606_091718_CH4_FR30_A.mp4 
appsrc name=dvr_source0 is-live=true do-timestamp=false format=time ! queue max-size-buffers=120 max-size-time=0 max-size-bytes=0 ! mux.video_0 
appsrc name=dvr_source1 is-live=true do-timestamp=false format=time ! queue max-size-buffers=120 max-size-time=0 max-size-bytes=0 ! mux.video_1 
appsrc name=dvr_source2 is-live=true do-timestamp=false format=time ! queue max-size-buffers=120 max-size-time=0 max-size-bytes=0 ! mux.video_2 
appsrc name=dvr_source3 is-live=true do-timestamp=false format=time ! queue max-size-buffers=120 max-size-time=0 max-size-bytes=0 ! mux.video_3 
appsrc name=dvr_source2000 is-live=true do-timestamp=false format=time caps="text/x-raw,format=utf8" ! queue max-size-buffers=120 max-size-time=0 max-size-bytes=0 ! mux.subtitle_0 
appsrc name=dvr_audio_src is-live=true do-timestamp=false format=time caps=audio/mpeg,mpegversion=4,stream-format=adts ! queue max-size-buffers=200 max-size-time=0 max-size-bytes=0 flush-on-eos=true ! mux.audio_0 
[0m
[1;37m[DVR][0m [37mINFO[0m [TIMING][EVENT] gst_parse_launch: 1ms
[1;37m[DVR][0m [37mINFO[0m [TIMING] initialize: 1ms
[1;37m[DVR][0m [37mINFO[0m [TIMING][EVENT] parser wait: 0ms (ready=yes)
[1;37m[DVR][0m [37mINFO[0m [95mRecording started [EVENT]: /mnt/udisk/VideoFiles/Event/PUA/E_260606_091718_CH4_FR30_A.mp4[0m
[1;37m[DVR][0m [37mINFO[0m [95m  Duration: 10+20s | Channels: Ch0:30fps, Ch1:30fps, Ch2:30fps, Ch3:30fps | Audio: yes[0m
[1;37m[DVR][0m [37mINFO[0m [TIMING] start: 27ms
[1;37m[DVR][0m [36mDEBUG[0m Anchor set: ch0 srcPts=0:23:52.849941504
[1;37m[DVR][0m [36mDEBUG[0m Subtitle Anchor set: srcPts=0:23:53.649841978
[1;37m[DVR][0m [36mDEBUG[0m Audio Anchor set: srcPts=0:24:50.662448978
[1;37m[DVR][0m [36mDEBUG[0m writeAudio #0: srcPts=0:24:50.662448978 anchor(video)=0:23:52.849941504 filePts=0:00:00.000000000
[1;37m[DVR][0m [36mDEBUG[0m writeAudio #1: srcPts=0:24:50.685668933 anchor(video)=0:23:52.849941504 filePts=0:00:00.023219955
[1;37m[DVR][0m [36mDEBUG[0m writeAudio #2: srcPts=0:24:50.708888888 anchor(video)=0:23:52.849941504 filePts=0:00:00.046439910
[1;37m[DVR][0m [36mDEBUG[0m writeAudio #3: srcPts=0:24:50.732108842 anchor(video)=0:23:52.849941504 filePts=0:00:00.069659864
[1;37m[DVR][0m [36mDEBUG[0m writeAudio #4: srcPts=0:24:50.755328797 anchor(video)=0:23:52.849941504 filePts=0:00:00.092879819
[1;37m[DVR][0m [37mINFO[0m [TIMING] video/audio/subtitle flush (1650 frames): 29ms
[1;37m[DVR][0m [37mINFO[0m [TIMING] startEventRecording total: 58ms
[1;37m[IO][0m [93mWARN[0m No suitable input devices found
[1;37m[IO][0m [93mWARN[0m No suitable input devices found
[1;37m[DVR][0m [37mINFO[0m Checking Storage
[1;37m[IO][0m [93mWARN[0m No suitable input devices found
[1;37m[IO][0m [93mWARN[0m No suitable input devices found
[1;37m[IO][0m [93mWARN[0m No suitable input devices found
[1;37m[IO][0m [93mWARN[0m No suitable input devices found
[1;37m[IO][0m [93mWARN[0m No suitable input devices found
[1;37m[IO][0m [93mWARN[0m No suitable input devices found
[1;37m[IO][0m [93mWARN[0m No suitable input devices found
[1;37m[IO][0m [93mWARN[0m No suitable input devices found
[1;37m[IO][0m [93mWARN[0m No suitable input devices found
[1;37m[Detaching after vfork from child process 2270793]
[Detaching after vfork from child process 2270794]
[New Thread 0x7ec6fdeb60 (LWP 2270866)]
[Detaching after vfork from child process 2270867]
[Detaching after vfork from child process 2270869]
[Thread 0x7ec6fdeb60 (LWP 2270866) exited]
[Thread 0x7ec7ffeb60 (LWP 2270538) exited]
[Thread 0x7ef4f9eb60 (LWP 2270526) exited]
[Thread 0x7ed77eeb60 (LWP 2270527) exited]
[Thread 0x7ef57aeb60 (LWP 2270525) exited]
[Thread 0x7ed7ffeb60 (LWP 2270531) exited]
[Thread 0x7ed67ceb60 (LWP 2270533) exited]
[Thread 0x7ef5fbeb60 (LWP 2270530) exited]
[Thread 0x7ef67ceb60 (LWP 2270529) exited]
[Thread 0x7ef6fdeb60 (LWP 2270528) exited]
[Thread 0x7ed5fbeb60 (LWP 2270534) exited]
[Thread 0x7ed4f9eb60 (LWP 2270537) exited]
[Thread 0x7ed57aeb60 (LWP 2270535) exited]
[Thread 0x7ed6fdeb60 (LWP 2270532) exited]
[New Thread 0x7ed57aeb60 (LWP 2271119)]
[Detaching after vfork from child process 2271120]
[Detaching after vfork from child process 2271122]
[Thread 0x7ed57aeb60 (LWP 2271119) exited]
[Detaching after vfork from child process 2271124]
[Detaching after vfork from child process 2271125]
[IO][0m [93mWARN[0m No suitable input devices found
[1;37m[DVR][0m [37mINFO[0m Checking Storage
[1;37m[IO][0m [93mWARN[0m No suitable input devices found
[1;37m[IO][0m [93mWARN[0m No suitable input devices found
[1;37m[IO][0m [93mWARN[0m No suitable input devices found
[1;37m[IO][0m [93mWARN[0m No suitable input devices found
[1;37m[IO][0m [93mWARN[0m No suitable input devices found
[1;37m[IO][0m [93mWARN[0m No suitable input devices found
[1;37m[IO][0m [93mWARN[0m No suitable input devices found
[1;37m[IO][0m [93mWARN[0m No suitable input devices found
[1;37m[IO][0m [93mWARN[0m No suitable input devices found
[1;37m[DVR][0m [37mINFO[0m [95mStopping [EVENT]: /mnt/udisk/VideoFiles/Event/PUA/E_260606_091718_CH4_FR30_A.mp4[0m

[1;37m[DVR][0m [1;36m=== Recording Statistics ===[0m
[1;37m[DVR][0m [37mINFO[0m Mode: EVENT | Path: [48;5;58m/mnt/udisk/VideoFiles/Event/PUA/E_260606_091718_CH4_FR30_A.mp4[0m
[1;37m[DVR][0m [37mINFO[0m Resolution: 1920x1080 | Expected: 10s+20s @ 30fps = 300+600 = 900 frames/channel | Actual Duration: 20.1s
[1;36mChannel Statistics[0m
=============================================================================
Channel      FPS          Received     Processed    Dropped      Success     
-----------------------------------------------------------------------------
Ch0          30           300          300          0            100.0%      
Ch1          30           895          895          0            100.0%      
Ch2          30           895          895          0            100.0%      
Ch3          30           896          896          0            100.0%      
SUB          30           10           10           0            100.0%      
AUDIO        -            1301         1301         0            100.0%      
TOTAL        -            2996         2996         0            100.0%      

[1;37m[DVR][0m [37mINFO[0m stop() [EVENT] audio EOS sent (+100ms)
[1;37m[DVR][0m [37mINFO[0m stop() [EVENT] audio flush wait done (+150ms)
[1;37m[DVR][0m [37mINFO[0m stop() [EVENT] video EOS sent: yes (+150ms)
[1;37m[DVR][0m [37mINFO[0m stop() [EVENT] EOS received: type=EOS (+355ms)
[1;37m[DVR][0m [37mINFO[0m stop() NULL complete at 0ms (+357ms)
[1;37m[DVR][0m [37mINFO[0m stop() [EVENT] NULL complete (+357ms)
[1;37m[DVR][0m [37mINFO[0m [95mRecording stopped [EVENT] (total: 358ms)[0m
[1;37m[DVR][0m [1;32mOK[0m [95mEvent recording stopped[0m
[1;37m[IO][0m [93mWARN[0m No suitable input devices found
[1;37m[IO][0m [93mWARN[0m No suitable input devices found
[1;37m[DVR][0m [37mINFO[0m Checking Storage
[1;37m[IO][0m [93mWARN[0m No suitable input devices found
[1;37m[IO][0m [93mWARN[0m No suitable input devices found
[1;37m[DVR][0m [37mINFO[0m File rotation needed
[1;37m[DVR][0m [37mINFO[0m Rotating recording files
[1;37m[DVR][0m [37mINFO[0m Stopping [NORMAL]: /mnt/udisk/VideoFiles/Normal/N_260606_091642_#0_CH4_FR30_A.mp4

[1;37m[DVR][0m [1;36m=== Recording Statistics ===[0m
[1;37m[DVR][0m [37mINFO[0m Mode: NORMAL | Path: [48;5;58m/mnt/udisk/VideoFiles/Normal/N_260606_091642_#0_CH4_FR30_A.mp4[0m
[1;37m[DVR][0m [37mINFO[0m Resolution: 1920x1080 | Expected: 60s @ 30fps = 1800 frames/channel | Actual Duration: 60.7s
[1;36mChannel Statistics[0m
=============================================================================
Channel      FPS          Received     Processed    Dropped      Success     
-----------------------------------------------------------------------------
Ch0          30           0            0            0            0.0%        
Ch1          30           1785         1785         0            100.0%      
Ch2          30           1787         1787         0            100.0%      
Ch3          30           1794         1794         0            100.0%      
SUB          30           0            0            0            0.0%        
AUDIO        -            2613         2613         0            100.0%      
TOTAL        -            5366        [New Thread 0x7ed57aeb60 (LWP 2271328)]
[Detaching after vfork from child process 2271329]
[Detaching after vfork from child process 2271338]
[Thread 0x7ed57aeb60 (LWP 2271328) exited]
[Detaching after vfork from child process 2271386]
[Detaching after vfork from child process 2271387]
[Thread 0x7ec77eeb60 (LWP 2270524) exited]
[New Thread 0x7ec77eeb60 (LWP 2271569)]
[Detaching after vfork from child process 2271570]
[Detaching after vfork from child process 2271572]
[Thread 0x7ec77eeb60 (LWP 2271569) exited]
 5366         0            100.0%      

[1;37m[DVR][0m [37mINFO[0m stop() NULL complete at 0ms (+114ms)
[1;37m[DVR][0m [37mINFO[0m stop() [NORMAL] NULL complete (+114ms)
[1;37m[DVR][0m [37mINFO[0m Recording stopped [NORMAL] (total: 114ms)
[1;37m[DVR][0m [37mINFO[0m Split mode: 1 files (4 channels per file)
[1;37m[DVR][0m [37mINFO[0m Starting NORMAL recording

[1;37m[GST][0m [1;36m=== FileWriter Pipeline ===[0m
[32mmp4mux name=mux fragment-duration=1000 ! filesink name=fsink location=/mnt/udisk/VideoFiles/Normal/N_260606_091742_#0_CH4_FR30_A.mp4 
appsrc name=dvr_source0 is-live=true do-timestamp=false format=time ! queue max-size-buffers=120 max-size-time=0 max-size-bytes=0 ! mux.video_0 
appsrc name=dvr_source1 is-live=true do-timestamp=false format=time ! queue max-size-buffers=120 max-size-time=0 max-size-bytes=0 ! mux.video_1 
appsrc name=dvr_source2 is-live=true do-timestamp=false format=time ! queue max-size-buffers=120 max-size-time=0 max-size-bytes=0 ! mux.video_2 
appsrc name=dvr_source3 is-live=true do-timestamp=false format=time ! queue max-size-buffers=120 max-size-time=0 max-size-bytes=0 ! mux.video_3 
appsrc name=dvr_source1000 is-live=true do-timestamp=false format=time caps="text/x-raw,format=utf8" ! queue max-size-buffers=120 max-size-time=0 max-size-bytes=0 ! mux.subtitle_0 
appsrc name=dvr_audio_src is-live=true do-timestamp=false format=time caps=audio/mpeg,mpegversion=4,stream-format=adts ! queue max-size-buffers=200 max-size-time=0 max-size-bytes=0 flush-on-eos=true ! mux.audio_0 
[0m
[1;37m[DVR][0m [37mINFO[0m [TIMING][NORMAL] gst_parse_launch: 1ms
[1;37m[DVR][0m [37mINFO[0m [TIMING][NORMAL] parser wait: 0ms (ready=yes)
[1;37m[DVR][0m [37mINFO[0m Recording started [NORMAL]: /mnt/udisk/VideoFiles/Normal/N_260606_091742_#0_CH4_FR30_A.mp4
[1;37m[DVR][0m [37mINFO[0m   Duration: 60s | Channels: Ch0:30fps, Ch1:30fps, Ch2:30fps, Ch3:30fps | Audio: yes
[1;37m[DVR][0m [36mDEBUG[0m Anchor set: ch2 srcPts=0:25:24.213344889
[1;37m[DVR][0m [36mDEBUG[0m Audio Anchor set: srcPts=0:25:24.145623581
[1;37m[DVR][0m [36mDEBUG[0m writeAudio #0: srcPts=0:25:24.145623581 anchor(video)=0:25:24.213344889 filePts=0:00:00.000000000
[1;37m[DVR][0m [36mDEBUG[0m writeAudio #1: srcPts=0:25:24.168843536 anchor(video)=0:25:24.213344889 filePts=0:00:00.023219955
[1;37m[DVR][0m [36mDEBUG[0m writeAudio #2: srcPts=0:25:24.192063491 anchor(video)=0:25:24.213344889 filePts=0:00:00.046439910
[1;37m[DVR][0m [36mDEBUG[0m writeAudio #3: srcPts=0:25:24.215283445 anchor(video)=0:25:24.213344889 filePts=0:00:00.069659864
[1;37m[DVR][0m [36mDEBUG[0m writeAudio #4: srcPts=0:25:24.238503400 anchor(video)=0:25:24.213344889 filePts=0:00:00.092879819
[1;37m[IO][0m [93mWARN[0m No suitable input devices found
[1;37m[IO][0m [93mWARN[0m No suitable input devices found
[1;37m[IO][0m [93mWARN[0m No suitable input devices found
[1;37m[IO][0m [93mWARN[0m No suitable input devices found
[1;37m[IO][0m [93mWARN[0m No suitable input devices found
[1;37m[IO][0m [93mWARN[0m No suitable input devices found
[1;37m[IO][0m [93mWARN[0m No suitable input devices found
[1;37m[IO][0m [93mWARN[0m No suitable input devices found
[1;37m[DVR][0m [37mINFO[0m Checking Storage
[1;37m[IO][0m [93mWARN[0m No suitable input devices found
[1;37m[IO][0m [93mWARN[0m No suitable input devices found
[1;37m[IO][0m [93mWARN[0m No suitable input devices found
[1;37m[IO][0m [93mWARN[0m No suitable input devices found
[1;37m[IO][0m [93mWARN[0m No suitable input devices found
[1;37m[IO][0m [93mWARN[0m No suitable input devices found
[1;37m[IO][0m [93mWARN[0m No suitable input devices found
[1;37m[IO][0m [93mWARN[0m No suitable input devices found
[1;37m[IO][0m [93mWARN[0m No suitable input devices found
[1;37m[IO][0m [93mWARN[0m No suitable input devices found
[1;37m[IO][0m [93mWARN[0m No suitable input devices found
[1;37m[DVR][0m [37mINFO[0m Checking Storage
[1;37m[IO][0m [93mWARN[0m No suitable input devices found
[1;37m[IO][0m [93[Detaching after vfork from child process 2271700]
[Detaching after vfork from child process 2271701]
[New Thread 0x7ec77eeb60 (LWP 2271773)]
[New Thread 0x7ed57aeb60 (LWP 2271774)]
[New Thread 0x7ed6fdeb60 (LWP 2271775)]
[New Thread 0x7ed4f9eb60 (LWP 2271776)]
[New Thread 0x7ef6fdeb60 (LWP 2271777)]
[New Thread 0x7ef67ceb60 (LWP 2271778)]
[New Thread 0x7ef5fbeb60 (LWP 2271779)]
[New Thread 0x7ef57aeb60 (LWP 2271780)]
[New Thread 0x7ef4f9eb60 (LWP 2271781)]
[New Thread 0x7ed7ffeb60 (LWP 2271782)]
[New Thread 0x7ed77eeb60 (LWP 2271783)]
[New Thread 0x7ed67ceb60 (LWP 2271784)]
[New Thread 0x7ed5fbeb60 (LWP 2271785)]
[New Thread 0x7ec7ffeb60 (LWP 2271786)]
[New Thread 0x7ec6fdeb60 (LWP 2271842)]
[Detaching after vfork from child process 2271843]
[Detaching after vfork from child process 2271845]
[Thread 0x7ec6fdeb60 (LWP 2271842) exited]
[Detaching after vfork from child process 2271978]
[Detaching after vfork from child process 2271979]
[New Thread 0x7ec6fdeb60 (LWP 2272108)]
[Detaching after vfork from child process 2272109]
[Detaching after vfork from child process 2272111]
[Thread 0x7ec6fdeb60 (LWP 2272108) exited]
mWARN[0m No suitable input devices found
[1;37m[IO][0m [93mWARN[0m No suitable input devices found
[1;37m[IO][0m [93mWARN[0m No suitable input devices found
[1;37m[IO][0m [93mWARN[0m No suitable input devices found
[1;37m[IO][0m [93mWARN[0m No suitable input devices found
[1;37m[DVR][0m [37mINFO[0m Dr.Safe PUA Activated

[1;37m[GST][0m [1;36m=== FileWriter Pipeline ===[0m
[32mmp4mux name=mux fragment-duration=1000 ! filesink name=fsink location=/mnt/udisk/VideoFiles/Event/PUA/E_260606_091806_CH4_FR30_A.mp4 
appsrc name=dvr_source0 is-live=true do-timestamp=false format=time ! queue max-size-buffers=120 max-size-time=0 max-size-bytes=0 ! mux.video_0 
appsrc name=dvr_source1 is-live=true do-timestamp=false format=time ! queue max-size-buffers=120 max-size-time=0 max-size-bytes=0 ! mux.video_1 
appsrc name=dvr_source2 is-live=true do-timestamp=false format=time ! queue max-size-buffers=120 max-size-time=0 max-size-bytes=0 ! mux.video_2 
appsrc name=dvr_source3 is-live=true do-timestamp=false format=time ! queue max-size-buffers=120 max-size-time=0 max-size-bytes=0 ! mux.video_3 
appsrc name=dvr_source2000 is-live=true do-timestamp=false format=time caps="text/x-raw,format=utf8" ! queue max-size-buffers=120 max-size-time=0 max-size-bytes=0 ! mux.subtitle_0 
appsrc name=dvr_audio_src is-live=true do-timestamp=false format=time caps=audio/mpeg,mpegversion=4,stream-format=adts ! queue max-size-buffers=200 max-size-time=0 max-size-bytes=0 flush-on-eos=true ! mux.audio_0 
[0m
[1;37m[DVR][0m [37mINFO[0m [TIMING][EVENT] gst_parse_launch: 1ms
[1;37m[DVR][0m [37mINFO[0m [TIMING] initialize: 2ms
[1;37m[DVR][0m [37mINFO[0m [TIMING][EVENT] parser wait: 0ms (ready=yes)
[1;37m[DVR][0m [37mINFO[0m [95mRecording started [EVENT]: /mnt/udisk/VideoFiles/Event/PUA/E_260606_091806_CH4_FR30_A.mp4[0m
[1;37m[DVR][0m [37mINFO[0m [95m  Duration: 10+20s | Channels: Ch0:30fps, Ch1:30fps, Ch2:30fps, Ch3:30fps | Audio: yes[0m
[1;37m[DVR][0m [37mINFO[0m [TIMING] start: 17ms
[1;37m[DVR][0m [36mDEBUG[0m Anchor set: ch0 srcPts=0:23:52.849941504
[1;37m[DVR][0m [36mDEBUG[0m Subtitle Anchor set: srcPts=0:23:53.649841978
[1;37m[DVR][0m [36mDEBUG[0m Audio Anchor set: srcPts=0:25:38.727755101
[1;37m[DVR][0m [36mDEBUG[0m writeAudio #0: srcPts=0:25:38.727755101 anchor(video)=0:23:52.849941504 filePts=0:00:00.000000000
[1;37m[DVR][0m [36mDEBUG[0m writeAudio #1: srcPts=0:25:38.750975055 anchor(video)=0:23:52.849941504 filePts=0:00:00.023219954
[1;37m[DVR][0m [36mDEBUG[0m writeAudio #2: srcPts=0:25:38.774195010 anchor(video)=0:23:52.849941504 filePts=0:00:00.046439909
[1;37m[DVR][0m [36mDEBUG[0m writeAudio #3: srcPts=0:25:38.797414965 anchor(video)=0:23:52.849941504 filePts=0:00:00.069659864
[1;37m[DVR][0m [36mDEBUG[0m writeAudio #4: srcPts=0:25:38.820634919 anchor(video)=0:23:52.849941504 filePts=0:00:00.092879818
[1;37m[DVR][0m [37mINFO[0m [TIMING] video/audio/subtitle flush (1650 frames): 31ms
[1;37m[DVR][0m [37mINFO[0m [TIMING] startEventRecording total: 51ms
[1;37m[IO][0m [93mWARN[0m No suitable input devices found
[1;37m[IO][0m [93mWARN[0m No suitable input devices found
[1;37m[IO][0m [93mWARN[0m No suitable input devices found
[1;37m[IO][0m [93mWARN[0m No suitable input devices found
[1;37m[DVR][0m [37mINFO[0m Checking Storage
[1;37m[IO][0m [93mWARN[0m No suitable input devices found
[1;37m[IO][0m [93mWARN[0m No suitable input devices found
[1;37m[IO][0m [93mWARN[0m No suitable input devices found
[1;37m[IO][0m [93mWARN[0m No suitable input devices found
[1;37m[IO][0m [93mWARN[0m No suitable input devices found
[1;37m[IO][0m [93mWARN[0m No suitable input devices found
[1;37m[IO][0m [93mWARN[0m No suitable input devices found
[1;37m[IO][0m [93mWARN[0m No suitable input devices found
[1;37m[IO][0m [93mWARN[0m No suitable input devices found
[1;37m[IO][0m [93mWARN[0m No suitable input devices found
[1;37m[IO][0m [93mWARN[0m No suitable input devices found
[1;37m[DVR][0m [37mINFO[0m Checking Storage
[1;37[Thread 0x7ec7ffeb60 (LWP 2271786) exited]
[Detaching after vfork from child process 2272241]
[Detaching after vfork from child process 2272242]
[Thread 0x7ef5fbeb60 (LWP 2271779) exited]
[Thread 0x7ef67ceb60 (LWP 2271778) exited]
[Thread 0x7ef6fdeb60 (LWP 2271777) exited]
[Thread 0x7ed4f9eb60 (LWP 2271776) exited]
[Thread 0x7ed6fdeb60 (LWP 2271775) exited]
[Thread 0x7ef57aeb60 (LWP 2271780) exited]
[Thread 0x7ed57aeb60 (LWP 2271774) exited]
[Thread 0x7ed67ceb60 (LWP 2271784) exited]
[Thread 0x7ed77eeb60 (LWP 2271783) exited]
[Thread 0x7ed7ffeb60 (LWP 2271782) exited]
[Thread 0x7ef4f9eb60 (LWP 2271781) exited]
[Thread 0x7ed5fbeb60 (LWP 2271785) exited]
[New Thread 0x7ed5fbeb60 (LWP 2272371)]
[Detaching after vfork from child process 2272372]
[Detaching after vfork from child process 2272374]
[Thread 0x7ed5fbeb60 (LWP 2272371) exited]
[Detaching after vfork from child process 2272504]
[Detaching after vfork from child process 2272505]
[New Thread 0x7ed5fbeb60 (LWP 2272634)]
[Detaching after vfork from child process 2272635]
[Detaching after vfork from child process 2272637]
[Thread 0x7ed5fbeb60 (LWP 2272634) exited]
[Thread 0x7ec77eeb60 (LWP 2271773) exited]
m[IO][0m [93mWARN[0m No suitable input devices found
[1;37m[IO][0m [93mWARN[0m No suitable input devices found
[1;37m[IO][0m [93mWARN[0m No suitable input devices found
[1;37m[IO][0m [93mWARN[0m No suitable input devices found
[1;37m[IO][0m [93mWARN[0m No suitable input devices found
[1;37m[IO][0m [93mWARN[0m No suitable input devices found
[1;37m[DVR][0m [37mINFO[0m [95mStopping [EVENT]: /mnt/udisk/VideoFiles/Event/PUA/E_260606_091806_CH4_FR30_A.mp4[0m

[1;37m[DVR][0m [1;36m=== Recording Statistics ===[0m
[1;37m[DVR][0m [37mINFO[0m Mode: EVENT | Path: [48;5;58m/mnt/udisk/VideoFiles/Event/PUA/E_260606_091806_CH4_FR30_A.mp4[0m
[1;37m[DVR][0m [37mINFO[0m Resolution: 1920x1080 | Expected: 10s+20s @ 30fps = 300+600 = 900 frames/channel | Actual Duration: 20.1s
[1;36mChannel Statistics[0m
=============================================================================
Channel      FPS          Received     Processed    Dropped      Success     
-----------------------------------------------------------------------------
Ch0          30           300          300          0            100.0%      
Ch1          30           895          895          0            100.0%      
Ch2          30           896          896          0            100.0%      
Ch3          30           894          894          0            100.0%      
SUB          30           10           10           0            100.0%      
AUDIO        -            1301         1301         0            100.0%      
TOTAL        -            2995         2995         0            100.0%      

[1;37m[DVR][0m [37mINFO[0m stop() [EVENT] audio EOS sent (+100ms)
[1;37m[DVR][0m [37mINFO[0m stop() [EVENT] audio flush wait done (+150ms)
[1;37m[DVR][0m [37mINFO[0m stop() [EVENT] video EOS sent: yes (+150ms)
[1;37m[DVR][0m [37mINFO[0m stop() [EVENT] EOS received: type=EOS (+335ms)
[1;37m[DVR][0m [37mINFO[0m stop() NULL complete at 0ms (+337ms)
[1;37m[DVR][0m [37mINFO[0m stop() [EVENT] NULL complete (+337ms)
[1;37m[DVR][0m [37mINFO[0m [95mRecording stopped [EVENT] (total: 337ms)[0m
[1;37m[DVR][0m [1;32mOK[0m [95mEvent recording stopped[0m
[1;37m[IO][0m [93mWARN[0m No suitable input devices found
[1;37m[IO][0m [93mWARN[0m No suitable input devices found
[1;37m[IO][0m [93mWARN[0m No suitable input devices found
[1;37m[IO][0m [93mWARN[0m No suitable input devices found
[1;37m[DVR][0m [37mINFO[0m Checking Storage
[1;37m[IO][0m [93mWARN[0m No suitable input devices found
[1;37m[IO][0m [93mWARN[0m No suitable input devices found
[1;37m[IO][0m [93mWARN[0m No suitable input devices found
[1;37m[IO][0m [93mWARN[0m No suitable input devices found
[1;37m[IO][0m [93mWARN[0m No suitable input devices found
[1;37m[IO][0m [93mWARN[0m No suitable input devices found
[1;37m[IO][0m [93mWARN[0m No suitable input devices found
[1;37m[IO][0m [93mWARN[0m No suitable input devices found
[1;37m[IO][0m [93mWARN[0m No suitable input devices found
[1;37m[IO][0m [93mWARN[0m No suitable input devices found
[1;37m[IO][0m [93mWARN[0m No suitable input devices found
[1;37m[DVR][0m [37mINFO[0m Checking Storage
[1;37m[IO][0m [93mWARN[0m No suitable input devices found
[1;37m[IO][0m [93mWARN[0m No suitable input devices found
[1;37m[DVR][0m [37mINFO[0m File rotation needed
[1;37m[DVR][0m [37mINFO[0m Rotating recording files
[1;37m[DVR][0m [37mINFO[0m Stopping [NORMAL]: /mnt/udisk/VideoFiles/Normal/N_260606_091742_#0_CH4_FR30_A.mp4

[1;37m[DVR][0m [1;36m=== Recording Statistics ===[0m
[1;37m[DVR][0m [37mINFO[0m Mode: NORMAL | Path: [48;5;58m/mnt/udisk/VideoFiles/Normal/N_260606_091742_#0_CH4_FR30_A.mp4[0m
[1;37m[DVR][0m [37mINFO[0m Resolution: 1920x1080 | Expected: 60s @ 30fps = 1800 frames/channel | Actual Duration: 60.6s
[1;36mChannel Statistics[0m
=============================================================================
Channel      FPS          Received     Processed    Dropped      Success     
-------------------------[Detaching after vfork from child process 2272774]
[Detaching after vfork from child process 2272775]
[New Thread 0x7ec77eeb60 (LWP 2272906)]
[Detaching after vfork from child process 2272907]
[Detaching after vfork from child process 2272909]
[Thread 0x7ec77eeb60 (LWP 2272906) exited]
----------------------------------------------------
Ch0          30           0            0            0            0.0%        
Ch1          30           1799         1799         0            100.0%      
Ch2          30           1797         1797         0            100.0%      
Ch3          30           1797         1797         0            100.0%      
SUB          30           0            0            0            0.0%        
AUDIO        -            2608         2608         0            100.0%      
TOTAL        -            5393         5393         0            100.0%      

[1;37m[DVR][0m [37mINFO[0m stop() NULL complete at 0ms (+112ms)
[1;37m[DVR][0m [37mINFO[0m stop() [NORMAL] NULL complete (+113ms)
[1;37m[DVR][0m [37mINFO[0m Recording stopped [NORMAL] (total: 113ms)
[1;37m[DVR][0m [37mINFO[0m Split mode: 1 files (4 channels per file)
[1;37m[DVR][0m [37mINFO[0m Starting NORMAL recording

[1;37m[GST][0m [1;36m=== FileWriter Pipeline ===[0m
[32mmp4mux name=mux fragment-duration=1000 ! filesink name=fsink location=/mnt/udisk/VideoFiles/Normal/N_260606_091843_#0_CH4_FR30_A.mp4 
appsrc name=dvr_source0 is-live=true do-timestamp=false format=time ! queue max-size-buffers=120 max-size-time=0 max-size-bytes=0 ! mux.video_0 
appsrc name=dvr_source1 is-live=true do-timestamp=false format=time ! queue max-size-buffers=120 max-size-time=0 max-size-bytes=0 ! mux.video_1 
appsrc name=dvr_source2 is-live=true do-timestamp=false format=time ! queue max-size-buffers=120 max-size-time=0 max-size-bytes=0 ! mux.video_2 
appsrc name=dvr_source3 is-live=true do-timestamp=false format=time ! queue max-size-buffers=120 max-size-time=0 max-size-bytes=0 ! mux.video_3 
appsrc name=dvr_source1000 is-live=true do-timestamp=false format=time caps="text/x-raw,format=utf8" ! queue max-size-buffers=120 max-size-time=0 max-size-bytes=0 ! mux.subtitle_0 
appsrc name=dvr_audio_src is-live=true do-timestamp=false format=time caps=audio/mpeg,mpegversion=4,stream-format=adts ! queue max-size-buffers=200 max-size-time=0 max-size-bytes=0 flush-on-eos=true ! mux.audio_0 
[0m
[1;37m[DVR][0m [37mINFO[0m [TIMING][NORMAL] gst_parse_launch: 1ms
[1;37m[DVR][0m [37mINFO[0m [TIMING][NORMAL] parser wait: 0ms (ready=yes)
[1;37m[DVR][0m [37mINFO[0m Recording started [NORMAL]: /mnt/udisk/VideoFiles/Normal/N_260606_091843_#0_CH4_FR30_A.mp4
[1;37m[DVR][0m [37mINFO[0m   Duration: 60s | Channels: Ch0:30fps, Ch1:30fps, Ch2:30fps, Ch3:30fps | Audio: yes
[1;37m[DVR][0m [36mDEBUG[0m Audio Anchor set: srcPts=0:26:24.842585033
[1;37m[DVR][0m [36mDEBUG[0m writeAudio #0: srcPts=0:26:24.842585033 anchor(audio)=0:26:24.842585033 filePts=0:00:00.000000000
[1;37m[DVR][0m [36mDEBUG[0m writeAudio #1: srcPts=0:26:24.865804987 anchor(audio)=0:26:24.842585033 filePts=0:00:00.023219954
[1;37m[DVR][0m [36mDEBUG[0m writeAudio #2: srcPts=0:26:24.889024942 anchor(audio)=0:26:24.842585033 filePts=0:00:00.046439909
[1;37m[DVR][0m [36mDEBUG[0m writeAudio #3: srcPts=0:26:24.912244897 anchor(audio)=0:26:24.842585033 filePts=0:00:00.069659864
[1;37m[DVR][0m [36mDEBUG[0m writeAudio #4: srcPts=0:26:24.935464851 anchor(audio)=0:26:24.842585033 filePts=0:00:00.092879818
[1;37m[DVR][0m [36mDEBUG[0m Anchor set: ch2 srcPts=0:26:24.878994666
[1;37m[IO][0m [93mWARN[0m No suitable input devices found
[1;37m[IO][0m [93mWARN[0m No suitable input devices found
[1;37m[IO][0m [93mWARN[0m No suitable input devices found
[1;37m[IO][0m [93mWARN[0m No suitable input devices found
[1;37m[IO][0m [93mWARN[0m No suitable input devices found
[1;37m[IO][0m [93mWARN[0m No suitable input devices found
[1;37m[IO][0m [93mWARN[0m No suitable input devices found
[1;37m[IO][0m [93mWARN[0m No suitable input devices found
[1;37m[DVR][0m [37mINFO[0m Checking Storage
[1;37m[IO][0m [93mWARN[0m No suitable input devices found
[1;37m[IO][0m [93mWARN[0m No suitable input devices found
[1;37m[DVR][0m [37mINFO[0m Dr.Safe PUA Activated

[1;37m[GST][0m [1;36m=== FileWriter Pipeline ===[0m
[32mmp4mux name=mu[New Thread 0x7ec77eeb60 (LWP 2272980)]
[New Thread 0x7ed5fbeb60 (LWP 2272981)]
[New Thread 0x7ed67ceb60 (LWP 2272982)]
[New Thread 0x7ed77eeb60 (LWP 2272984)]
[New Thread 0x7ef6fdeb60 (LWP 2272985)]
[New Thread 0x7ef67ceb60 (LWP 2272986)]
[New Thread 0x7ef5fbeb60 (LWP 2272988)]
[New Thread 0x7ef57aeb60 (LWP 2272989)]
[New Thread 0x7ef4f9eb60 (LWP 2272990)]
[New Thread 0x7ed7ffeb60 (LWP 2272992)]
[New Thread 0x7ed6fdeb60 (LWP 2272993)]
[New Thread 0x7ed57aeb60 (LWP 2272994)]
[New Thread 0x7ed4f9eb60 (LWP 2272996)]
[New Thread 0x7ec7ffeb60 (LWP 2272997)]
[Detaching after vfork from child process 2273130]
[Detaching after vfork from child process 2273131]
[New Thread 0x7ec6fdeb60 (LWP 2273189)]
[Detaching after vfork from child process 2273190]
[Detaching after vfork from child process 2273192]
[Thread 0x7ec6fdeb60 (LWP 2273189) exited]
[Thread 0x7ec7ffeb60 (LWP 2272997) exited]
[Detaching after vfork from child process 2273402]
[Detaching after vfork from child process 2273413]
[New Thread 0x7ec7ffeb60 (LWP 2273461)]
[Detaching after vfork from child process 2273462]
[Detaching after vfork from child process 2273464]
[Thread 0x7ec7ffeb60 (LWP 2273461) exited]
x fragment-duration=1000 ! filesink name=fsink location=/mnt/udisk/VideoFiles/Event/PUA/E_260606_091852_CH4_FR30_A.mp4 
appsrc name=dvr_source0 is-live=true do-timestamp=false format=time ! queue max-size-buffers=120 max-size-time=0 max-size-bytes=0 ! mux.video_0 
appsrc name=dvr_source1 is-live=true do-timestamp=false format=time ! queue max-size-buffers=120 max-size-time=0 max-size-bytes=0 ! mux.video_1 
appsrc name=dvr_source2 is-live=true do-timestamp=false format=time ! queue max-size-buffers=120 max-size-time=0 max-size-bytes=0 ! mux.video_2 
appsrc name=dvr_source3 is-live=true do-timestamp=false format=time ! queue max-size-buffers=120 max-size-time=0 max-size-bytes=0 ! mux.video_3 
appsrc name=dvr_source2000 is-live=true do-timestamp=false format=time caps="text/x-raw,format=utf8" ! queue max-size-buffers=120 max-size-time=0 max-size-bytes=0 ! mux.subtitle_0 
appsrc name=dvr_audio_src is-live=true do-timestamp=false format=time caps=audio/mpeg,mpegversion=4,stream-format=adts ! queue max-size-buffers=200 max-size-time=0 max-size-bytes=0 flush-on-eos=true ! mux.audio_0 
[0m
[1;37m[DVR][0m [37mINFO[0m [TIMING][EVENT] gst_parse_launch: 2ms
[1;37m[DVR][0m [37mINFO[0m [TIMING] initialize: 2ms
[1;37m[DVR][0m [37mINFO[0m [TIMING][EVENT] parser wait: 0ms (ready=yes)
[1;37m[DVR][0m [37mINFO[0m [95mRecording started [EVENT]: /mnt/udisk/VideoFiles/Event/PUA/E_260606_091852_CH4_FR30_A.mp4[0m
[1;37m[DVR][0m [37mINFO[0m [95m  Duration: 10+20s | Channels: Ch0:30fps, Ch1:30fps, Ch2:30fps, Ch3:30fps | Audio: yes[0m
[1;37m[DVR][0m [37mINFO[0m [TIMING] start: 21ms
[1;37m[DVR][0m [36mDEBUG[0m Anchor set: ch0 srcPts=0:23:52.849941504
[1;37m[DVR][0m [36mDEBUG[0m Subtitle Anchor set: srcPts=0:23:53.649841978
[1;37m[DVR][0m [36mDEBUG[0m Audio Anchor set: srcPts=0:26:24.772925169
[1;37m[DVR][0m [36mDEBUG[0m writeAudio #0: srcPts=0:26:24.772925169 anchor(video)=0:23:52.849941504 filePts=0:00:00.000000000
[1;37m[DVR][0m [36mDEBUG[0m writeAudio #1: srcPts=0:26:24.796145123 anchor(video)=0:23:52.849941504 filePts=0:00:00.023219954
[1;37m[DVR][0m [36mDEBUG[0m writeAudio #2: srcPts=0:26:24.819365078 anchor(video)=0:23:52.849941504 filePts=0:00:00.046439909
[1;37m[DVR][0m [36mDEBUG[0m writeAudio #3: srcPts=0:26:24.842585033 anchor(video)=0:23:52.849941504 filePts=0:00:00.069659864
[1;37m[DVR][0m [36mDEBUG[0m writeAudio #4: srcPts=0:26:24.865804987 anchor(video)=0:23:52.849941504 filePts=0:00:00.092879818
[1;37m[DVR][0m [37mINFO[0m [TIMING] video/audio/subtitle flush (1650 frames): 32ms
[1;37m[DVR][0m [37mINFO[0m [TIMING] startEventRecording total: 55ms
[1;37m[IO][0m [93mWARN[0m No suitable input devices found
[1;37m[IO][0m [93mWARN[0m No suitable input devices found
[1;37m[IO][0m [93mWARN[0m No suitable input devices found
[1;37m[IO][0m [93mWARN[0m No suitable input devices found
[1;37m[IO][0m [93mWARN[0m No suitable input devices found
[1;37m[IO][0m [93mWARN[0m No suitable input devices found
[1;37m[IO][0m [93mWARN[0m No suitable input devices found
[1;37m[IO][0m [93mWARN[0m No suitable input devices found
[1;37m[IO][0m [93mWARN[0m No suitable input devices found
[1;37m[DVR][0m [37mINFO[0m Checking Storage
[1;37m[IO][0m [93mWARN[0m No suitable input devices found
[1;37m[IO][0m [93mWARN[0m No suitable input devices found
[1;37m[IO][0m [93mWARN[0m No suitable input devices found
[1;37m[IO][0m [93mWARN[0m No suitable input devices found
[1;37m[IO][0m [93mWARN[0m No suitable input devices found
[1;37m[IO][0m [93mWARN[0m No suitable input devices found
[1;37m[IO][0m [93mWARN[0m No suitable input devices found
[1;37m[IO][0m [93mWARN[0m No suitable input devices found
[1;37m[IO][0m [93mWARN[0m No suitable input devices found
[1;37m[IO][0m [93mWARN[0m No suitable input devices found
[1;37m[DVR][0m [37mINFO[0m Checking Storage
[1;37m[IO][0m [93mWARN[0m No suitable input devices found
[1;37m[DVR][0m [37mINFO[0m [95mStopping [EVENT]: /mnt/udisk/VideoFiles/Event/PUA/E_260606_091852_CH4_FR30_A.mp[Thread 0x7ef67ceb60 (LWP 2272986) exited]
[Thread 0x7ef5fbeb60 (LWP 2272988) exited]
[Thread 0x7ef4f9eb60 (LWP 2272990) exited]
[Thread 0x7ed7ffeb60 (LWP 2272992) exited]
[Thread 0x7ef6fdeb60 (LWP 2272985) exited]
[Thread 0x7ed77eeb60 (LWP 2272984) exited]
[Thread 0x7ed67ceb60 (LWP 2272982) exited]
[Thread 0x7ef57aeb60 (LWP 2272989) exited]
[Thread 0x7ed5fbeb60 (LWP 2272981) exited]
[Thread 0x7ed4f9eb60 (LWP 2272996) exited]
[Thread 0x7ed57aeb60 (LWP 2272994) exited]
[Thread 0x7ed6fdeb60 (LWP 2272993) exited]
[Detaching after vfork from child process 2273730]
[Detaching after vfork from child process 2273731]
[New Thread 0x7ed57aeb60 (LWP 2273732)]
[Detaching after vfork from child process 2273733]
[Detaching after vfork from child process 2273735]
[Thread 0x7ed57aeb60 (LWP 2273732) exited]
[Thread 0x7ec77eeb60 (LWP 2272980) exited]
[Detaching after vfork from child process 2274001]
[Detaching after vfork from child process 2274002]
[New Thread 0x7ec77eeb60 (LWP 2274003)]
[Detaching after vfork from child process 2274004]
[Detaching after vfork from child process 2274006]
[Thread 0x7ec77eeb60 (LWP 2274003) exited]
[New Thread 0x7ec77eeb60 (LWP 2274277)]
[Detaching after vfork from child process 2274278]
[Detaching after vfork from child process 2274280]
[Thread 0x7ec77eeb60 (LWP 2274277) exited]
[Detaching after vfork from child process 2274282]
[Detaching after vfork from child process 2274283]
4[0m
[1;37m[IO][0m [93mWARN[0m No suitable input devices found

[1;37m[DVR][0m [1;36m=== Recording Statistics ===[0m
[1;37m[DVR][0m [37mINFO[0m Mode: EVENT | Path: [48;5;58m/mnt/udisk/VideoFiles/Event/PUA/E_260606_091852_CH4_FR30_A.mp4[0m
[1;37m[DVR][0m [37mINFO[0m Resolution: 1920x1080 | Expected: 10s+20s @ 30fps = 300+600 = 900 frames/channel | Actual Duration: 20.1s
[1;36mChannel Statistics[0m
=============================================================================
Channel      FPS          Received     Processed    Dropped      Success     
-----------------------------------------------------------------------------
Ch0          30           300          300          0            100.0%      
Ch1          30           897          897          0            100.0%      
Ch2          30           895          895          0            100.0%      
Ch3          30           896          896          0            100.0%      
SUB          30           10           10           0            100.0%      
AUDIO        -            1301         1301         0            100.0%      
TOTAL        -            2998         2998         0            100.0%      

[1;37m[DVR][0m [37mINFO[0m stop() [EVENT] audio EOS sent (+100ms)
[1;37m[DVR][0m [37mINFO[0m stop() [EVENT] audio flush wait done (+150ms)
[1;37m[DVR][0m [37mINFO[0m stop() [EVENT] video EOS sent: yes (+150ms)
[1;37m[DVR][0m [37mINFO[0m stop() [EVENT] EOS received: type=EOS (+318ms)
[1;37m[DVR][0m [37mINFO[0m stop() NULL complete at 0ms (+321ms)
[1;37m[DVR][0m [37mINFO[0m stop() [EVENT] NULL complete (+321ms)
[1;37m[DVR][0m [37mINFO[0m [95mRecording stopped [EVENT] (total: 322ms)[0m
[1;37m[DVR][0m [1;32mOK[0m [95mEvent recording stopped[0m
[1;37m[IO][0m [93mWARN[0m No suitable input devices found
[1;37m[IO][0m [93mWARN[0m No suitable input devices found
[1;37m[IO][0m [93mWARN[0m No suitable input devices found
[1;37m[IO][0m [93mWARN[0m No suitable input devices found
[1;37m[IO][0m [93mWARN[0m No suitable input devices found
[1;37m[IO][0m [93mWARN[0m No suitable input devices found
[1;37m[IO][0m [93mWARN[0m No suitable input devices found
[1;37m[IO][0m [93mWARN[0m No suitable input devices found
[1;37m[IO][0m [93mWARN[0m No suitable input devices found
[1;37m[DVR][0m [37mINFO[0m Checking Storage
[1;37m[IO][0m [93mWARN[0m No suitable input devices found
[1;37m[IO][0m [93mWARN[0m No suitable input devices found
[1;37m[IO][0m [93mWARN[0m No suitable input devices found
[1;37m[IO][0m [93mWARN[0m No suitable input devices found
[1;37m[IO][0m [93mWARN[0m No suitable input devices found
[1;37m[IO][0m [93mWARN[0m No suitable input devices found
[1;37m[IO][0m [93mWARN[0m No suitable input devices found
[1;37m[IO][0m [93mWARN[0m No suitable input devices found
[1;37m[IO][0m [93mWARN[0m No suitable input devices found
[1;37m[IO][0m [93mWARN[0m No suitable input devices found
[1;37m[DVR][0m [37mINFO[0m Checking Storage
[1;37m[IO][0m [93mWARN[0m No suitable input devices found
[1;37m[IO][0m [93mWARN[0m No suitable input devices found
[1;37m[IO][0m [93mWARN[0m No suitable input devices found
[1;37m[IO][0m [93mWARN[0m No suitable input devices found
[1;37m[IO][0m [93mWARN[0m No suitable input devices found
[1;37m[IO][0m [93mWARN[0m No suitable input devices found
[1;37m[IO][0m [93mWARN[0m No suitable input devices found
[1;37m[IO][0m [93mWARN[0m No suitable input devices found
[1;37m[IO][0m [93mWARN[0m No suitable input devices found
[1;37m[IO][0m [93mWARN[0m No suitable input devices found
[1;37m[DVR][0m [37mINFO[0m Checking Storage
[1;37m[IO][0m [93mWARN[0m No suitable input devices found
[1;37m[IO][0m [93mWARN[0m No suitable input devices found
[1;37m[IO][0m [93mWARN[0m No suitable input devices found
[1;37m[DVR][0m [37mINFO[0m File rotation needed
[1;37m[DVR][0m [37mINFO[0m Rotating recording files
[1;37m[DVR][0m [37mINFO[0m Stopping [NORMAL]: /mnt/udisk/VideoFiles/Normal/N_260606_091843_#0_CH4_FR30_A.mp4

[1;37m[DVR][0m [1;36m=== Recording Statistics ===[0m
[1;37m[DVR][0m [37mINFO[0m Mode: NORMAL | Path: [48;5;58m/mnt/udisk/VideoFiles/Normal/N_260606_091843_#0_CH4_FR30_A.mp4[0m
[1;37m[DVR][0m [37mINFO[0m Resolution: 1920x1080 | Expected: 60s @ 30fps = 1800 frames/channel | Actual Duration: 60.6s
[1;36mChannel Statistics[0m
=============================================================================
Channel      FPS          Received     Processed    Dropped      Success     
-----------------------------------------------------------------------------
Ch0          30           0            0            0            0.0%        
Ch1          30           1799         1799         0            100.0%      
Ch2          30           1797         1797         0            100.0%      
Ch3          30           1799         1799         0            100.0%      
SUB          30           0            0            0            0.0%        
AUDIO        -            2606         2606         0            100.0%      
TOTAL        -            5395         5395         0            100.0%      

[1;37m[DVR][0m [37mINFO[0m stop() NULL complete at 0ms (+126ms)
[1;37m[DVR][0m [37mINFO[0m stop() [NORMAL] NULL complete (+126ms)
[1;37m[DVR][0m [37mINFO[0m Recording stopped [NORMAL] (total: 127ms)
[1;37m[DVR][0m [37mINFO[0m Split mode: 1 files (4 channels per file)
[1;37m[DVR][0m [37mINFO[0m Starting NORMAL recording

[1;37m[GST][0m [1;36m=== FileWriter Pipeline ===[0m
[32mmp4mux name=mux fragment-duration=1000 ! filesink name=fsink location=/mnt/udisk/VideoFiles/Normal/N_260606_091944_#0_CH4_FR30_A.mp4 
appsrc name=dvr_source0 is-live=true do-timestamp=false format=time ! queue max-size-buffers=120 max-size-time=0 max-size-bytes=0 ! mux.video_0 
appsrc name=dvr_source1 is-live=true do-timestamp=false format=time ! queue max-size-buffers=120 max-size-time=0 max-size-bytes=0 ! mux.video_1 
appsrc name=dvr_source2 is-live=true do-timestamp=false format=time ! queue max-size-buffers=120 max-size-time=0 max-size-bytes=0 ! mux.video_2 
appsrc name=dvr_source3 is-live=true do-timestamp=false format=time ! queue max-size-buffers=120 max-size-time=0 max-size-bytes=0 ! mux.video_3 
appsrc name=dvr_source1000 is-live=true do-timestamp=false format=time caps="text/x-raw,format=utf8" ! queue max-size-buffers=120 max-size-time=0 max-size-bytes=0 ! mux.subtitle_0 
appsrc name=dvr_audio_src is-live=true do-timestamp=false format=time caps=audio/mpeg,mpegversion=4,stream-format=adts ! queue max-size-buffers=200 max-size-time=0 max-size-bytes=0 flush-on-eos=true ! mux.audio_0 
[0m
[1;37m[DVR][0m [37mINFO[0m [TIMING][NORMAL] gst_parse_launch: 1ms
[1;37m[DVR][0m [37mINFO[0m [TIMING][NORMAL] parser wait: 0ms (ready=yes)
[1;37m[DVR][0m [37mINFO[0m Recording started [NORMAL]: /mnt/udisk/VideoFiles/Normal/N_260606_091944_#0_CH4_FR30_A.mp4
[1;37m[DVR][0m [37mINFO[0m   Duration: 60s | Channels: Ch0:30fps, Ch1:30fps, Ch2:30fps, Ch3:30fps | Audio: yes
[1;37m[DVR][0m [36mDEBUG[0m Anchor set: ch2 srcPts=0:27:25.544550180
[1;37m[DVR][0m [36mDEBUG[0m Audio Anchor set: srcPts=0:27:25.493106575
[1;37m[DVR][0m [36mDEBUG[0m writeAudio #0: srcPts=0:27:25.493106575 anchor(video)=0:27:25.544550180 filePts=0:00:00.000000000
[1;37m[DVR][0m [36mDEBUG[0m writeAudio #1: srcPts=0:27:25.516326529 anchor(video)=0:27:25.544550180 filePts=0:00:00.023219954
[1;37m[DVR][0m [36mDEBUG[0m writeAudio #2: srcPts=0:27:25.539546484 anchor(video)=0:27:25.544550180 filePts=0:00:00.046439909
[1;37m[DVR][0m [36mDEBUG[0m writeAudio #3: srcPts=0:27:25.562766439 anchor(video)=0:27:25.544550180 filePts=0:00:00.069659864
[1;37m[DVR][0m [36mDEBUG[0m writeAudio #4: srcPts=0:27:25.585986393 anchor(video)=0:27:25.544550180 filePts=0:00:00.092879818
[1;37m[IO][0m [93mWARN[0m No suitable input devices found
[1;37m[DVR][0m [37mINFO[0m Dr.Safe PUA Activated

[1;37m[GST][0m [1;36m=== FileWriter Pipeline ===[0m
[32mmp4mux name=mux fragment-duration=1000 ! filesink name=fsink [New Thread 0x7ec77eeb60 (LWP 2274359)]
[New Thread 0x7ed57aeb60 (LWP 2274360)]
[New Thread 0x7ed4f9eb60 (LWP 2274361)]
[New Thread 0x7ed6fdeb60 (LWP 2274362)]
[New Thread 0x7ef6fdeb60 (LWP 2274363)]
[New Thread 0x7ef67ceb60 (LWP 2274364)]
[New Thread 0x7ef5fbeb60 (LWP 2274365)]
[New Thread 0x7ef57aeb60 (LWP 2274366)]
[New Thread 0x7ef4f9eb60 (LWP 2274367)]
[New Thread 0x7ed7ffeb60 (LWP 2274368)]
[New Thread 0x7ed77eeb60 (LWP 2274369)]
[New Thread 0x7ed67ceb60 (LWP 2274370)]
[New Thread 0x7ed5fbeb60 (LWP 2274371)]
[New Thread 0x7ec7ffeb60 (LWP 2274372)]
[New Thread 0x7ec6fdeb60 (LWP 2274568)]
[Detaching after vfork from child process 2274569]
[Detaching after vfork from child process 2274571]
[Thread 0x7ec6fdeb60 (LWP 2274568) exited]
[Detaching after vfork from child process 2274573]
[Detaching after vfork from child process 2274574]
[Thread 0x7ec7ffeb60 (LWP 2274372) exited]
[New Thread 0x7ec7ffeb60 (LWP 2274847)]
[Detaching after vfork from child process 2274848]
[Detaching after vfork from child process 2274850]
[Thread 0x7ec7ffeb60 (LWP 2274847) exited]
[Detaching after vfork from child process 2274852]
[Detaching after vfork from child process 2274853]
location=/mnt/udisk/VideoFiles/Event/PUA/E_260606_091944_CH4_FR30_A.mp4 
appsrc name=dvr_source0 is-live=true do-timestamp=false format=time ! queue max-size-buffers=120 max-size-time=0 max-size-bytes=0 ! mux.video_0 
appsrc name=dvr_source1 is-live=true do-timestamp=false format=time ! queue max-size-buffers=120 max-size-time=0 max-size-bytes=0 ! mux.video_1 
appsrc name=dvr_source2 is-live=true do-timestamp=false format=time ! queue max-size-buffers=120 max-size-time=0 max-size-bytes=0 ! mux.video_2 
appsrc name=dvr_source3 is-live=true do-timestamp=false format=time ! queue max-size-buffers=120 max-size-time=0 max-size-bytes=0 ! mux.video_3 
appsrc name=dvr_source2000 is-live=true do-timestamp=false format=time caps="text/x-raw,format=utf8" ! queue max-size-buffers=120 max-size-time=0 max-size-bytes=0 ! mux.subtitle_0 
appsrc name=dvr_audio_src is-live=true do-timestamp=false format=time caps=audio/mpeg,mpegversion=4,stream-format=adts ! queue max-size-buffers=200 max-size-time=0 max-size-bytes=0 flush-on-eos=true ! mux.audio_0 
[0m
[1;37m[DVR][0m [37mINFO[0m [TIMING][EVENT] gst_parse_launch: 2ms
[1;37m[DVR][0m [37mINFO[0m [TIMING] initialize: 2ms
[1;37m[DVR][0m [37mINFO[0m [TIMING][EVENT] parser wait: 0ms (ready=yes)
[1;37m[DVR][0m [37mINFO[0m [95mRecording started [EVENT]: /mnt/udisk/VideoFiles/Event/PUA/E_260606_091944_CH4_FR30_A.mp4[0m
[1;37m[DVR][0m [37mINFO[0m [95m  Duration: 10+20s | Channels: Ch0:30fps, Ch1:30fps, Ch2:30fps, Ch3:30fps | Audio: yes[0m
[1;37m[DVR][0m [37mINFO[0m [TIMING] start: 21ms
[1;37m[DVR][0m [36mDEBUG[0m Anchor set: ch0 srcPts=0:23:52.849941504
[1;37m[DVR][0m [36mDEBUG[0m Subtitle Anchor set: srcPts=0:23:53.649841978
[1;37m[DVR][0m [36mDEBUG[0m Audio Anchor set: srcPts=0:27:16.832063491
[1;37m[DVR][0m [36mDEBUG[0m writeAudio #0: srcPts=0:27:16.832063491 anchor(video)=0:23:52.849941504 filePts=0:00:00.000000000
[1;37m[DVR][0m [36mDEBUG[0m writeAudio #1: srcPts=0:27:16.855283445 anchor(video)=0:23:52.849941504 filePts=0:00:00.023219954
[1;37m[DVR][0m [36mDEBUG[0m writeAudio #2: srcPts=0:27:16.878503400 anchor(video)=0:23:52.849941504 filePts=0:00:00.046439909
[1;37m[DVR][0m [36mDEBUG[0m writeAudio #3: srcPts=0:27:16.901723355 anchor(video)=0:23:52.849941504 filePts=0:00:00.069659864
[1;37m[DVR][0m [36mDEBUG[0m writeAudio #4: srcPts=0:27:16.924943309 anchor(video)=0:23:52.849941504 filePts=0:00:00.092879818
[1;37m[DVR][0m [37mINFO[0m [TIMING] video/audio/subtitle flush (1650 frames): 25ms
[1;37m[DVR][0m [37mINFO[0m [TIMING] startEventRecording total: 49ms
[1;37m[IO][0m [93mWARN[0m No suitable input devices found
[1;37m[IO][0m [93mWARN[0m No suitable input devices found
[1;37m[IO][0m [93mWARN[0m No suitable input devices found
[1;37m[IO][0m [93mWARN[0m No suitable input devices found
[1;37m[IO][0m [93mWARN[0m No suitable input devices found
[1;37m[IO][0m [93mWARN[0m No suitable input devices found
[1;37m[IO][0m [93mWARN[0m No suitable input devices found
[1;37m[DVR][0m [37mINFO[0m Checking Storage
[1;37m[IO][0m [93mWARN[0m No suitable input devices found
[1;37m[IO][0m [93mWARN[0m No suitable input devices found
[1;37m[IO][0m [93mWARN[0m No suitable input devices found
[1;37m[IO][0m [93mWARN[0m No suitable input devices found
[1;37m[IO][0m [93mWARN[0m No suitable input devices found
[1;37m[IO][0m [93mWARN[0m No suitable input devices found
[1;37m[IO][0m [93mWARN[0m No suitable input devices found
[1;37m[IO][0m [93mWARN[0m No suitable input devices found
[1;37m[IO][0m [93mWARN[0m No suitable input devices found
[1;37m[IO][0m [93mWARN[0m No suitable input devices found
[1;37m[DVR][0m [37mINFO[0m Checking Storage
[1;37m[IO][0m [93mWARN[0m No suitable input devices found
[1;37m[IO][0m [93mWARN[0m No suitable input devices found
[1;37m[IO][0m [93mWARN[0m No suitable input devices found
[1;37m[DVR][0m [37mINFO[0m [95mStopping [EVENT]: /mnt/udisk/VideoFiles/Event/PUA/E_260606_091944_CH4_FR30_A.mp4[0m

[1;37m[DVR][0m [1;36m=== Recording St[Thread 0x7ed4f9eb60 (LWP 2274361) exited]
[Thread 0x7ed57aeb60 (LWP 2274360) exited]
[Thread 0x7ef6fdeb60 (LWP 2274363) exited]
[Thread 0x7ef57aeb60 (LWP 2274366) exited]
[Thread 0x7ed6fdeb60 (LWP 2274362) exited]
[Thread 0x7ef5fbeb60 (LWP 2274365) exited]
[Thread 0x7ed67ceb60 (LWP 2274370) exited]
[Thread 0x7ed77eeb60 (LWP 2274369) exited]
[Thread 0x7ed7ffeb60 (LWP 2274368) exited]
[Thread 0x7ef4f9eb60 (LWP 2274367) exited]
[Thread 0x7ef67ceb60 (LWP 2274364) exited]
[Thread 0x7ed5fbeb60 (LWP 2274371) exited]
[New Thread 0x7ed5fbeb60 (LWP 2275126)]
[Detaching after vfork from child process 2275127]
[Detaching after vfork from child process 2275129]
[Thread 0x7ed5fbeb60 (LWP 2275126) exited]
[Detaching after vfork from child process 2275131]
[Detaching after vfork from child process 2275165]
[Thread 0x7ec77eeb60 (LWP 2274359) exited]
[New Thread 0x7ec77eeb60 (LWP 2275405)]
[Detaching after vfork from child process 2275406]
[Detaching after vfork from child process 2275408]
[Thread 0x7ec77eeb60 (LWP 2275405) exited]
[Detaching after vfork from child process 2275546]
[Detaching after vfork from child process 2275547]
[New Thread 0x7ec77eeb60 (LWP 2275684)]
[Detaching after vfork from child process 2275685]
[Detaching after vfork from child process 2275687]
[Thread 0x7ec77eeb60 (LWP 2275684) exited]
atistics ===[0m
[1;37m[DVR][0m [37mINFO[0m Mode: EVENT | Path: [48;5;58m/mnt/udisk/VideoFiles/Event/PUA/E_260606_091944_CH4_FR30_A.mp4[0m
[1;37m[DVR][0m [37mINFO[0m Resolution: 1920x1080 | Expected: 10s+20s @ 30fps = 300+600 = 900 frames/channel | Actual Duration: 20.1s
[1;36mChannel Statistics[0m
=============================================================================
Channel      FPS          Received     Processed    Dropped      Success     
-----------------------------------------------------------------------------
Ch0          30           300          300          0            100.0%      
Ch1          30           895          895          0            100.0%      
Ch2          30           894          894          0            100.0%      
Ch3          30           895          895          0            100.0%      
SUB          30           10           10           0            100.0%      
AUDIO        -            1301         1301         0            100.0%      
TOTAL        -            2994         2994         0            100.0%      

[1;37m[DVR][0m [37mINFO[0m stop() [EVENT] audio EOS sent (+100ms)
[1;37m[DVR][0m [37mINFO[0m stop() [EVENT] audio flush wait done (+150ms)
[1;37m[DVR][0m [37mINFO[0m stop() [EVENT] video EOS sent: yes (+150ms)
[1;37m[IO][0m [93mWARN[0m No suitable input devices found
[1;37m[DVR][0m [37mINFO[0m stop() [EVENT] EOS received: type=EOS (+341ms)
[1;37m[DVR][0m [37mINFO[0m stop() NULL complete at 0ms (+343ms)
[1;37m[DVR][0m [37mINFO[0m stop() [EVENT] NULL complete (+343ms)
[1;37m[DVR][0m [37mINFO[0m [95mRecording stopped [EVENT] (total: 343ms)[0m
[1;37m[DVR][0m [1;32mOK[0m [95mEvent recording stopped[0m
[1;37m[IO][0m [93mWARN[0m No suitable input devices found
[1;37m[IO][0m [93mWARN[0m No suitable input devices found
[1;37m[IO][0m [93mWARN[0m No suitable input devices found
[1;37m[IO][0m [93mWARN[0m No suitable input devices found
[1;37m[IO][0m [93mWARN[0m No suitable input devices found
[1;37m[IO][0m [93mWARN[0m No suitable input devices found
[1;37m[IO][0m [93mWARN[0m No suitable input devices found
[1;37m[DVR][0m [37mINFO[0m Checking Storage
[1;37m[IO][0m [93mWARN[0m No suitable input devices found
[1;37m[IO][0m [93mWARN[0m No suitable input devices found
[1;37m[IO][0m [93mWARN[0m No suitable input devices found
[1;37m[IO][0m [93mWARN[0m No suitable input devices found
[1;37m[IO][0m [93mWARN[0m No suitable input devices found
[1;37m[IO][0m [93mWARN[0m No suitable input devices found
[1;37m[IO][0m [93mWARN[0m No suitable input devices found
[1;37m[IO][0m [93mWARN[0m No suitable input devices found
[1;37m[IO][0m [93mWARN[0m No suitable input devices found
[1;37m[IO][0m [93mWARN[0m No suitable input devices found
[1;37m[DVR][0m [37mINFO[0m Checking Storage
[1;37m[IO][0m [93mWARN[0m No suitable input devices found
[1;37m[IO][0m [93mWARN[0m No suitable input devices found
[1;37m[IO][0m [93mWARN[0m No suitable input devices found
[1;37m[IO][0m [93mWARN[0m No suitable input devices found
[1;37m[IO][0m [93mWARN[0m No suitable input devices found
[1;37m[IO][0m [93mWARN[0m No suitable input devices found
[1;37m[IO][0m [93mWARN[0m No suitable input devices found
[1;37m[IO][0m [93mWARN[0m No suitable input devices found
[1;37m[IO][0m [93mWARN[0m No suitable input devices found
[1;37m[IO][0m [93mWARN[0m No suitable input devices found
[1;37m[IO][0m [93mWARN[0m No suitable input devices found
[1;37m[DVR][0m [37mINFO[0m Checking Storage
[1;37m[IO][0m [93mWARN[0m No suitable input devices found
[1;37m[IO][0m [93mWARN[0m No suitable input devices found
[1;37m[DVR][0m [37mINFO[0m Dr.Safe PUA Activated

[1;37m[GST][0m [1;36m=== FileWriter Pipeline ===[0m
[32mmp4mux name=mux fragment-duration=1000 ! filesink name=fsink location=/mnt/udisk/VideoFiles/Event/PUA/E_260606_092035_CH4_FR30_A.mp4 
appsrc name=dvr_source0 is-live=true do-timestamp=false format=time ! queue max-size-buffers=120 max-size-[New Thread 0x7ec77eeb60 (LWP 2275689)]
[New Thread 0x7ed5fbeb60 (LWP 2275690)]
[New Thread 0x7ed77eeb60 (LWP 2275691)]
[New Thread 0x7ed67ceb60 (LWP 2275692)]
[New Thread 0x7ef6fdeb60 (LWP 2275693)]
[New Thread 0x7ef67ceb60 (LWP 2275694)]
[New Thread 0x7ef5fbeb60 (LWP 2275695)]
[New Thread 0x7ef57aeb60 (LWP 2275696)]
[New Thread 0x7ef4f9eb60 (LWP 2275697)]
[New Thread 0x7ed7ffeb60 (LWP 2275698)]
[New Thread 0x7ed6fdeb60 (LWP 2275699)]
[New Thread 0x7ed57aeb60 (LWP 2275700)]
[New Thread 0x7ed4f9eb60 (LWP 2275701)]
[New Thread 0x7ec7ffeb60 (LWP 2275702)]
[Detaching after vfork from child process 2275841]
[Detaching after vfork from child process 2275842]
[New Thread 0x7ec6fdeb60 (LWP 2275986)]
[Detaching after vfork from child process 2275987]
[Detaching after vfork from child process 2275989]
[Thread 0x7ec6fdeb60 (LWP 2275986) exited]
time=0 max-size-bytes=0 ! mux.video_0 
appsrc name=dvr_source1 is-live=true do-timestamp=false format=time ! queue max-size-buffers=120 max-size-time=0 max-size-bytes=0 ! mux.video_1 
appsrc name=dvr_source2 is-live=true do-timestamp=false format=time ! queue max-size-buffers=120 max-size-time=0 max-size-bytes=0 ! mux.video_2 
appsrc name=dvr_source3 is-live=true do-timestamp=false format=time ! queue max-size-buffers=120 max-size-time=0 max-size-bytes=0 ! mux.video_3 
appsrc name=dvr_source2000 is-live=true do-timestamp=false format=time caps="text/x-raw,format=utf8" ! queue max-size-buffers=120 max-size-time=0 max-size-bytes=0 ! mux.subtitle_0 
appsrc name=dvr_audio_src is-live=true do-timestamp=false format=time caps=audio/mpeg,mpegversion=4,stream-format=adts ! queue max-size-buffers=200 max-size-time=0 max-size-bytes=0 flush-on-eos=true ! mux.audio_0 
[0m
[1;37m[DVR][0m [37mINFO[0m [TIMING][EVENT] gst_parse_launch: 1ms
[1;37m[DVR][0m [37mINFO[0m [TIMING] initialize: 2ms
[1;37m[DVR][0m [37mINFO[0m [TIMING][EVENT] parser wait: 0ms (ready=yes)
[1;37m[DVR][0m [37mINFO[0m [95mRecording started [EVENT]: /mnt/udisk/VideoFiles/Event/PUA/E_260606_092035_CH4_FR30_A.mp4[0m
[1;37m[DVR][0m [37mINFO[0m [95m  Duration: 10+20s | Channels: Ch0:30fps, Ch1:30fps, Ch2:30fps, Ch3:30fps | Audio: yes[0m
[1;37m[DVR][0m [37mINFO[0m [TIMING] start: 18ms
[1;37m[DVR][0m [36mDEBUG[0m Anchor set: ch0 srcPts=0:23:52.849941504
[1;37m[DVR][0m [36mDEBUG[0m Subtitle Anchor set: srcPts=0:23:53.649841978
[1;37m[DVR][0m [36mDEBUG[0m Audio Anchor set: srcPts=0:28:06.894285713
[1;37m[DVR][0m [36mDEBUG[0m writeAudio #0: srcPts=0:28:06.894285713 anchor(video)=0:23:52.849941504 filePts=0:00:00.000000000
[1;37m[DVR][0m [36mDEBUG[0m writeAudio #1: srcPts=0:28:06.917505668 anchor(video)=0:23:52.849941504 filePts=0:00:00.023219955
[1;37m[DVR][0m [36mDEBUG[0m writeAudio #2: srcPts=0:28:06.940725622 anchor(video)=0:23:52.849941504 filePts=0:00:00.046439909
[1;37m[DVR][0m [36mDEBUG[0m writeAudio #3: srcPts=0:28:06.963945577 anchor(video)=0:23:52.849941504 filePts=0:00:00.069659864
[1;37m[DVR][0m [36mDEBUG[0m writeAudio #4: srcPts=0:28:06.987165532 anchor(video)=0:23:52.849941504 filePts=0:00:00.092879819
[1;37m[DVR][0m [37mINFO[0m [TIMING] video/audio/subtitle flush (1650 frames): 27ms
[1;37m[DVR][0m [37mINFO[0m [TIMING] startEventRecording total: 47ms
[1;37m[IO][0m [93mWARN[0m No suitable input devices found
[1;37m[IO][0m [93mWARN[0m No suitable input devices found
[1;37m[IO][0m [93mWARN[0m No suitable input devices found
[1;37m[IO][0m [93mWARN[0m No suitable input devices found
[1;37m[IO][0m [93mWARN[0m No suitable input devices found
[1;37m[IO][0m [93mWARN[0m No suitable input devices found
[1;37m[IO][0m [93mWARN[0m No suitable input devices found
[1;37m[IO][0m [93mWARN[0m No suitable input devices found
[1;37m[DVR][0m [37mINFO[0m Checking Storage
[1;37m[IO][0m [93mWARN[0m No suitable input devices found
[1;37m[IO][0m [93mWARN[0m No suitable input devices found
[1;37m[DVR][0m [37mINFO[0m File rotation needed
[1;37m[DVR][0m [37mINFO[0m Rotating recording files
[1;37m[DVR][0m [37mINFO[0m Stopping [NORMAL]: /mnt/udisk/VideoFiles/Normal/N_260606_091944_#0_CH4_FR30_A.mp4

[1;37m[DVR][0m [1;36m=== Recording Statistics ===[0m
[1;37m[DVR][0m [37mINFO[0m Mode: NORMAL | Path: [48;5;58m/mnt/udisk/VideoFiles/Normal/N_260606_091944_#0_CH4_FR30_A.mp4[0m
[1;37m[DVR][0m [37mINFO[0m Resolution: 1920x1080 | Expected: 60s @ 30fps = 1800 frames/channel | Actual Duration: 60.6s
[1;36mChannel Statistics[0m
=============================================================================
Channel      FPS          Received     Processed    Dropped      Success     
-----------------------------------------------------------------------------
Ch0          30           0            0            0            0.0%        
Ch1          30           1796         1796         0            100.0%      
Ch2          30           1794         1794         0    [Detaching after vfork from child process 2276132]
[Detaching after vfork from child process 2276133]
[Thread 0x7ec7ffeb60 (LWP 2275702) exited]
[New Thread 0x7ec7ffeb60 (LWP 2276274)]
[Detaching after vfork from child process 2276275]
[Detaching after vfork from child process 2276277]
[Thread 0x7ec7ffeb60 (LWP 2276274) exited]
        100.0%      
Ch3          30           1796         1796         0            100.0%      
SUB          30           0            0            0            0.0%        
AUDIO        -            2607         2607         0            100.0%      
TOTAL        -            5386         5386         0            100.0%      

[1;37m[DVR][0m [37mINFO[0m stop() NULL complete at 0ms (+113ms)
[1;37m[DVR][0m [37mINFO[0m stop() [NORMAL] NULL complete (+113ms)
[1;37m[DVR][0m [37mINFO[0m Recording stopped [NORMAL] (total: 113ms)
[1;37m[DVR][0m [37mINFO[0m Split mode: 1 files (4 channels per file)
[1;37m[DVR][0m [37mINFO[0m Starting NORMAL recording

[1;37m[GST][0m [1;36m=== FileWriter Pipeline ===[0m
[32mmp4mux name=mux fragment-duration=1000 ! filesink name=fsink location=/mnt/udisk/VideoFiles/Normal/N_260606_092044_#0_CH4_FR30_A.mp4 
appsrc name=dvr_source0 is-live=true do-timestamp=false format=time ! queue max-size-buffers=120 max-size-time=0 max-size-bytes=0 ! mux.video_0 
appsrc name=dvr_source1 is-live=true do-timestamp=false format=time ! queue max-size-buffers=120 max-size-time=0 max-size-bytes=0 ! mux.video_1 
appsrc name=dvr_source2 is-live=true do-timestamp=false format=time ! queue max-size-buffers=120 max-size-time=0 max-size-bytes=0 ! mux.video_2 
appsrc name=dvr_source3 is-live=true do-timestamp=false format=time ! queue max-size-buffers=120 max-size-time=0 max-size-bytes=0 ! mux.video_3 
appsrc name=dvr_source1000 is-live=true do-timestamp=false format=time caps="text/x-raw,format=utf8" ! queue max-size-buffers=120 max-size-time=0 max-size-bytes=0 ! mux.subtitle_0 
appsrc name=dvr_audio_src is-live=true do-timestamp=false format=time caps=audio/mpeg,mpegversion=4,stream-format=adts ! queue max-size-buffers=200 max-size-time=0 max-size-bytes=0 flush-on-eos=true ! mux.audio_0 
[0m
[1;37m[DVR][0m [37mINFO[0m [TIMING][NORMAL] gst_parse_launch: 1ms
[1;37m[DVR][0m [37mINFO[0m [TIMING][NORMAL] parser wait: 0ms (ready=yes)
[1;37m[DVR][0m [37mINFO[0m Recording started [NORMAL]: /mnt/udisk/VideoFiles/Normal/N_260606_092044_#0_CH4_FR30_A.mp4
[1;37m[DVR][0m [37mINFO[0m   Duration: 60s | Channels: Ch0:30fps, Ch1:30fps, Ch2:30fps, Ch3:30fps | Audio: yes
[1;37m[DVR][0m [36mDEBUG[0m Anchor set: ch3 srcPts=0:28:26.221433531
[1;37m[DVR][0m [36mDEBUG[0m Audio Anchor set: srcPts=0:28:26.166848071
[1;37m[DVR][0m [36mDEBUG[0m writeAudio #0: srcPts=0:28:26.166848071 anchor(video)=0:28:26.221433531 filePts=0:00:00.000000000
[1;37m[DVR][0m [36mDEBUG[0m writeAudio #1: srcPts=0:28:26.190068026 anchor(video)=0:28:26.221433531 filePts=0:00:00.023219955
[1;37m[DVR][0m [36mDEBUG[0m writeAudio #2: srcPts=0:28:26.213287981 anchor(video)=0:28:26.221433531 filePts=0:00:00.046439910
[1;37m[DVR][0m [36mDEBUG[0m writeAudio #3: srcPts=0:28:26.236507935 anchor(video)=0:28:26.221433531 filePts=0:00:00.069659864
[1;37m[DVR][0m [36mDEBUG[0m writeAudio #4: srcPts=0:28:26.259727890 anchor(video)=0:28:26.221433531 filePts=0:00:00.092879819
[1;37m[IO][0m [93mWARN[0m No suitable input devices found
[1;37m[IO][0m [93mWARN[0m No suitable input devices found
[1;37m[IO][0m [93mWARN[0m No suitable input devices found
[1;37m[IO][0m [93mWARN[0m No suitable input devices found
[1;37m[IO][0m [93mWARN[0m No suitable input devices found
[1;37m[IO][0m [93mWARN[0m No suitable input devices found
[1;37m[IO][0m [93mWARN[0m No suitable input devices found
[1;37m[IO][0m [93mWARN[0m No suitable input devices found
[1;37m[IO][0m [93mWARN[0m No suitable input devices found
[1;37m[DVR][0m [37mINFO[0m Checking Storage
[1;37m[IO][0m [93mWARN[0m No suitable input devices found
[1;37m[IO][0m [93mWARN[0m No suitable input devices found
[1;37m[DVR][0m [37mINFO[0m [95mStopping [EVENT]: /mnt/udisk/VideoFiles/Event/PUA/E_260606_092035_CH4_FR30_A.mp4[0m

[1;37m[DVR][0m [1;36m=== Recording Statistics ===[0m
[1;37m[DVR][0m [37mINFO[0m Mode: EVENT | Path: [48;5;58m/mnt/udisk/VideoFiles/Event/PUA/E_260606_092035_CH4_FR30_A.mp4[0m
[1;37m[DVR][0m [37mINFO[Thread 0x7ed5fbeb60 (LWP 2275690) exited]
[Thread 0x7ed77eeb60 (LWP 2275691) exited]
[Thread 0x7ef5fbeb60 (LWP 2275695) exited]
[Thread 0x7ed4f9eb60 (LWP 2275701) exited]
[Thread 0x7ef57aeb60 (LWP 2275696) exited]
[Thread 0x7ed6fdeb60 (LWP 2275699) exited]
[Thread 0x7ed7ffeb60 (LWP 2275698) exited]
[Thread 0x7ef4f9eb60 (LWP 2275697) exited]
[Thread 0x7ef67ceb60 (LWP 2275694) exited]
[Thread 0x7ef6fdeb60 (LWP 2275693) exited]
[Thread 0x7ed57aeb60 (LWP 2275700) exited]
[Thread 0x7ed67ceb60 (LWP 2275692) exited]
[Detaching after vfork from child process 2276419]
[Detaching after vfork from child process 2276420]
[New Thread 0x7ed67ceb60 (LWP 2276561)]
[Detaching after vfork from child process 2276562]
[Detaching after vfork from child process 2276564]
[Thread 0x7ed67ceb60 (LWP 2276561) exited]
